ISO-10303-21;
HEADER;
/* Generated by software containing ST-Developer
 * from STEP Tools, Inc. (www.steptools.com) 
 */
/* OPTION: using custom schema-name function */

FILE_DESCRIPTION(
/* description */ (''),
/* implementation_level */ '2;1');

FILE_NAME(
/* name */ 'A01_Batterie-Halterung.stp',
/* time_stamp */ '2026-09-06T09:23:53+02:00',
/* author */ (''),
/* organization */ (''),
/* preprocessor_version */ 'ST-DEVELOPER v20',
/* originating_system */ 'SIEMENS PLM Software NX2406.3002',
/* authorisation */ '');

FILE_SCHEMA (('AUTOMOTIVE_DESIGN { 1 0 10303 214 3 1 1 1 }'));
ENDSEC;

DATA;
#10=SHAPE_REPRESENTATION_RELATIONSHIP('None',
'relationship between A01_Batterie-Halterung-None and A01_Batterie-Hal
terung-None',#22,#11);
#11=ADVANCED_BREP_SHAPE_REPRESENTATION('A01_Batterie-Halterung-None',(#32),
#4158);
#12=SHAPE_DEFINITION_REPRESENTATION(#13,#22);
#13=PRODUCT_DEFINITION_SHAPE('','',#14);
#14=PRODUCT_DEFINITION(' ','',#16,#15);
#15=PRODUCT_DEFINITION_CONTEXT('part definition',#21,'design');
#16=PRODUCT_DEFINITION_FORMATION_WITH_SPECIFIED_SOURCE(' ',' ',#18,
 .NOT_KNOWN.);
#17=PRODUCT_RELATED_PRODUCT_CATEGORY('part','',(#18));
#18=PRODUCT('A01_Batterie-Halterung','A01_Batterie-Halterung',' ',(#19));
#19=PRODUCT_CONTEXT(' ',#21,'mechanical');
#20=APPLICATION_PROTOCOL_DEFINITION('international standard',
'automotive_design',2010,#21);
#21=APPLICATION_CONTEXT(
'core data for automotive mechanical design processes');
#22=SHAPE_REPRESENTATION('A01_Batterie-Halterung-None',(#2473),#4158);
#23=PRESENTATION_LAYER_ASSIGNMENT('1','Layer 1',(#32));
#24=STYLED_ITEM('',(#25),#32);
#25=PRESENTATION_STYLE_ASSIGNMENT((#26));
#26=SURFACE_STYLE_USAGE(.BOTH.,#27);
#27=SURFACE_SIDE_STYLE('',(#28));
#28=SURFACE_STYLE_FILL_AREA(#29);
#29=FILL_AREA_STYLE('',(#30));
#30=FILL_AREA_STYLE_COLOUR('',#31);
#31=COLOUR_RGB('medium steel',0.596078431372549,0.666666666666667,0.686274509803922);
#32=MANIFOLD_SOLID_BREP('',#33);
#33=CLOSED_SHELL('',(#199,#200,#201,#202,#203,#204,#205,#206,#207,#208,
#209,#210,#211,#212,#213,#214,#215,#216,#217,#218,#219,#220,#221,#222,#223,
#224,#225,#226,#227,#228,#229,#230,#231,#232,#233,#234,#235,#236,#237,#238,
#239,#240,#241,#242,#243,#244,#245,#246,#247,#248,#249,#250,#251,#252,#253,
#254,#255,#256,#257,#258,#259,#260,#261,#262,#263,#264,#265,#266,#267,#268,
#269,#270,#271,#272,#273,#274,#275,#276,#277,#278,#279,#280,#281,#282,#283,
#284,#285,#286,#287,#288,#289,#290,#291,#292,#293,#294,#295,#296,#297,#298,
#299,#300,#301,#302,#303,#304,#305,#306,#307,#308,#309,#310,#311,#312,#313,
#314,#315,#316,#317,#318,#319,#320,#321));
#34=CYLINDRICAL_SURFACE('',#2525,2.5);
#35=CYLINDRICAL_SURFACE('',#2529,11.5);
#36=CYLINDRICAL_SURFACE('',#2535,9.50000000000001);
#37=CYLINDRICAL_SURFACE('',#2539,9.5);
#38=CYLINDRICAL_SURFACE('',#2543,6.5);
#39=CYLINDRICAL_SURFACE('',#2547,2.5);
#40=CYLINDRICAL_SURFACE('',#2658,5.);
#41=CYLINDRICAL_SURFACE('',#2659,5.);
#42=CYLINDRICAL_SURFACE('',#2660,5.);
#43=CYLINDRICAL_SURFACE('',#2661,0.7);
#44=CYLINDRICAL_SURFACE('',#2662,0.7);
#45=CYLINDRICAL_SURFACE('',#2663,0.7);
#46=CYLINDRICAL_SURFACE('',#2664,0.7);
#47=CYLINDRICAL_SURFACE('',#2665,0.7);
#48=CYLINDRICAL_SURFACE('',#2666,0.7);
#49=CYLINDRICAL_SURFACE('',#2667,0.7);
#50=CYLINDRICAL_SURFACE('',#2668,0.7);
#51=CYLINDRICAL_SURFACE('',#2669,0.7);
#52=CYLINDRICAL_SURFACE('',#2670,0.7);
#53=CYLINDRICAL_SURFACE('',#2671,0.7);
#54=CYLINDRICAL_SURFACE('',#2672,0.7);
#55=CYLINDRICAL_SURFACE('',#2673,0.7);
#56=CYLINDRICAL_SURFACE('',#2674,0.7);
#57=CYLINDRICAL_SURFACE('',#2675,0.7);
#58=CYLINDRICAL_SURFACE('',#2676,0.7);
#59=CYLINDRICAL_SURFACE('',#2677,0.7);
#60=CYLINDRICAL_SURFACE('',#2678,0.7);
#61=CYLINDRICAL_SURFACE('',#2679,0.7);
#62=CYLINDRICAL_SURFACE('',#2680,0.7);
#63=CYLINDRICAL_SURFACE('',#2681,0.7);
#64=CYLINDRICAL_SURFACE('',#2682,0.7);
#65=CYLINDRICAL_SURFACE('',#2683,0.7);
#66=CYLINDRICAL_SURFACE('',#2684,0.7);
#67=CYLINDRICAL_SURFACE('',#2685,0.7);
#68=CYLINDRICAL_SURFACE('',#2686,0.7);
#69=CYLINDRICAL_SURFACE('',#2687,0.7);
#70=CYLINDRICAL_SURFACE('',#2688,0.7);
#71=CYLINDRICAL_SURFACE('',#2689,0.7);
#72=CYLINDRICAL_SURFACE('',#2690,0.7);
#73=CYLINDRICAL_SURFACE('',#2691,0.7);
#74=CYLINDRICAL_SURFACE('',#2692,0.7);
#75=CYLINDRICAL_SURFACE('',#2693,0.7);
#76=CYLINDRICAL_SURFACE('',#2694,0.7);
#77=CYLINDRICAL_SURFACE('',#2695,0.7);
#78=CYLINDRICAL_SURFACE('',#2696,0.7);
#79=CYLINDRICAL_SURFACE('',#2697,0.7);
#80=CYLINDRICAL_SURFACE('',#2698,0.7);
#81=CYLINDRICAL_SURFACE('',#2699,0.7);
#82=CYLINDRICAL_SURFACE('',#2700,0.7);
#83=CYLINDRICAL_SURFACE('',#2701,0.7);
#84=CYLINDRICAL_SURFACE('',#2702,0.7);
#85=CYLINDRICAL_SURFACE('',#2703,0.7);
#86=CYLINDRICAL_SURFACE('',#2704,4.);
#87=CYLINDRICAL_SURFACE('',#2705,4.);
#88=CYLINDRICAL_SURFACE('',#2706,4.);
#89=CIRCLE('',#2523,2.5);
#90=CIRCLE('',#2524,2.5);
#91=CIRCLE('',#2527,11.5);
#92=CIRCLE('',#2528,11.5);
#93=CIRCLE('',#2533,9.50000000000001);
#94=CIRCLE('',#2534,9.50000000000001);
#95=CIRCLE('',#2537,9.5);
#96=CIRCLE('',#2538,9.5);
#97=CIRCLE('',#2541,6.5);
#98=CIRCLE('',#2542,6.5);
#99=CIRCLE('',#2545,2.5);
#100=CIRCLE('',#2546,2.5);
#101=CIRCLE('',#2558,0.7);
#102=CIRCLE('',#2559,0.7);
#103=CIRCLE('',#2560,0.7);
#104=CIRCLE('',#2561,0.7);
#105=CIRCLE('',#2562,0.7);
#106=CIRCLE('',#2563,0.7);
#107=CIRCLE('',#2564,0.7);
#108=CIRCLE('',#2565,0.7);
#109=CIRCLE('',#2566,0.7);
#110=CIRCLE('',#2567,0.7);
#111=CIRCLE('',#2568,0.7);
#112=CIRCLE('',#2569,0.7);
#113=CIRCLE('',#2570,0.7);
#114=CIRCLE('',#2571,0.7);
#115=CIRCLE('',#2572,0.7);
#116=CIRCLE('',#2573,0.7);
#117=CIRCLE('',#2574,0.7);
#118=CIRCLE('',#2575,0.7);
#119=CIRCLE('',#2576,0.7);
#120=CIRCLE('',#2577,0.7);
#121=CIRCLE('',#2578,0.7);
#122=CIRCLE('',#2579,0.7);
#123=CIRCLE('',#2580,0.7);
#124=CIRCLE('',#2581,0.7);
#125=CIRCLE('',#2582,0.7);
#126=CIRCLE('',#2583,0.7);
#127=CIRCLE('',#2584,0.7);
#128=CIRCLE('',#2585,0.7);
#129=CIRCLE('',#2586,0.7);
#130=CIRCLE('',#2587,0.7);
#131=CIRCLE('',#2588,0.7);
#132=CIRCLE('',#2589,0.7);
#133=CIRCLE('',#2590,5.);
#134=CIRCLE('',#2591,4.);
#135=CIRCLE('',#2592,4.);
#136=CIRCLE('',#2593,0.7);
#137=CIRCLE('',#2594,0.7);
#138=CIRCLE('',#2595,0.7);
#139=CIRCLE('',#2596,0.7);
#140=CIRCLE('',#2597,0.7);
#141=CIRCLE('',#2598,5.);
#142=CIRCLE('',#2599,0.7);
#143=CIRCLE('',#2600,0.7);
#144=CIRCLE('',#2601,0.7);
#145=CIRCLE('',#2602,0.7);
#146=CIRCLE('',#2603,4.);
#147=CIRCLE('',#2604,5.);
#148=CIRCLE('',#2605,0.7);
#149=CIRCLE('',#2606,0.7);
#150=CIRCLE('',#2608,0.7);
#151=CIRCLE('',#2609,0.7);
#152=CIRCLE('',#2610,0.7);
#153=CIRCLE('',#2611,0.7);
#154=CIRCLE('',#2612,5.);
#155=CIRCLE('',#2613,4.);
#156=CIRCLE('',#2614,0.7);
#157=CIRCLE('',#2615,0.7);
#158=CIRCLE('',#2616,0.7);
#159=CIRCLE('',#2617,0.7);
#160=CIRCLE('',#2618,5.);
#161=CIRCLE('',#2619,0.7);
#162=CIRCLE('',#2620,0.7);
#163=CIRCLE('',#2621,0.7);
#164=CIRCLE('',#2622,0.7);
#165=CIRCLE('',#2623,0.7);
#166=CIRCLE('',#2624,4.);
#167=CIRCLE('',#2625,4.);
#168=CIRCLE('',#2626,5.);
#169=CIRCLE('',#2627,0.7);
#170=CIRCLE('',#2628,0.7);
#171=CIRCLE('',#2629,0.7);
#172=CIRCLE('',#2630,0.7);
#173=CIRCLE('',#2631,0.7);
#174=CIRCLE('',#2632,0.7);
#175=CIRCLE('',#2633,0.7);
#176=CIRCLE('',#2634,0.7);
#177=CIRCLE('',#2635,0.7);
#178=CIRCLE('',#2636,0.7);
#179=CIRCLE('',#2637,0.7);
#180=CIRCLE('',#2638,0.7);
#181=CIRCLE('',#2639,0.7);
#182=CIRCLE('',#2640,0.7);
#183=CIRCLE('',#2641,0.7);
#184=CIRCLE('',#2642,0.7);
#185=CIRCLE('',#2643,0.7);
#186=CIRCLE('',#2644,0.7);
#187=CIRCLE('',#2645,0.7);
#188=CIRCLE('',#2646,0.7);
#189=CIRCLE('',#2647,0.7);
#190=CIRCLE('',#2648,0.7);
#191=CIRCLE('',#2649,0.7);
#192=CIRCLE('',#2650,0.7);
#193=CIRCLE('',#2651,0.7);
#194=CIRCLE('',#2652,0.7);
#195=CIRCLE('',#2653,0.7);
#196=CIRCLE('',#2654,0.7);
#197=CIRCLE('',#2655,0.7);
#198=CIRCLE('',#2656,0.7);
#199=ADVANCED_FACE('',(#390),#322,.F.);
#200=ADVANCED_FACE('',(#391),#323,.F.);
#201=ADVANCED_FACE('',(#392),#324,.F.);
#202=ADVANCED_FACE('',(#393),#325,.F.);
#203=ADVANCED_FACE('',(#394),#326,.F.);
#204=ADVANCED_FACE('',(#395),#327,.F.);
#205=ADVANCED_FACE('',(#396),#328,.F.);
#206=ADVANCED_FACE('',(#397),#329,.F.);
#207=ADVANCED_FACE('',(#398),#330,.F.);
#208=ADVANCED_FACE('',(#399),#331,.F.);
#209=ADVANCED_FACE('',(#400),#332,.F.);
#210=ADVANCED_FACE('',(#401),#333,.F.);
#211=ADVANCED_FACE('',(#402),#334,.F.);
#212=ADVANCED_FACE('',(#403),#335,.F.);
#213=ADVANCED_FACE('',(#404),#336,.F.);
#214=ADVANCED_FACE('',(#405),#337,.F.);
#215=ADVANCED_FACE('',(#406),#338,.F.);
#216=ADVANCED_FACE('',(#407),#339,.F.);
#217=ADVANCED_FACE('',(#408),#340,.F.);
#218=ADVANCED_FACE('',(#409),#341,.F.);
#219=ADVANCED_FACE('',(#410),#342,.F.);
#220=ADVANCED_FACE('',(#411),#343,.F.);
#221=ADVANCED_FACE('',(#412),#344,.F.);
#222=ADVANCED_FACE('',(#413),#345,.F.);
#223=ADVANCED_FACE('',(#414),#346,.F.);
#224=ADVANCED_FACE('',(#415),#347,.F.);
#225=ADVANCED_FACE('',(#416),#348,.F.);
#226=ADVANCED_FACE('',(#417),#349,.F.);
#227=ADVANCED_FACE('',(#418),#350,.F.);
#228=ADVANCED_FACE('',(#419),#351,.F.);
#229=ADVANCED_FACE('',(#420),#352,.F.);
#230=ADVANCED_FACE('',(#421),#353,.F.);
#231=ADVANCED_FACE('',(#422),#354,.F.);
#232=ADVANCED_FACE('',(#423),#355,.F.);
#233=ADVANCED_FACE('',(#424),#356,.F.);
#234=ADVANCED_FACE('',(#425),#357,.F.);
#235=ADVANCED_FACE('',(#426),#358,.F.);
#236=ADVANCED_FACE('',(#427),#359,.F.);
#237=ADVANCED_FACE('',(#428),#360,.F.);
#238=ADVANCED_FACE('',(#429),#361,.F.);
#239=ADVANCED_FACE('',(#430),#362,.F.);
#240=ADVANCED_FACE('',(#431),#363,.F.);
#241=ADVANCED_FACE('',(#432),#364,.F.);
#242=ADVANCED_FACE('',(#433),#365,.F.);
#243=ADVANCED_FACE('',(#434),#366,.F.);
#244=ADVANCED_FACE('',(#435),#367,.F.);
#245=ADVANCED_FACE('',(#436),#368,.F.);
#246=ADVANCED_FACE('',(#437),#369,.F.);
#247=ADVANCED_FACE('',(#438),#370,.F.);
#248=ADVANCED_FACE('',(#439),#34,.F.);
#249=ADVANCED_FACE('',(#440),#371,.F.);
#250=ADVANCED_FACE('',(#441),#35,.T.);
#251=ADVANCED_FACE('',(#442),#372,.F.);
#252=ADVANCED_FACE('',(#443),#373,.F.);
#253=ADVANCED_FACE('',(#444),#374,.F.);
#254=ADVANCED_FACE('',(#445),#36,.F.);
#255=ADVANCED_FACE('',(#446),#375,.F.);
#256=ADVANCED_FACE('',(#447),#37,.F.);
#257=ADVANCED_FACE('',(#448),#376,.F.);
#258=ADVANCED_FACE('',(#449),#38,.T.);
#259=ADVANCED_FACE('',(#450),#377,.F.);
#260=ADVANCED_FACE('',(#451),#39,.F.);
#261=ADVANCED_FACE('',(#452),#378,.F.);
#262=ADVANCED_FACE('',(#453),#379,.F.);
#263=ADVANCED_FACE('',(#454),#380,.F.);
#264=ADVANCED_FACE('',(#455),#381,.F.);
#265=ADVANCED_FACE('',(#456),#382,.F.);
#266=ADVANCED_FACE('',(#457),#383,.F.);
#267=ADVANCED_FACE('',(#458),#384,.F.);
#268=ADVANCED_FACE('',(#459),#385,.F.);
#269=ADVANCED_FACE('',(#460),#386,.F.);
#270=ADVANCED_FACE('',(#461),#387,.F.);
#271=ADVANCED_FACE('',(#462),#388,.F.);
#272=ADVANCED_FACE('',(#463),#389,.T.);
#273=ADVANCED_FACE('',(#464),#40,.T.);
#274=ADVANCED_FACE('',(#465),#41,.T.);
#275=ADVANCED_FACE('',(#466),#42,.T.);
#276=ADVANCED_FACE('',(#467),#43,.T.);
#277=ADVANCED_FACE('',(#468),#44,.F.);
#278=ADVANCED_FACE('',(#469),#45,.T.);
#279=ADVANCED_FACE('',(#470),#46,.F.);
#280=ADVANCED_FACE('',(#471),#47,.T.);
#281=ADVANCED_FACE('',(#472),#48,.F.);
#282=ADVANCED_FACE('',(#473),#49,.T.);
#283=ADVANCED_FACE('',(#474),#50,.F.);
#284=ADVANCED_FACE('',(#475),#51,.T.);
#285=ADVANCED_FACE('',(#476),#52,.F.);
#286=ADVANCED_FACE('',(#477),#53,.T.);
#287=ADVANCED_FACE('',(#478),#54,.T.);
#288=ADVANCED_FACE('',(#479),#55,.T.);
#289=ADVANCED_FACE('',(#480),#56,.F.);
#290=ADVANCED_FACE('',(#481),#57,.F.);
#291=ADVANCED_FACE('',(#482),#58,.T.);
#292=ADVANCED_FACE('',(#483),#59,.T.);
#293=ADVANCED_FACE('',(#484),#60,.T.);
#294=ADVANCED_FACE('',(#485),#61,.T.);
#295=ADVANCED_FACE('',(#486),#62,.T.);
#296=ADVANCED_FACE('',(#487),#63,.T.);
#297=ADVANCED_FACE('',(#488),#64,.T.);
#298=ADVANCED_FACE('',(#489),#65,.T.);
#299=ADVANCED_FACE('',(#490),#66,.T.);
#300=ADVANCED_FACE('',(#491),#67,.T.);
#301=ADVANCED_FACE('',(#492),#68,.T.);
#302=ADVANCED_FACE('',(#493),#69,.T.);
#303=ADVANCED_FACE('',(#494),#70,.T.);
#304=ADVANCED_FACE('',(#495),#71,.T.);
#305=ADVANCED_FACE('',(#496),#72,.T.);
#306=ADVANCED_FACE('',(#497),#73,.T.);
#307=ADVANCED_FACE('',(#498),#74,.T.);
#308=ADVANCED_FACE('',(#499),#75,.T.);
#309=ADVANCED_FACE('',(#500),#76,.T.);
#310=ADVANCED_FACE('',(#501),#77,.T.);
#311=ADVANCED_FACE('',(#502),#78,.T.);
#312=ADVANCED_FACE('',(#503),#79,.T.);
#313=ADVANCED_FACE('',(#504),#80,.T.);
#314=ADVANCED_FACE('',(#505),#81,.T.);
#315=ADVANCED_FACE('',(#506),#82,.T.);
#316=ADVANCED_FACE('',(#507),#83,.T.);
#317=ADVANCED_FACE('',(#508),#84,.T.);
#318=ADVANCED_FACE('',(#509),#85,.T.);
#319=ADVANCED_FACE('',(#510),#86,.F.);
#320=ADVANCED_FACE('',(#511),#87,.F.);
#321=ADVANCED_FACE('',(#512),#88,.F.);
#322=PLANE('',#2474);
#323=PLANE('',#2475);
#324=PLANE('',#2476);
#325=PLANE('',#2477);
#326=PLANE('',#2478);
#327=PLANE('',#2479);
#328=PLANE('',#2480);
#329=PLANE('',#2481);
#330=PLANE('',#2482);
#331=PLANE('',#2483);
#332=PLANE('',#2484);
#333=PLANE('',#2485);
#334=PLANE('',#2486);
#335=PLANE('',#2487);
#336=PLANE('',#2488);
#337=PLANE('',#2489);
#338=PLANE('',#2490);
#339=PLANE('',#2491);
#340=PLANE('',#2492);
#341=PLANE('',#2493);
#342=PLANE('',#2494);
#343=PLANE('',#2495);
#344=PLANE('',#2496);
#345=PLANE('',#2497);
#346=PLANE('',#2498);
#347=PLANE('',#2499);
#348=PLANE('',#2500);
#349=PLANE('',#2501);
#350=PLANE('',#2502);
#351=PLANE('',#2503);
#352=PLANE('',#2504);
#353=PLANE('',#2505);
#354=PLANE('',#2506);
#355=PLANE('',#2507);
#356=PLANE('',#2508);
#357=PLANE('',#2509);
#358=PLANE('',#2510);
#359=PLANE('',#2511);
#360=PLANE('',#2512);
#361=PLANE('',#2513);
#362=PLANE('',#2514);
#363=PLANE('',#2515);
#364=PLANE('',#2516);
#365=PLANE('',#2517);
#366=PLANE('',#2518);
#367=PLANE('',#2519);
#368=PLANE('',#2520);
#369=PLANE('',#2521);
#370=PLANE('',#2522);
#371=PLANE('',#2526);
#372=PLANE('',#2530);
#373=PLANE('',#2531);
#374=PLANE('',#2532);
#375=PLANE('',#2536);
#376=PLANE('',#2540);
#377=PLANE('',#2544);
#378=PLANE('',#2548);
#379=PLANE('',#2549);
#380=PLANE('',#2550);
#381=PLANE('',#2551);
#382=PLANE('',#2552);
#383=PLANE('',#2553);
#384=PLANE('',#2554);
#385=PLANE('',#2555);
#386=PLANE('',#2556);
#387=PLANE('',#2557);
#388=PLANE('',#2607);
#389=PLANE('',#2657);
#390=FACE_OUTER_BOUND('',#513,.T.);
#391=FACE_OUTER_BOUND('',#514,.T.);
#392=FACE_OUTER_BOUND('',#515,.T.);
#393=FACE_OUTER_BOUND('',#516,.T.);
#394=FACE_OUTER_BOUND('',#517,.T.);
#395=FACE_OUTER_BOUND('',#518,.T.);
#396=FACE_OUTER_BOUND('',#519,.T.);
#397=FACE_OUTER_BOUND('',#520,.T.);
#398=FACE_OUTER_BOUND('',#521,.T.);
#399=FACE_OUTER_BOUND('',#522,.T.);
#400=FACE_OUTER_BOUND('',#523,.T.);
#401=FACE_OUTER_BOUND('',#524,.T.);
#402=FACE_OUTER_BOUND('',#525,.T.);
#403=FACE_OUTER_BOUND('',#526,.T.);
#404=FACE_OUTER_BOUND('',#527,.T.);
#405=FACE_OUTER_BOUND('',#528,.T.);
#406=FACE_OUTER_BOUND('',#529,.T.);
#407=FACE_OUTER_BOUND('',#530,.T.);
#408=FACE_OUTER_BOUND('',#531,.T.);
#409=FACE_OUTER_BOUND('',#532,.T.);
#410=FACE_OUTER_BOUND('',#533,.T.);
#411=FACE_OUTER_BOUND('',#534,.T.);
#412=FACE_OUTER_BOUND('',#535,.T.);
#413=FACE_OUTER_BOUND('',#536,.T.);
#414=FACE_OUTER_BOUND('',#537,.T.);
#415=FACE_OUTER_BOUND('',#538,.T.);
#416=FACE_OUTER_BOUND('',#539,.T.);
#417=FACE_OUTER_BOUND('',#540,.T.);
#418=FACE_OUTER_BOUND('',#541,.T.);
#419=FACE_OUTER_BOUND('',#542,.T.);
#420=FACE_OUTER_BOUND('',#543,.T.);
#421=FACE_OUTER_BOUND('',#544,.T.);
#422=FACE_OUTER_BOUND('',#545,.T.);
#423=FACE_OUTER_BOUND('',#546,.T.);
#424=FACE_OUTER_BOUND('',#547,.T.);
#425=FACE_OUTER_BOUND('',#548,.T.);
#426=FACE_OUTER_BOUND('',#549,.T.);
#427=FACE_OUTER_BOUND('',#550,.T.);
#428=FACE_OUTER_BOUND('',#551,.T.);
#429=FACE_OUTER_BOUND('',#552,.T.);
#430=FACE_OUTER_BOUND('',#553,.T.);
#431=FACE_OUTER_BOUND('',#554,.T.);
#432=FACE_OUTER_BOUND('',#555,.T.);
#433=FACE_OUTER_BOUND('',#556,.T.);
#434=FACE_OUTER_BOUND('',#557,.T.);
#435=FACE_OUTER_BOUND('',#558,.T.);
#436=FACE_OUTER_BOUND('',#559,.T.);
#437=FACE_OUTER_BOUND('',#560,.T.);
#438=FACE_OUTER_BOUND('',#561,.T.);
#439=FACE_OUTER_BOUND('',#562,.T.);
#440=FACE_OUTER_BOUND('',#563,.T.);
#441=FACE_OUTER_BOUND('',#564,.T.);
#442=FACE_OUTER_BOUND('',#565,.T.);
#443=FACE_OUTER_BOUND('',#566,.T.);
#444=FACE_OUTER_BOUND('',#567,.T.);
#445=FACE_OUTER_BOUND('',#568,.T.);
#446=FACE_OUTER_BOUND('',#569,.T.);
#447=FACE_OUTER_BOUND('',#570,.T.);
#448=FACE_OUTER_BOUND('',#571,.T.);
#449=FACE_OUTER_BOUND('',#572,.T.);
#450=FACE_OUTER_BOUND('',#573,.T.);
#451=FACE_OUTER_BOUND('',#574,.T.);
#452=FACE_OUTER_BOUND('',#575,.T.);
#453=FACE_OUTER_BOUND('',#576,.T.);
#454=FACE_OUTER_BOUND('',#577,.T.);
#455=FACE_OUTER_BOUND('',#578,.T.);
#456=FACE_OUTER_BOUND('',#579,.T.);
#457=FACE_OUTER_BOUND('',#580,.T.);
#458=FACE_OUTER_BOUND('',#581,.T.);
#459=FACE_OUTER_BOUND('',#582,.T.);
#460=FACE_OUTER_BOUND('',#583,.T.);
#461=FACE_OUTER_BOUND('',#584,.T.);
#462=FACE_OUTER_BOUND('',#585,.T.);
#463=FACE_OUTER_BOUND('',#586,.T.);
#464=FACE_OUTER_BOUND('',#587,.T.);
#465=FACE_OUTER_BOUND('',#588,.T.);
#466=FACE_OUTER_BOUND('',#589,.T.);
#467=FACE_OUTER_BOUND('',#590,.T.);
#468=FACE_OUTER_BOUND('',#591,.T.);
#469=FACE_OUTER_BOUND('',#592,.T.);
#470=FACE_OUTER_BOUND('',#593,.T.);
#471=FACE_OUTER_BOUND('',#594,.T.);
#472=FACE_OUTER_BOUND('',#595,.T.);
#473=FACE_OUTER_BOUND('',#596,.T.);
#474=FACE_OUTER_BOUND('',#597,.T.);
#475=FACE_OUTER_BOUND('',#598,.T.);
#476=FACE_OUTER_BOUND('',#599,.T.);
#477=FACE_OUTER_BOUND('',#600,.T.);
#478=FACE_OUTER_BOUND('',#601,.T.);
#479=FACE_OUTER_BOUND('',#602,.T.);
#480=FACE_OUTER_BOUND('',#603,.T.);
#481=FACE_OUTER_BOUND('',#604,.T.);
#482=FACE_OUTER_BOUND('',#605,.T.);
#483=FACE_OUTER_BOUND('',#606,.T.);
#484=FACE_OUTER_BOUND('',#607,.T.);
#485=FACE_OUTER_BOUND('',#608,.T.);
#486=FACE_OUTER_BOUND('',#609,.T.);
#487=FACE_OUTER_BOUND('',#610,.T.);
#488=FACE_OUTER_BOUND('',#611,.T.);
#489=FACE_OUTER_BOUND('',#612,.T.);
#490=FACE_OUTER_BOUND('',#613,.T.);
#491=FACE_OUTER_BOUND('',#614,.T.);
#492=FACE_OUTER_BOUND('',#615,.T.);
#493=FACE_OUTER_BOUND('',#616,.T.);
#494=FACE_OUTER_BOUND('',#617,.T.);
#495=FACE_OUTER_BOUND('',#618,.T.);
#496=FACE_OUTER_BOUND('',#619,.T.);
#497=FACE_OUTER_BOUND('',#620,.T.);
#498=FACE_OUTER_BOUND('',#621,.T.);
#499=FACE_OUTER_BOUND('',#622,.T.);
#500=FACE_OUTER_BOUND('',#623,.T.);
#501=FACE_OUTER_BOUND('',#624,.T.);
#502=FACE_OUTER_BOUND('',#625,.T.);
#503=FACE_OUTER_BOUND('',#626,.T.);
#504=FACE_OUTER_BOUND('',#627,.T.);
#505=FACE_OUTER_BOUND('',#628,.T.);
#506=FACE_OUTER_BOUND('',#629,.T.);
#507=FACE_OUTER_BOUND('',#630,.T.);
#508=FACE_OUTER_BOUND('',#631,.T.);
#509=FACE_OUTER_BOUND('',#632,.T.);
#510=FACE_OUTER_BOUND('',#633,.T.);
#511=FACE_OUTER_BOUND('',#634,.T.);
#512=FACE_OUTER_BOUND('',#635,.T.);
#513=EDGE_LOOP('',(#636,#637,#638,#639));
#514=EDGE_LOOP('',(#640,#641,#642,#643));
#515=EDGE_LOOP('',(#644,#645,#646,#647));
#516=EDGE_LOOP('',(#648,#649,#650,#651));
#517=EDGE_LOOP('',(#652,#653,#654,#655));
#518=EDGE_LOOP('',(#656,#657,#658,#659));
#519=EDGE_LOOP('',(#660,#661,#662,#663));
#520=EDGE_LOOP('',(#664,#665,#666,#667));
#521=EDGE_LOOP('',(#668,#669,#670,#671));
#522=EDGE_LOOP('',(#672,#673,#674,#675));
#523=EDGE_LOOP('',(#676,#677,#678,#679));
#524=EDGE_LOOP('',(#680,#681,#682,#683));
#525=EDGE_LOOP('',(#684,#685,#686,#687));
#526=EDGE_LOOP('',(#688,#689,#690,#691));
#527=EDGE_LOOP('',(#692,#693,#694,#695));
#528=EDGE_LOOP('',(#696,#697,#698,#699));
#529=EDGE_LOOP('',(#700,#701,#702,#703));
#530=EDGE_LOOP('',(#704,#705,#706,#707));
#531=EDGE_LOOP('',(#708,#709,#710,#711));
#532=EDGE_LOOP('',(#712,#713,#714,#715));
#533=EDGE_LOOP('',(#716,#717,#718,#719));
#534=EDGE_LOOP('',(#720,#721,#722,#723));
#535=EDGE_LOOP('',(#724,#725,#726,#727));
#536=EDGE_LOOP('',(#728,#729,#730,#731));
#537=EDGE_LOOP('',(#732,#733,#734,#735));
#538=EDGE_LOOP('',(#736,#737,#738,#739));
#539=EDGE_LOOP('',(#740,#741,#742,#743));
#540=EDGE_LOOP('',(#744,#745,#746,#747));
#541=EDGE_LOOP('',(#748,#749,#750,#751));
#542=EDGE_LOOP('',(#752,#753,#754,#755));
#543=EDGE_LOOP('',(#756,#757,#758,#759));
#544=EDGE_LOOP('',(#760,#761,#762,#763));
#545=EDGE_LOOP('',(#764,#765,#766,#767));
#546=EDGE_LOOP('',(#768,#769,#770,#771));
#547=EDGE_LOOP('',(#772,#773,#774,#775));
#548=EDGE_LOOP('',(#776,#777,#778,#779));
#549=EDGE_LOOP('',(#780,#781,#782,#783));
#550=EDGE_LOOP('',(#784,#785,#786,#787));
#551=EDGE_LOOP('',(#788,#789,#790,#791));
#552=EDGE_LOOP('',(#792,#793,#794,#795));
#553=EDGE_LOOP('',(#796,#797,#798,#799));
#554=EDGE_LOOP('',(#800,#801,#802,#803));
#555=EDGE_LOOP('',(#804,#805,#806,#807));
#556=EDGE_LOOP('',(#808,#809,#810,#811));
#557=EDGE_LOOP('',(#812,#813,#814,#815));
#558=EDGE_LOOP('',(#816,#817,#818,#819));
#559=EDGE_LOOP('',(#820,#821,#822,#823));
#560=EDGE_LOOP('',(#824,#825,#826,#827));
#561=EDGE_LOOP('',(#828,#829,#830,#831));
#562=EDGE_LOOP('',(#832,#833,#834,#835));
#563=EDGE_LOOP('',(#836,#837,#838,#839));
#564=EDGE_LOOP('',(#840,#841,#842,#843));
#565=EDGE_LOOP('',(#844,#845,#846,#847));
#566=EDGE_LOOP('',(#848,#849,#850,#851));
#567=EDGE_LOOP('',(#852,#853,#854,#855));
#568=EDGE_LOOP('',(#856,#857,#858,#859));
#569=EDGE_LOOP('',(#860,#861,#862,#863));
#570=EDGE_LOOP('',(#864,#865,#866,#867));
#571=EDGE_LOOP('',(#868,#869,#870,#871));
#572=EDGE_LOOP('',(#872,#873,#874,#875));
#573=EDGE_LOOP('',(#876,#877,#878,#879));
#574=EDGE_LOOP('',(#880,#881,#882,#883));
#575=EDGE_LOOP('',(#884,#885,#886,#887));
#576=EDGE_LOOP('',(#888,#889,#890,#891));
#577=EDGE_LOOP('',(#892,#893,#894,#895));
#578=EDGE_LOOP('',(#896,#897,#898,#899));
#579=EDGE_LOOP('',(#900,#901,#902,#903));
#580=EDGE_LOOP('',(#904,#905,#906,#907));
#581=EDGE_LOOP('',(#908,#909,#910,#911));
#582=EDGE_LOOP('',(#912,#913,#914,#915));
#583=EDGE_LOOP('',(#916,#917,#918,#919));
#584=EDGE_LOOP('',(#920,#921,#922,#923));
#585=EDGE_LOOP('',(#924,#925,#926,#927,#928,#929,#930,#931,#932,#933,#934,
#935,#936,#937,#938,#939,#940,#941,#942,#943,#944,#945,#946,#947,#948,#949,
#950,#951,#952,#953,#954,#955,#956,#957,#958,#959,#960,#961,#962,#963,#964,
#965,#966,#967,#968,#969,#970,#971,#972,#973,#974,#975,#976,#977,#978,#979,
#980,#981,#982,#983,#984,#985,#986,#987,#988,#989,#990,#991,#992,#993,#994,
#995,#996,#997,#998,#999,#1000,#1001,#1002,#1003,#1004,#1005,#1006,#1007,
#1008,#1009,#1010,#1011,#1012,#1013,#1014,#1015,#1016,#1017,#1018,#1019,
#1020,#1021,#1022,#1023,#1024,#1025,#1026,#1027,#1028,#1029,#1030,#1031,
#1032,#1033,#1034,#1035,#1036,#1037,#1038,#1039,#1040,#1041,#1042,#1043,
#1044));
#586=EDGE_LOOP('',(#1045,#1046,#1047,#1048,#1049,#1050,#1051,#1052,#1053,
#1054,#1055,#1056,#1057,#1058,#1059,#1060,#1061,#1062,#1063,#1064,#1065,
#1066,#1067,#1068,#1069,#1070,#1071,#1072,#1073,#1074,#1075,#1076,#1077,
#1078,#1079,#1080,#1081,#1082,#1083,#1084,#1085,#1086,#1087,#1088,#1089,
#1090,#1091,#1092,#1093,#1094,#1095,#1096,#1097,#1098,#1099,#1100,#1101,
#1102,#1103,#1104,#1105,#1106,#1107,#1108,#1109,#1110,#1111,#1112,#1113,
#1114,#1115,#1116,#1117,#1118,#1119,#1120,#1121,#1122,#1123,#1124,#1125,
#1126,#1127,#1128,#1129,#1130,#1131,#1132,#1133,#1134,#1135,#1136,#1137,
#1138,#1139,#1140,#1141,#1142,#1143,#1144,#1145,#1146,#1147,#1148,#1149,
#1150,#1151,#1152,#1153,#1154,#1155,#1156,#1157,#1158,#1159,#1160,#1161,
#1162,#1163,#1164,#1165));
#587=EDGE_LOOP('',(#1166,#1167,#1168,#1169));
#588=EDGE_LOOP('',(#1170,#1171,#1172,#1173));
#589=EDGE_LOOP('',(#1174,#1175,#1176,#1177));
#590=EDGE_LOOP('',(#1178,#1179,#1180,#1181));
#591=EDGE_LOOP('',(#1182,#1183,#1184,#1185));
#592=EDGE_LOOP('',(#1186,#1187,#1188,#1189));
#593=EDGE_LOOP('',(#1190,#1191,#1192,#1193));
#594=EDGE_LOOP('',(#1194,#1195,#1196,#1197));
#595=EDGE_LOOP('',(#1198,#1199,#1200,#1201));
#596=EDGE_LOOP('',(#1202,#1203,#1204,#1205));
#597=EDGE_LOOP('',(#1206,#1207,#1208,#1209));
#598=EDGE_LOOP('',(#1210,#1211,#1212,#1213));
#599=EDGE_LOOP('',(#1214,#1215,#1216,#1217));
#600=EDGE_LOOP('',(#1218,#1219,#1220,#1221));
#601=EDGE_LOOP('',(#1222,#1223,#1224,#1225));
#602=EDGE_LOOP('',(#1226,#1227,#1228,#1229));
#603=EDGE_LOOP('',(#1230,#1231,#1232,#1233));
#604=EDGE_LOOP('',(#1234,#1235,#1236,#1237));
#605=EDGE_LOOP('',(#1238,#1239,#1240,#1241));
#606=EDGE_LOOP('',(#1242,#1243,#1244,#1245));
#607=EDGE_LOOP('',(#1246,#1247,#1248,#1249));
#608=EDGE_LOOP('',(#1250,#1251,#1252,#1253));
#609=EDGE_LOOP('',(#1254,#1255,#1256,#1257));
#610=EDGE_LOOP('',(#1258,#1259,#1260,#1261));
#611=EDGE_LOOP('',(#1262,#1263,#1264,#1265));
#612=EDGE_LOOP('',(#1266,#1267,#1268,#1269));
#613=EDGE_LOOP('',(#1270,#1271,#1272,#1273));
#614=EDGE_LOOP('',(#1274,#1275,#1276,#1277));
#615=EDGE_LOOP('',(#1278,#1279,#1280,#1281));
#616=EDGE_LOOP('',(#1282,#1283,#1284,#1285));
#617=EDGE_LOOP('',(#1286,#1287,#1288,#1289));
#618=EDGE_LOOP('',(#1290,#1291,#1292,#1293));
#619=EDGE_LOOP('',(#1294,#1295,#1296,#1297));
#620=EDGE_LOOP('',(#1298,#1299,#1300,#1301));
#621=EDGE_LOOP('',(#1302,#1303,#1304,#1305));
#622=EDGE_LOOP('',(#1306,#1307,#1308,#1309));
#623=EDGE_LOOP('',(#1310,#1311,#1312,#1313));
#624=EDGE_LOOP('',(#1314,#1315,#1316,#1317));
#625=EDGE_LOOP('',(#1318,#1319,#1320,#1321));
#626=EDGE_LOOP('',(#1322,#1323,#1324,#1325));
#627=EDGE_LOOP('',(#1326,#1327,#1328,#1329));
#628=EDGE_LOOP('',(#1330,#1331,#1332,#1333));
#629=EDGE_LOOP('',(#1334,#1335,#1336,#1337));
#630=EDGE_LOOP('',(#1338,#1339,#1340,#1341));
#631=EDGE_LOOP('',(#1342,#1343,#1344,#1345));
#632=EDGE_LOOP('',(#1346,#1347,#1348,#1349));
#633=EDGE_LOOP('',(#1350,#1351,#1352,#1353));
#634=EDGE_LOOP('',(#1354,#1355,#1356,#1357));
#635=EDGE_LOOP('',(#1358,#1359,#1360,#1361));
#636=ORIENTED_EDGE('',*,*,#1604,.T.);
#637=ORIENTED_EDGE('',*,*,#1605,.T.);
#638=ORIENTED_EDGE('',*,*,#1606,.F.);
#639=ORIENTED_EDGE('',*,*,#1607,.T.);
#640=ORIENTED_EDGE('',*,*,#1608,.F.);
#641=ORIENTED_EDGE('',*,*,#1609,.T.);
#642=ORIENTED_EDGE('',*,*,#1610,.T.);
#643=ORIENTED_EDGE('',*,*,#1611,.F.);
#644=ORIENTED_EDGE('',*,*,#1612,.T.);
#645=ORIENTED_EDGE('',*,*,#1613,.T.);
#646=ORIENTED_EDGE('',*,*,#1614,.F.);
#647=ORIENTED_EDGE('',*,*,#1611,.T.);
#648=ORIENTED_EDGE('',*,*,#1615,.T.);
#649=ORIENTED_EDGE('',*,*,#1616,.T.);
#650=ORIENTED_EDGE('',*,*,#1617,.F.);
#651=ORIENTED_EDGE('',*,*,#1618,.T.);
#652=ORIENTED_EDGE('',*,*,#1619,.F.);
#653=ORIENTED_EDGE('',*,*,#1620,.T.);
#654=ORIENTED_EDGE('',*,*,#1621,.T.);
#655=ORIENTED_EDGE('',*,*,#1622,.F.);
#656=ORIENTED_EDGE('',*,*,#1623,.T.);
#657=ORIENTED_EDGE('',*,*,#1624,.F.);
#658=ORIENTED_EDGE('',*,*,#1625,.F.);
#659=ORIENTED_EDGE('',*,*,#1622,.T.);
#660=ORIENTED_EDGE('',*,*,#1626,.T.);
#661=ORIENTED_EDGE('',*,*,#1627,.T.);
#662=ORIENTED_EDGE('',*,*,#1628,.F.);
#663=ORIENTED_EDGE('',*,*,#1624,.T.);
#664=ORIENTED_EDGE('',*,*,#1629,.T.);
#665=ORIENTED_EDGE('',*,*,#1630,.T.);
#666=ORIENTED_EDGE('',*,*,#1631,.F.);
#667=ORIENTED_EDGE('',*,*,#1632,.T.);
#668=ORIENTED_EDGE('',*,*,#1633,.F.);
#669=ORIENTED_EDGE('',*,*,#1634,.T.);
#670=ORIENTED_EDGE('',*,*,#1635,.T.);
#671=ORIENTED_EDGE('',*,*,#1636,.F.);
#672=ORIENTED_EDGE('',*,*,#1637,.T.);
#673=ORIENTED_EDGE('',*,*,#1638,.F.);
#674=ORIENTED_EDGE('',*,*,#1639,.F.);
#675=ORIENTED_EDGE('',*,*,#1636,.T.);
#676=ORIENTED_EDGE('',*,*,#1640,.T.);
#677=ORIENTED_EDGE('',*,*,#1641,.T.);
#678=ORIENTED_EDGE('',*,*,#1642,.F.);
#679=ORIENTED_EDGE('',*,*,#1638,.T.);
#680=ORIENTED_EDGE('',*,*,#1643,.T.);
#681=ORIENTED_EDGE('',*,*,#1644,.T.);
#682=ORIENTED_EDGE('',*,*,#1645,.F.);
#683=ORIENTED_EDGE('',*,*,#1646,.T.);
#684=ORIENTED_EDGE('',*,*,#1647,.F.);
#685=ORIENTED_EDGE('',*,*,#1648,.T.);
#686=ORIENTED_EDGE('',*,*,#1649,.T.);
#687=ORIENTED_EDGE('',*,*,#1650,.F.);
#688=ORIENTED_EDGE('',*,*,#1651,.T.);
#689=ORIENTED_EDGE('',*,*,#1652,.F.);
#690=ORIENTED_EDGE('',*,*,#1653,.F.);
#691=ORIENTED_EDGE('',*,*,#1650,.T.);
#692=ORIENTED_EDGE('',*,*,#1654,.T.);
#693=ORIENTED_EDGE('',*,*,#1655,.T.);
#694=ORIENTED_EDGE('',*,*,#1656,.F.);
#695=ORIENTED_EDGE('',*,*,#1652,.T.);
#696=ORIENTED_EDGE('',*,*,#1657,.T.);
#697=ORIENTED_EDGE('',*,*,#1658,.T.);
#698=ORIENTED_EDGE('',*,*,#1659,.F.);
#699=ORIENTED_EDGE('',*,*,#1660,.T.);
#700=ORIENTED_EDGE('',*,*,#1661,.F.);
#701=ORIENTED_EDGE('',*,*,#1662,.T.);
#702=ORIENTED_EDGE('',*,*,#1663,.T.);
#703=ORIENTED_EDGE('',*,*,#1664,.F.);
#704=ORIENTED_EDGE('',*,*,#1665,.T.);
#705=ORIENTED_EDGE('',*,*,#1666,.F.);
#706=ORIENTED_EDGE('',*,*,#1667,.F.);
#707=ORIENTED_EDGE('',*,*,#1664,.T.);
#708=ORIENTED_EDGE('',*,*,#1668,.T.);
#709=ORIENTED_EDGE('',*,*,#1669,.T.);
#710=ORIENTED_EDGE('',*,*,#1670,.F.);
#711=ORIENTED_EDGE('',*,*,#1666,.T.);
#712=ORIENTED_EDGE('',*,*,#1671,.T.);
#713=ORIENTED_EDGE('',*,*,#1672,.T.);
#714=ORIENTED_EDGE('',*,*,#1673,.F.);
#715=ORIENTED_EDGE('',*,*,#1674,.T.);
#716=ORIENTED_EDGE('',*,*,#1675,.F.);
#717=ORIENTED_EDGE('',*,*,#1676,.T.);
#718=ORIENTED_EDGE('',*,*,#1677,.T.);
#719=ORIENTED_EDGE('',*,*,#1678,.F.);
#720=ORIENTED_EDGE('',*,*,#1679,.T.);
#721=ORIENTED_EDGE('',*,*,#1680,.F.);
#722=ORIENTED_EDGE('',*,*,#1681,.F.);
#723=ORIENTED_EDGE('',*,*,#1678,.T.);
#724=ORIENTED_EDGE('',*,*,#1682,.T.);
#725=ORIENTED_EDGE('',*,*,#1683,.T.);
#726=ORIENTED_EDGE('',*,*,#1684,.F.);
#727=ORIENTED_EDGE('',*,*,#1680,.T.);
#728=ORIENTED_EDGE('',*,*,#1685,.T.);
#729=ORIENTED_EDGE('',*,*,#1686,.T.);
#730=ORIENTED_EDGE('',*,*,#1687,.F.);
#731=ORIENTED_EDGE('',*,*,#1688,.T.);
#732=ORIENTED_EDGE('',*,*,#1689,.F.);
#733=ORIENTED_EDGE('',*,*,#1690,.T.);
#734=ORIENTED_EDGE('',*,*,#1691,.T.);
#735=ORIENTED_EDGE('',*,*,#1692,.F.);
#736=ORIENTED_EDGE('',*,*,#1693,.T.);
#737=ORIENTED_EDGE('',*,*,#1694,.F.);
#738=ORIENTED_EDGE('',*,*,#1695,.F.);
#739=ORIENTED_EDGE('',*,*,#1692,.T.);
#740=ORIENTED_EDGE('',*,*,#1696,.T.);
#741=ORIENTED_EDGE('',*,*,#1697,.T.);
#742=ORIENTED_EDGE('',*,*,#1698,.F.);
#743=ORIENTED_EDGE('',*,*,#1694,.T.);
#744=ORIENTED_EDGE('',*,*,#1699,.T.);
#745=ORIENTED_EDGE('',*,*,#1700,.T.);
#746=ORIENTED_EDGE('',*,*,#1701,.F.);
#747=ORIENTED_EDGE('',*,*,#1702,.T.);
#748=ORIENTED_EDGE('',*,*,#1703,.F.);
#749=ORIENTED_EDGE('',*,*,#1704,.T.);
#750=ORIENTED_EDGE('',*,*,#1705,.T.);
#751=ORIENTED_EDGE('',*,*,#1706,.F.);
#752=ORIENTED_EDGE('',*,*,#1707,.T.);
#753=ORIENTED_EDGE('',*,*,#1708,.F.);
#754=ORIENTED_EDGE('',*,*,#1709,.F.);
#755=ORIENTED_EDGE('',*,*,#1706,.T.);
#756=ORIENTED_EDGE('',*,*,#1710,.T.);
#757=ORIENTED_EDGE('',*,*,#1711,.T.);
#758=ORIENTED_EDGE('',*,*,#1712,.F.);
#759=ORIENTED_EDGE('',*,*,#1708,.T.);
#760=ORIENTED_EDGE('',*,*,#1713,.T.);
#761=ORIENTED_EDGE('',*,*,#1714,.T.);
#762=ORIENTED_EDGE('',*,*,#1715,.F.);
#763=ORIENTED_EDGE('',*,*,#1716,.T.);
#764=ORIENTED_EDGE('',*,*,#1717,.F.);
#765=ORIENTED_EDGE('',*,*,#1718,.T.);
#766=ORIENTED_EDGE('',*,*,#1719,.T.);
#767=ORIENTED_EDGE('',*,*,#1720,.F.);
#768=ORIENTED_EDGE('',*,*,#1721,.T.);
#769=ORIENTED_EDGE('',*,*,#1722,.F.);
#770=ORIENTED_EDGE('',*,*,#1723,.F.);
#771=ORIENTED_EDGE('',*,*,#1720,.T.);
#772=ORIENTED_EDGE('',*,*,#1724,.T.);
#773=ORIENTED_EDGE('',*,*,#1725,.T.);
#774=ORIENTED_EDGE('',*,*,#1726,.F.);
#775=ORIENTED_EDGE('',*,*,#1722,.T.);
#776=ORIENTED_EDGE('',*,*,#1727,.F.);
#777=ORIENTED_EDGE('',*,*,#1728,.T.);
#778=ORIENTED_EDGE('',*,*,#1729,.T.);
#779=ORIENTED_EDGE('',*,*,#1730,.T.);
#780=ORIENTED_EDGE('',*,*,#1731,.F.);
#781=ORIENTED_EDGE('',*,*,#1732,.T.);
#782=ORIENTED_EDGE('',*,*,#1733,.T.);
#783=ORIENTED_EDGE('',*,*,#1734,.F.);
#784=ORIENTED_EDGE('',*,*,#1735,.T.);
#785=ORIENTED_EDGE('',*,*,#1736,.T.);
#786=ORIENTED_EDGE('',*,*,#1737,.F.);
#787=ORIENTED_EDGE('',*,*,#1734,.T.);
#788=ORIENTED_EDGE('',*,*,#1738,.F.);
#789=ORIENTED_EDGE('',*,*,#1739,.T.);
#790=ORIENTED_EDGE('',*,*,#1740,.T.);
#791=ORIENTED_EDGE('',*,*,#1741,.T.);
#792=ORIENTED_EDGE('',*,*,#1742,.F.);
#793=ORIENTED_EDGE('',*,*,#1743,.T.);
#794=ORIENTED_EDGE('',*,*,#1744,.T.);
#795=ORIENTED_EDGE('',*,*,#1745,.F.);
#796=ORIENTED_EDGE('',*,*,#1746,.T.);
#797=ORIENTED_EDGE('',*,*,#1747,.T.);
#798=ORIENTED_EDGE('',*,*,#1748,.F.);
#799=ORIENTED_EDGE('',*,*,#1745,.T.);
#800=ORIENTED_EDGE('',*,*,#1749,.F.);
#801=ORIENTED_EDGE('',*,*,#1750,.T.);
#802=ORIENTED_EDGE('',*,*,#1751,.T.);
#803=ORIENTED_EDGE('',*,*,#1752,.T.);
#804=ORIENTED_EDGE('',*,*,#1753,.F.);
#805=ORIENTED_EDGE('',*,*,#1754,.T.);
#806=ORIENTED_EDGE('',*,*,#1755,.T.);
#807=ORIENTED_EDGE('',*,*,#1756,.F.);
#808=ORIENTED_EDGE('',*,*,#1757,.T.);
#809=ORIENTED_EDGE('',*,*,#1758,.T.);
#810=ORIENTED_EDGE('',*,*,#1759,.F.);
#811=ORIENTED_EDGE('',*,*,#1756,.T.);
#812=ORIENTED_EDGE('',*,*,#1760,.T.);
#813=ORIENTED_EDGE('',*,*,#1761,.T.);
#814=ORIENTED_EDGE('',*,*,#1762,.F.);
#815=ORIENTED_EDGE('',*,*,#1763,.T.);
#816=ORIENTED_EDGE('',*,*,#1764,.F.);
#817=ORIENTED_EDGE('',*,*,#1765,.T.);
#818=ORIENTED_EDGE('',*,*,#1766,.T.);
#819=ORIENTED_EDGE('',*,*,#1767,.T.);
#820=ORIENTED_EDGE('',*,*,#1768,.T.);
#821=ORIENTED_EDGE('',*,*,#1769,.T.);
#822=ORIENTED_EDGE('',*,*,#1770,.F.);
#823=ORIENTED_EDGE('',*,*,#1771,.T.);
#824=ORIENTED_EDGE('',*,*,#1772,.T.);
#825=ORIENTED_EDGE('',*,*,#1773,.T.);
#826=ORIENTED_EDGE('',*,*,#1774,.F.);
#827=ORIENTED_EDGE('',*,*,#1775,.T.);
#828=ORIENTED_EDGE('',*,*,#1776,.F.);
#829=ORIENTED_EDGE('',*,*,#1777,.T.);
#830=ORIENTED_EDGE('',*,*,#1778,.T.);
#831=ORIENTED_EDGE('',*,*,#1779,.T.);
#832=ORIENTED_EDGE('',*,*,#1780,.T.);
#833=ORIENTED_EDGE('',*,*,#1781,.T.);
#834=ORIENTED_EDGE('',*,*,#1782,.F.);
#835=ORIENTED_EDGE('',*,*,#1783,.T.);
#836=ORIENTED_EDGE('',*,*,#1784,.T.);
#837=ORIENTED_EDGE('',*,*,#1785,.T.);
#838=ORIENTED_EDGE('',*,*,#1786,.F.);
#839=ORIENTED_EDGE('',*,*,#1787,.T.);
#840=ORIENTED_EDGE('',*,*,#1788,.F.);
#841=ORIENTED_EDGE('',*,*,#1789,.T.);
#842=ORIENTED_EDGE('',*,*,#1790,.T.);
#843=ORIENTED_EDGE('',*,*,#1791,.F.);
#844=ORIENTED_EDGE('',*,*,#1792,.T.);
#845=ORIENTED_EDGE('',*,*,#1793,.T.);
#846=ORIENTED_EDGE('',*,*,#1794,.F.);
#847=ORIENTED_EDGE('',*,*,#1791,.T.);
#848=ORIENTED_EDGE('',*,*,#1795,.F.);
#849=ORIENTED_EDGE('',*,*,#1796,.T.);
#850=ORIENTED_EDGE('',*,*,#1797,.T.);
#851=ORIENTED_EDGE('',*,*,#1798,.T.);
#852=ORIENTED_EDGE('',*,*,#1799,.F.);
#853=ORIENTED_EDGE('',*,*,#1800,.T.);
#854=ORIENTED_EDGE('',*,*,#1801,.T.);
#855=ORIENTED_EDGE('',*,*,#1802,.F.);
#856=ORIENTED_EDGE('',*,*,#1803,.T.);
#857=ORIENTED_EDGE('',*,*,#1804,.F.);
#858=ORIENTED_EDGE('',*,*,#1805,.F.);
#859=ORIENTED_EDGE('',*,*,#1802,.T.);
#860=ORIENTED_EDGE('',*,*,#1806,.T.);
#861=ORIENTED_EDGE('',*,*,#1807,.F.);
#862=ORIENTED_EDGE('',*,*,#1808,.F.);
#863=ORIENTED_EDGE('',*,*,#1804,.T.);
#864=ORIENTED_EDGE('',*,*,#1809,.T.);
#865=ORIENTED_EDGE('',*,*,#1810,.F.);
#866=ORIENTED_EDGE('',*,*,#1811,.F.);
#867=ORIENTED_EDGE('',*,*,#1807,.T.);
#868=ORIENTED_EDGE('',*,*,#1812,.T.);
#869=ORIENTED_EDGE('',*,*,#1813,.T.);
#870=ORIENTED_EDGE('',*,*,#1814,.F.);
#871=ORIENTED_EDGE('',*,*,#1810,.T.);
#872=ORIENTED_EDGE('',*,*,#1815,.T.);
#873=ORIENTED_EDGE('',*,*,#1816,.T.);
#874=ORIENTED_EDGE('',*,*,#1817,.F.);
#875=ORIENTED_EDGE('',*,*,#1818,.T.);
#876=ORIENTED_EDGE('',*,*,#1819,.T.);
#877=ORIENTED_EDGE('',*,*,#1820,.T.);
#878=ORIENTED_EDGE('',*,*,#1821,.F.);
#879=ORIENTED_EDGE('',*,*,#1822,.T.);
#880=ORIENTED_EDGE('',*,*,#1823,.T.);
#881=ORIENTED_EDGE('',*,*,#1824,.T.);
#882=ORIENTED_EDGE('',*,*,#1825,.F.);
#883=ORIENTED_EDGE('',*,*,#1826,.T.);
#884=ORIENTED_EDGE('',*,*,#1827,.T.);
#885=ORIENTED_EDGE('',*,*,#1828,.T.);
#886=ORIENTED_EDGE('',*,*,#1829,.F.);
#887=ORIENTED_EDGE('',*,*,#1830,.T.);
#888=ORIENTED_EDGE('',*,*,#1831,.T.);
#889=ORIENTED_EDGE('',*,*,#1832,.T.);
#890=ORIENTED_EDGE('',*,*,#1833,.F.);
#891=ORIENTED_EDGE('',*,*,#1834,.T.);
#892=ORIENTED_EDGE('',*,*,#1835,.F.);
#893=ORIENTED_EDGE('',*,*,#1836,.T.);
#894=ORIENTED_EDGE('',*,*,#1837,.T.);
#895=ORIENTED_EDGE('',*,*,#1838,.T.);
#896=ORIENTED_EDGE('',*,*,#1839,.T.);
#897=ORIENTED_EDGE('',*,*,#1840,.T.);
#898=ORIENTED_EDGE('',*,*,#1841,.F.);
#899=ORIENTED_EDGE('',*,*,#1842,.T.);
#900=ORIENTED_EDGE('',*,*,#1843,.T.);
#901=ORIENTED_EDGE('',*,*,#1844,.T.);
#902=ORIENTED_EDGE('',*,*,#1845,.F.);
#903=ORIENTED_EDGE('',*,*,#1846,.T.);
#904=ORIENTED_EDGE('',*,*,#1847,.F.);
#905=ORIENTED_EDGE('',*,*,#1848,.T.);
#906=ORIENTED_EDGE('',*,*,#1849,.T.);
#907=ORIENTED_EDGE('',*,*,#1850,.F.);
#908=ORIENTED_EDGE('',*,*,#1851,.T.);
#909=ORIENTED_EDGE('',*,*,#1852,.T.);
#910=ORIENTED_EDGE('',*,*,#1853,.F.);
#911=ORIENTED_EDGE('',*,*,#1850,.T.);
#912=ORIENTED_EDGE('',*,*,#1854,.T.);
#913=ORIENTED_EDGE('',*,*,#1855,.T.);
#914=ORIENTED_EDGE('',*,*,#1856,.F.);
#915=ORIENTED_EDGE('',*,*,#1857,.T.);
#916=ORIENTED_EDGE('',*,*,#1858,.F.);
#917=ORIENTED_EDGE('',*,*,#1859,.T.);
#918=ORIENTED_EDGE('',*,*,#1860,.T.);
#919=ORIENTED_EDGE('',*,*,#1861,.F.);
#920=ORIENTED_EDGE('',*,*,#1862,.T.);
#921=ORIENTED_EDGE('',*,*,#1863,.T.);
#922=ORIENTED_EDGE('',*,*,#1864,.F.);
#923=ORIENTED_EDGE('',*,*,#1861,.T.);
#924=ORIENTED_EDGE('',*,*,#1853,.T.);
#925=ORIENTED_EDGE('',*,*,#1865,.T.);
#926=ORIENTED_EDGE('',*,*,#1866,.T.);
#927=ORIENTED_EDGE('',*,*,#1856,.T.);
#928=ORIENTED_EDGE('',*,*,#1867,.T.);
#929=ORIENTED_EDGE('',*,*,#1868,.T.);
#930=ORIENTED_EDGE('',*,*,#1858,.T.);
#931=ORIENTED_EDGE('',*,*,#1864,.T.);
#932=ORIENTED_EDGE('',*,*,#1869,.T.);
#933=ORIENTED_EDGE('',*,*,#1606,.T.);
#934=ORIENTED_EDGE('',*,*,#1870,.T.);
#935=ORIENTED_EDGE('',*,*,#1608,.T.);
#936=ORIENTED_EDGE('',*,*,#1614,.T.);
#937=ORIENTED_EDGE('',*,*,#1871,.T.);
#938=ORIENTED_EDGE('',*,*,#1617,.T.);
#939=ORIENTED_EDGE('',*,*,#1872,.T.);
#940=ORIENTED_EDGE('',*,*,#1619,.T.);
#941=ORIENTED_EDGE('',*,*,#1625,.T.);
#942=ORIENTED_EDGE('',*,*,#1628,.T.);
#943=ORIENTED_EDGE('',*,*,#1873,.T.);
#944=ORIENTED_EDGE('',*,*,#1631,.T.);
#945=ORIENTED_EDGE('',*,*,#1874,.T.);
#946=ORIENTED_EDGE('',*,*,#1633,.T.);
#947=ORIENTED_EDGE('',*,*,#1639,.T.);
#948=ORIENTED_EDGE('',*,*,#1642,.T.);
#949=ORIENTED_EDGE('',*,*,#1875,.T.);
#950=ORIENTED_EDGE('',*,*,#1645,.T.);
#951=ORIENTED_EDGE('',*,*,#1876,.T.);
#952=ORIENTED_EDGE('',*,*,#1647,.T.);
#953=ORIENTED_EDGE('',*,*,#1653,.T.);
#954=ORIENTED_EDGE('',*,*,#1656,.T.);
#955=ORIENTED_EDGE('',*,*,#1877,.T.);
#956=ORIENTED_EDGE('',*,*,#1659,.T.);
#957=ORIENTED_EDGE('',*,*,#1878,.T.);
#958=ORIENTED_EDGE('',*,*,#1661,.T.);
#959=ORIENTED_EDGE('',*,*,#1667,.T.);
#960=ORIENTED_EDGE('',*,*,#1670,.T.);
#961=ORIENTED_EDGE('',*,*,#1879,.T.);
#962=ORIENTED_EDGE('',*,*,#1673,.T.);
#963=ORIENTED_EDGE('',*,*,#1880,.T.);
#964=ORIENTED_EDGE('',*,*,#1675,.T.);
#965=ORIENTED_EDGE('',*,*,#1681,.T.);
#966=ORIENTED_EDGE('',*,*,#1684,.T.);
#967=ORIENTED_EDGE('',*,*,#1881,.T.);
#968=ORIENTED_EDGE('',*,*,#1687,.T.);
#969=ORIENTED_EDGE('',*,*,#1882,.T.);
#970=ORIENTED_EDGE('',*,*,#1689,.T.);
#971=ORIENTED_EDGE('',*,*,#1695,.T.);
#972=ORIENTED_EDGE('',*,*,#1698,.T.);
#973=ORIENTED_EDGE('',*,*,#1883,.T.);
#974=ORIENTED_EDGE('',*,*,#1701,.T.);
#975=ORIENTED_EDGE('',*,*,#1884,.T.);
#976=ORIENTED_EDGE('',*,*,#1703,.T.);
#977=ORIENTED_EDGE('',*,*,#1709,.T.);
#978=ORIENTED_EDGE('',*,*,#1712,.T.);
#979=ORIENTED_EDGE('',*,*,#1885,.T.);
#980=ORIENTED_EDGE('',*,*,#1715,.T.);
#981=ORIENTED_EDGE('',*,*,#1886,.T.);
#982=ORIENTED_EDGE('',*,*,#1717,.T.);
#983=ORIENTED_EDGE('',*,*,#1723,.T.);
#984=ORIENTED_EDGE('',*,*,#1726,.T.);
#985=ORIENTED_EDGE('',*,*,#1887,.T.);
#986=ORIENTED_EDGE('',*,*,#1727,.T.);
#987=ORIENTED_EDGE('',*,*,#1888,.T.);
#988=ORIENTED_EDGE('',*,*,#1731,.T.);
#989=ORIENTED_EDGE('',*,*,#1737,.T.);
#990=ORIENTED_EDGE('',*,*,#1889,.T.);
#991=ORIENTED_EDGE('',*,*,#1738,.T.);
#992=ORIENTED_EDGE('',*,*,#1890,.T.);
#993=ORIENTED_EDGE('',*,*,#1742,.T.);
#994=ORIENTED_EDGE('',*,*,#1748,.T.);
#995=ORIENTED_EDGE('',*,*,#1891,.T.);
#996=ORIENTED_EDGE('',*,*,#1892,.T.);
#997=ORIENTED_EDGE('',*,*,#1749,.T.);
#998=ORIENTED_EDGE('',*,*,#1893,.T.);
#999=ORIENTED_EDGE('',*,*,#1894,.T.);
#1000=ORIENTED_EDGE('',*,*,#1753,.T.);
#1001=ORIENTED_EDGE('',*,*,#1759,.T.);
#1002=ORIENTED_EDGE('',*,*,#1895,.T.);
#1003=ORIENTED_EDGE('',*,*,#1762,.T.);
#1004=ORIENTED_EDGE('',*,*,#1896,.T.);
#1005=ORIENTED_EDGE('',*,*,#1764,.T.);
#1006=ORIENTED_EDGE('',*,*,#1897,.T.);
#1007=ORIENTED_EDGE('',*,*,#1770,.T.);
#1008=ORIENTED_EDGE('',*,*,#1898,.T.);
#1009=ORIENTED_EDGE('',*,*,#1774,.T.);
#1010=ORIENTED_EDGE('',*,*,#1899,.T.);
#1011=ORIENTED_EDGE('',*,*,#1776,.T.);
#1012=ORIENTED_EDGE('',*,*,#1900,.T.);
#1013=ORIENTED_EDGE('',*,*,#1782,.T.);
#1014=ORIENTED_EDGE('',*,*,#1901,.T.);
#1015=ORIENTED_EDGE('',*,*,#1786,.T.);
#1016=ORIENTED_EDGE('',*,*,#1902,.T.);
#1017=ORIENTED_EDGE('',*,*,#1788,.T.);
#1018=ORIENTED_EDGE('',*,*,#1794,.T.);
#1019=ORIENTED_EDGE('',*,*,#1903,.T.);
#1020=ORIENTED_EDGE('',*,*,#1795,.T.);
#1021=ORIENTED_EDGE('',*,*,#1904,.T.);
#1022=ORIENTED_EDGE('',*,*,#1799,.T.);
#1023=ORIENTED_EDGE('',*,*,#1805,.T.);
#1024=ORIENTED_EDGE('',*,*,#1808,.T.);
#1025=ORIENTED_EDGE('',*,*,#1811,.T.);
#1026=ORIENTED_EDGE('',*,*,#1814,.T.);
#1027=ORIENTED_EDGE('',*,*,#1905,.T.);
#1028=ORIENTED_EDGE('',*,*,#1817,.T.);
#1029=ORIENTED_EDGE('',*,*,#1906,.T.);
#1030=ORIENTED_EDGE('',*,*,#1821,.T.);
#1031=ORIENTED_EDGE('',*,*,#1907,.T.);
#1032=ORIENTED_EDGE('',*,*,#1825,.T.);
#1033=ORIENTED_EDGE('',*,*,#1908,.T.);
#1034=ORIENTED_EDGE('',*,*,#1829,.T.);
#1035=ORIENTED_EDGE('',*,*,#1909,.T.);
#1036=ORIENTED_EDGE('',*,*,#1833,.T.);
#1037=ORIENTED_EDGE('',*,*,#1910,.T.);
#1038=ORIENTED_EDGE('',*,*,#1835,.T.);
#1039=ORIENTED_EDGE('',*,*,#1911,.T.);
#1040=ORIENTED_EDGE('',*,*,#1841,.T.);
#1041=ORIENTED_EDGE('',*,*,#1912,.T.);
#1042=ORIENTED_EDGE('',*,*,#1845,.T.);
#1043=ORIENTED_EDGE('',*,*,#1913,.T.);
#1044=ORIENTED_EDGE('',*,*,#1847,.T.);
#1045=ORIENTED_EDGE('',*,*,#1854,.F.);
#1046=ORIENTED_EDGE('',*,*,#1914,.T.);
#1047=ORIENTED_EDGE('',*,*,#1915,.T.);
#1048=ORIENTED_EDGE('',*,*,#1851,.F.);
#1049=ORIENTED_EDGE('',*,*,#1849,.F.);
#1050=ORIENTED_EDGE('',*,*,#1916,.T.);
#1051=ORIENTED_EDGE('',*,*,#1843,.F.);
#1052=ORIENTED_EDGE('',*,*,#1917,.T.);
#1053=ORIENTED_EDGE('',*,*,#1839,.F.);
#1054=ORIENTED_EDGE('',*,*,#1918,.T.);
#1055=ORIENTED_EDGE('',*,*,#1837,.F.);
#1056=ORIENTED_EDGE('',*,*,#1919,.T.);
#1057=ORIENTED_EDGE('',*,*,#1831,.F.);
#1058=ORIENTED_EDGE('',*,*,#1920,.T.);
#1059=ORIENTED_EDGE('',*,*,#1827,.F.);
#1060=ORIENTED_EDGE('',*,*,#1921,.T.);
#1061=ORIENTED_EDGE('',*,*,#1823,.F.);
#1062=ORIENTED_EDGE('',*,*,#1922,.T.);
#1063=ORIENTED_EDGE('',*,*,#1819,.F.);
#1064=ORIENTED_EDGE('',*,*,#1923,.T.);
#1065=ORIENTED_EDGE('',*,*,#1815,.F.);
#1066=ORIENTED_EDGE('',*,*,#1924,.T.);
#1067=ORIENTED_EDGE('',*,*,#1812,.F.);
#1068=ORIENTED_EDGE('',*,*,#1809,.F.);
#1069=ORIENTED_EDGE('',*,*,#1806,.F.);
#1070=ORIENTED_EDGE('',*,*,#1803,.F.);
#1071=ORIENTED_EDGE('',*,*,#1801,.F.);
#1072=ORIENTED_EDGE('',*,*,#1925,.T.);
#1073=ORIENTED_EDGE('',*,*,#1797,.F.);
#1074=ORIENTED_EDGE('',*,*,#1926,.T.);
#1075=ORIENTED_EDGE('',*,*,#1792,.F.);
#1076=ORIENTED_EDGE('',*,*,#1790,.F.);
#1077=ORIENTED_EDGE('',*,*,#1927,.T.);
#1078=ORIENTED_EDGE('',*,*,#1784,.F.);
#1079=ORIENTED_EDGE('',*,*,#1928,.T.);
#1080=ORIENTED_EDGE('',*,*,#1780,.F.);
#1081=ORIENTED_EDGE('',*,*,#1929,.T.);
#1082=ORIENTED_EDGE('',*,*,#1778,.F.);
#1083=ORIENTED_EDGE('',*,*,#1930,.T.);
#1084=ORIENTED_EDGE('',*,*,#1772,.F.);
#1085=ORIENTED_EDGE('',*,*,#1931,.T.);
#1086=ORIENTED_EDGE('',*,*,#1768,.F.);
#1087=ORIENTED_EDGE('',*,*,#1932,.T.);
#1088=ORIENTED_EDGE('',*,*,#1766,.F.);
#1089=ORIENTED_EDGE('',*,*,#1933,.T.);
#1090=ORIENTED_EDGE('',*,*,#1760,.F.);
#1091=ORIENTED_EDGE('',*,*,#1934,.T.);
#1092=ORIENTED_EDGE('',*,*,#1757,.F.);
#1093=ORIENTED_EDGE('',*,*,#1755,.F.);
#1094=ORIENTED_EDGE('',*,*,#1935,.T.);
#1095=ORIENTED_EDGE('',*,*,#1936,.T.);
#1096=ORIENTED_EDGE('',*,*,#1751,.F.);
#1097=ORIENTED_EDGE('',*,*,#1937,.T.);
#1098=ORIENTED_EDGE('',*,*,#1938,.T.);
#1099=ORIENTED_EDGE('',*,*,#1746,.F.);
#1100=ORIENTED_EDGE('',*,*,#1744,.F.);
#1101=ORIENTED_EDGE('',*,*,#1939,.T.);
#1102=ORIENTED_EDGE('',*,*,#1740,.F.);
#1103=ORIENTED_EDGE('',*,*,#1940,.T.);
#1104=ORIENTED_EDGE('',*,*,#1735,.F.);
#1105=ORIENTED_EDGE('',*,*,#1733,.F.);
#1106=ORIENTED_EDGE('',*,*,#1941,.T.);
#1107=ORIENTED_EDGE('',*,*,#1729,.F.);
#1108=ORIENTED_EDGE('',*,*,#1942,.T.);
#1109=ORIENTED_EDGE('',*,*,#1724,.F.);
#1110=ORIENTED_EDGE('',*,*,#1721,.F.);
#1111=ORIENTED_EDGE('',*,*,#1719,.F.);
#1112=ORIENTED_EDGE('',*,*,#1943,.T.);
#1113=ORIENTED_EDGE('',*,*,#1713,.F.);
#1114=ORIENTED_EDGE('',*,*,#1944,.T.);
#1115=ORIENTED_EDGE('',*,*,#1710,.F.);
#1116=ORIENTED_EDGE('',*,*,#1707,.F.);
#1117=ORIENTED_EDGE('',*,*,#1705,.F.);
#1118=ORIENTED_EDGE('',*,*,#1945,.T.);
#1119=ORIENTED_EDGE('',*,*,#1699,.F.);
#1120=ORIENTED_EDGE('',*,*,#1946,.T.);
#1121=ORIENTED_EDGE('',*,*,#1696,.F.);
#1122=ORIENTED_EDGE('',*,*,#1693,.F.);
#1123=ORIENTED_EDGE('',*,*,#1691,.F.);
#1124=ORIENTED_EDGE('',*,*,#1947,.T.);
#1125=ORIENTED_EDGE('',*,*,#1685,.F.);
#1126=ORIENTED_EDGE('',*,*,#1948,.T.);
#1127=ORIENTED_EDGE('',*,*,#1682,.F.);
#1128=ORIENTED_EDGE('',*,*,#1679,.F.);
#1129=ORIENTED_EDGE('',*,*,#1677,.F.);
#1130=ORIENTED_EDGE('',*,*,#1949,.T.);
#1131=ORIENTED_EDGE('',*,*,#1671,.F.);
#1132=ORIENTED_EDGE('',*,*,#1950,.T.);
#1133=ORIENTED_EDGE('',*,*,#1668,.F.);
#1134=ORIENTED_EDGE('',*,*,#1665,.F.);
#1135=ORIENTED_EDGE('',*,*,#1663,.F.);
#1136=ORIENTED_EDGE('',*,*,#1951,.T.);
#1137=ORIENTED_EDGE('',*,*,#1657,.F.);
#1138=ORIENTED_EDGE('',*,*,#1952,.T.);
#1139=ORIENTED_EDGE('',*,*,#1654,.F.);
#1140=ORIENTED_EDGE('',*,*,#1651,.F.);
#1141=ORIENTED_EDGE('',*,*,#1649,.F.);
#1142=ORIENTED_EDGE('',*,*,#1953,.T.);
#1143=ORIENTED_EDGE('',*,*,#1643,.F.);
#1144=ORIENTED_EDGE('',*,*,#1954,.T.);
#1145=ORIENTED_EDGE('',*,*,#1640,.F.);
#1146=ORIENTED_EDGE('',*,*,#1637,.F.);
#1147=ORIENTED_EDGE('',*,*,#1635,.F.);
#1148=ORIENTED_EDGE('',*,*,#1955,.T.);
#1149=ORIENTED_EDGE('',*,*,#1629,.F.);
#1150=ORIENTED_EDGE('',*,*,#1956,.T.);
#1151=ORIENTED_EDGE('',*,*,#1626,.F.);
#1152=ORIENTED_EDGE('',*,*,#1623,.F.);
#1153=ORIENTED_EDGE('',*,*,#1621,.F.);
#1154=ORIENTED_EDGE('',*,*,#1957,.T.);
#1155=ORIENTED_EDGE('',*,*,#1615,.F.);
#1156=ORIENTED_EDGE('',*,*,#1958,.T.);
#1157=ORIENTED_EDGE('',*,*,#1612,.F.);
#1158=ORIENTED_EDGE('',*,*,#1610,.F.);
#1159=ORIENTED_EDGE('',*,*,#1959,.T.);
#1160=ORIENTED_EDGE('',*,*,#1604,.F.);
#1161=ORIENTED_EDGE('',*,*,#1960,.T.);
#1162=ORIENTED_EDGE('',*,*,#1862,.F.);
#1163=ORIENTED_EDGE('',*,*,#1860,.F.);
#1164=ORIENTED_EDGE('',*,*,#1961,.T.);
#1165=ORIENTED_EDGE('',*,*,#1962,.T.);
#1166=ORIENTED_EDGE('',*,*,#1897,.F.);
#1167=ORIENTED_EDGE('',*,*,#1767,.F.);
#1168=ORIENTED_EDGE('',*,*,#1932,.F.);
#1169=ORIENTED_EDGE('',*,*,#1771,.F.);
#1170=ORIENTED_EDGE('',*,*,#1905,.F.);
#1171=ORIENTED_EDGE('',*,*,#1813,.F.);
#1172=ORIENTED_EDGE('',*,*,#1924,.F.);
#1173=ORIENTED_EDGE('',*,*,#1818,.F.);
#1174=ORIENTED_EDGE('',*,*,#1911,.F.);
#1175=ORIENTED_EDGE('',*,*,#1838,.F.);
#1176=ORIENTED_EDGE('',*,*,#1918,.F.);
#1177=ORIENTED_EDGE('',*,*,#1842,.F.);
#1178=ORIENTED_EDGE('',*,*,#1859,.F.);
#1179=ORIENTED_EDGE('',*,*,#1868,.F.);
#1180=ORIENTED_EDGE('',*,*,#1963,.F.);
#1181=ORIENTED_EDGE('',*,*,#1961,.F.);
#1182=ORIENTED_EDGE('',*,*,#1867,.F.);
#1183=ORIENTED_EDGE('',*,*,#1855,.F.);
#1184=ORIENTED_EDGE('',*,*,#1962,.F.);
#1185=ORIENTED_EDGE('',*,*,#1963,.T.);
#1186=ORIENTED_EDGE('',*,*,#1964,.F.);
#1187=ORIENTED_EDGE('',*,*,#1865,.F.);
#1188=ORIENTED_EDGE('',*,*,#1852,.F.);
#1189=ORIENTED_EDGE('',*,*,#1915,.F.);
#1190=ORIENTED_EDGE('',*,*,#1866,.F.);
#1191=ORIENTED_EDGE('',*,*,#1964,.T.);
#1192=ORIENTED_EDGE('',*,*,#1914,.F.);
#1193=ORIENTED_EDGE('',*,*,#1857,.F.);
#1194=ORIENTED_EDGE('',*,*,#1965,.F.);
#1195=ORIENTED_EDGE('',*,*,#1891,.F.);
#1196=ORIENTED_EDGE('',*,*,#1747,.F.);
#1197=ORIENTED_EDGE('',*,*,#1938,.F.);
#1198=ORIENTED_EDGE('',*,*,#1892,.F.);
#1199=ORIENTED_EDGE('',*,*,#1965,.T.);
#1200=ORIENTED_EDGE('',*,*,#1937,.F.);
#1201=ORIENTED_EDGE('',*,*,#1750,.F.);
#1202=ORIENTED_EDGE('',*,*,#1754,.F.);
#1203=ORIENTED_EDGE('',*,*,#1894,.F.);
#1204=ORIENTED_EDGE('',*,*,#1966,.F.);
#1205=ORIENTED_EDGE('',*,*,#1935,.F.);
#1206=ORIENTED_EDGE('',*,*,#1893,.F.);
#1207=ORIENTED_EDGE('',*,*,#1752,.F.);
#1208=ORIENTED_EDGE('',*,*,#1936,.F.);
#1209=ORIENTED_EDGE('',*,*,#1966,.T.);
#1210=ORIENTED_EDGE('',*,*,#1902,.F.);
#1211=ORIENTED_EDGE('',*,*,#1785,.F.);
#1212=ORIENTED_EDGE('',*,*,#1927,.F.);
#1213=ORIENTED_EDGE('',*,*,#1789,.F.);
#1214=ORIENTED_EDGE('',*,*,#1909,.F.);
#1215=ORIENTED_EDGE('',*,*,#1828,.F.);
#1216=ORIENTED_EDGE('',*,*,#1920,.F.);
#1217=ORIENTED_EDGE('',*,*,#1834,.F.);
#1218=ORIENTED_EDGE('',*,*,#1903,.F.);
#1219=ORIENTED_EDGE('',*,*,#1793,.F.);
#1220=ORIENTED_EDGE('',*,*,#1926,.F.);
#1221=ORIENTED_EDGE('',*,*,#1796,.F.);
#1222=ORIENTED_EDGE('',*,*,#1904,.F.);
#1223=ORIENTED_EDGE('',*,*,#1798,.F.);
#1224=ORIENTED_EDGE('',*,*,#1925,.F.);
#1225=ORIENTED_EDGE('',*,*,#1800,.F.);
#1226=ORIENTED_EDGE('',*,*,#1901,.F.);
#1227=ORIENTED_EDGE('',*,*,#1781,.F.);
#1228=ORIENTED_EDGE('',*,*,#1928,.F.);
#1229=ORIENTED_EDGE('',*,*,#1787,.F.);
#1230=ORIENTED_EDGE('',*,*,#1900,.F.);
#1231=ORIENTED_EDGE('',*,*,#1779,.F.);
#1232=ORIENTED_EDGE('',*,*,#1929,.F.);
#1233=ORIENTED_EDGE('',*,*,#1783,.F.);
#1234=ORIENTED_EDGE('',*,*,#1908,.F.);
#1235=ORIENTED_EDGE('',*,*,#1824,.F.);
#1236=ORIENTED_EDGE('',*,*,#1921,.F.);
#1237=ORIENTED_EDGE('',*,*,#1830,.F.);
#1238=ORIENTED_EDGE('',*,*,#1907,.F.);
#1239=ORIENTED_EDGE('',*,*,#1820,.F.);
#1240=ORIENTED_EDGE('',*,*,#1922,.F.);
#1241=ORIENTED_EDGE('',*,*,#1826,.F.);
#1242=ORIENTED_EDGE('',*,*,#1906,.F.);
#1243=ORIENTED_EDGE('',*,*,#1816,.F.);
#1244=ORIENTED_EDGE('',*,*,#1923,.F.);
#1245=ORIENTED_EDGE('',*,*,#1822,.F.);
#1246=ORIENTED_EDGE('',*,*,#1887,.F.);
#1247=ORIENTED_EDGE('',*,*,#1725,.F.);
#1248=ORIENTED_EDGE('',*,*,#1942,.F.);
#1249=ORIENTED_EDGE('',*,*,#1728,.F.);
#1250=ORIENTED_EDGE('',*,*,#1888,.F.);
#1251=ORIENTED_EDGE('',*,*,#1730,.F.);
#1252=ORIENTED_EDGE('',*,*,#1941,.F.);
#1253=ORIENTED_EDGE('',*,*,#1732,.F.);
#1254=ORIENTED_EDGE('',*,*,#1889,.F.);
#1255=ORIENTED_EDGE('',*,*,#1736,.F.);
#1256=ORIENTED_EDGE('',*,*,#1940,.F.);
#1257=ORIENTED_EDGE('',*,*,#1739,.F.);
#1258=ORIENTED_EDGE('',*,*,#1890,.F.);
#1259=ORIENTED_EDGE('',*,*,#1741,.F.);
#1260=ORIENTED_EDGE('',*,*,#1939,.F.);
#1261=ORIENTED_EDGE('',*,*,#1743,.F.);
#1262=ORIENTED_EDGE('',*,*,#1896,.F.);
#1263=ORIENTED_EDGE('',*,*,#1761,.F.);
#1264=ORIENTED_EDGE('',*,*,#1933,.F.);
#1265=ORIENTED_EDGE('',*,*,#1765,.F.);
#1266=ORIENTED_EDGE('',*,*,#1895,.F.);
#1267=ORIENTED_EDGE('',*,*,#1758,.F.);
#1268=ORIENTED_EDGE('',*,*,#1934,.F.);
#1269=ORIENTED_EDGE('',*,*,#1763,.F.);
#1270=ORIENTED_EDGE('',*,*,#1886,.F.);
#1271=ORIENTED_EDGE('',*,*,#1714,.F.);
#1272=ORIENTED_EDGE('',*,*,#1943,.F.);
#1273=ORIENTED_EDGE('',*,*,#1718,.F.);
#1274=ORIENTED_EDGE('',*,*,#1885,.F.);
#1275=ORIENTED_EDGE('',*,*,#1711,.F.);
#1276=ORIENTED_EDGE('',*,*,#1944,.F.);
#1277=ORIENTED_EDGE('',*,*,#1716,.F.);
#1278=ORIENTED_EDGE('',*,*,#1884,.F.);
#1279=ORIENTED_EDGE('',*,*,#1700,.F.);
#1280=ORIENTED_EDGE('',*,*,#1945,.F.);
#1281=ORIENTED_EDGE('',*,*,#1704,.F.);
#1282=ORIENTED_EDGE('',*,*,#1883,.F.);
#1283=ORIENTED_EDGE('',*,*,#1697,.F.);
#1284=ORIENTED_EDGE('',*,*,#1946,.F.);
#1285=ORIENTED_EDGE('',*,*,#1702,.F.);
#1286=ORIENTED_EDGE('',*,*,#1882,.F.);
#1287=ORIENTED_EDGE('',*,*,#1686,.F.);
#1288=ORIENTED_EDGE('',*,*,#1947,.F.);
#1289=ORIENTED_EDGE('',*,*,#1690,.F.);
#1290=ORIENTED_EDGE('',*,*,#1881,.F.);
#1291=ORIENTED_EDGE('',*,*,#1683,.F.);
#1292=ORIENTED_EDGE('',*,*,#1948,.F.);
#1293=ORIENTED_EDGE('',*,*,#1688,.F.);
#1294=ORIENTED_EDGE('',*,*,#1880,.F.);
#1295=ORIENTED_EDGE('',*,*,#1672,.F.);
#1296=ORIENTED_EDGE('',*,*,#1949,.F.);
#1297=ORIENTED_EDGE('',*,*,#1676,.F.);
#1298=ORIENTED_EDGE('',*,*,#1879,.F.);
#1299=ORIENTED_EDGE('',*,*,#1669,.F.);
#1300=ORIENTED_EDGE('',*,*,#1950,.F.);
#1301=ORIENTED_EDGE('',*,*,#1674,.F.);
#1302=ORIENTED_EDGE('',*,*,#1878,.F.);
#1303=ORIENTED_EDGE('',*,*,#1658,.F.);
#1304=ORIENTED_EDGE('',*,*,#1951,.F.);
#1305=ORIENTED_EDGE('',*,*,#1662,.F.);
#1306=ORIENTED_EDGE('',*,*,#1877,.F.);
#1307=ORIENTED_EDGE('',*,*,#1655,.F.);
#1308=ORIENTED_EDGE('',*,*,#1952,.F.);
#1309=ORIENTED_EDGE('',*,*,#1660,.F.);
#1310=ORIENTED_EDGE('',*,*,#1876,.F.);
#1311=ORIENTED_EDGE('',*,*,#1644,.F.);
#1312=ORIENTED_EDGE('',*,*,#1953,.F.);
#1313=ORIENTED_EDGE('',*,*,#1648,.F.);
#1314=ORIENTED_EDGE('',*,*,#1875,.F.);
#1315=ORIENTED_EDGE('',*,*,#1641,.F.);
#1316=ORIENTED_EDGE('',*,*,#1954,.F.);
#1317=ORIENTED_EDGE('',*,*,#1646,.F.);
#1318=ORIENTED_EDGE('',*,*,#1874,.F.);
#1319=ORIENTED_EDGE('',*,*,#1630,.F.);
#1320=ORIENTED_EDGE('',*,*,#1955,.F.);
#1321=ORIENTED_EDGE('',*,*,#1634,.F.);
#1322=ORIENTED_EDGE('',*,*,#1873,.F.);
#1323=ORIENTED_EDGE('',*,*,#1627,.F.);
#1324=ORIENTED_EDGE('',*,*,#1956,.F.);
#1325=ORIENTED_EDGE('',*,*,#1632,.F.);
#1326=ORIENTED_EDGE('',*,*,#1872,.F.);
#1327=ORIENTED_EDGE('',*,*,#1616,.F.);
#1328=ORIENTED_EDGE('',*,*,#1957,.F.);
#1329=ORIENTED_EDGE('',*,*,#1620,.F.);
#1330=ORIENTED_EDGE('',*,*,#1871,.F.);
#1331=ORIENTED_EDGE('',*,*,#1613,.F.);
#1332=ORIENTED_EDGE('',*,*,#1958,.F.);
#1333=ORIENTED_EDGE('',*,*,#1618,.F.);
#1334=ORIENTED_EDGE('',*,*,#1870,.F.);
#1335=ORIENTED_EDGE('',*,*,#1605,.F.);
#1336=ORIENTED_EDGE('',*,*,#1959,.F.);
#1337=ORIENTED_EDGE('',*,*,#1609,.F.);
#1338=ORIENTED_EDGE('',*,*,#1869,.F.);
#1339=ORIENTED_EDGE('',*,*,#1863,.F.);
#1340=ORIENTED_EDGE('',*,*,#1960,.F.);
#1341=ORIENTED_EDGE('',*,*,#1607,.F.);
#1342=ORIENTED_EDGE('',*,*,#1913,.F.);
#1343=ORIENTED_EDGE('',*,*,#1844,.F.);
#1344=ORIENTED_EDGE('',*,*,#1916,.F.);
#1345=ORIENTED_EDGE('',*,*,#1848,.F.);
#1346=ORIENTED_EDGE('',*,*,#1912,.F.);
#1347=ORIENTED_EDGE('',*,*,#1840,.F.);
#1348=ORIENTED_EDGE('',*,*,#1917,.F.);
#1349=ORIENTED_EDGE('',*,*,#1846,.F.);
#1350=ORIENTED_EDGE('',*,*,#1899,.F.);
#1351=ORIENTED_EDGE('',*,*,#1773,.F.);
#1352=ORIENTED_EDGE('',*,*,#1930,.F.);
#1353=ORIENTED_EDGE('',*,*,#1777,.F.);
#1354=ORIENTED_EDGE('',*,*,#1898,.F.);
#1355=ORIENTED_EDGE('',*,*,#1769,.F.);
#1356=ORIENTED_EDGE('',*,*,#1931,.F.);
#1357=ORIENTED_EDGE('',*,*,#1775,.F.);
#1358=ORIENTED_EDGE('',*,*,#1910,.F.);
#1359=ORIENTED_EDGE('',*,*,#1832,.F.);
#1360=ORIENTED_EDGE('',*,*,#1919,.F.);
#1361=ORIENTED_EDGE('',*,*,#1836,.F.);
#1362=VERTEX_POINT('',#3430);
#1363=VERTEX_POINT('',#3431);
#1364=VERTEX_POINT('',#3433);
#1365=VERTEX_POINT('',#3435);
#1366=VERTEX_POINT('',#3439);
#1367=VERTEX_POINT('',#3440);
#1368=VERTEX_POINT('',#3442);
#1369=VERTEX_POINT('',#3444);
#1370=VERTEX_POINT('',#3448);
#1371=VERTEX_POINT('',#3450);
#1372=VERTEX_POINT('',#3454);
#1373=VERTEX_POINT('',#3455);
#1374=VERTEX_POINT('',#3457);
#1375=VERTEX_POINT('',#3459);
#1376=VERTEX_POINT('',#3463);
#1377=VERTEX_POINT('',#3464);
#1378=VERTEX_POINT('',#3466);
#1379=VERTEX_POINT('',#3468);
#1380=VERTEX_POINT('',#3472);
#1381=VERTEX_POINT('',#3474);
#1382=VERTEX_POINT('',#3478);
#1383=VERTEX_POINT('',#3480);
#1384=VERTEX_POINT('',#3484);
#1385=VERTEX_POINT('',#3485);
#1386=VERTEX_POINT('',#3487);
#1387=VERTEX_POINT('',#3489);
#1388=VERTEX_POINT('',#3493);
#1389=VERTEX_POINT('',#3494);
#1390=VERTEX_POINT('',#3496);
#1391=VERTEX_POINT('',#3498);
#1392=VERTEX_POINT('',#3502);
#1393=VERTEX_POINT('',#3504);
#1394=VERTEX_POINT('',#3508);
#1395=VERTEX_POINT('',#3510);
#1396=VERTEX_POINT('',#3514);
#1397=VERTEX_POINT('',#3515);
#1398=VERTEX_POINT('',#3517);
#1399=VERTEX_POINT('',#3519);
#1400=VERTEX_POINT('',#3523);
#1401=VERTEX_POINT('',#3524);
#1402=VERTEX_POINT('',#3526);
#1403=VERTEX_POINT('',#3528);
#1404=VERTEX_POINT('',#3532);
#1405=VERTEX_POINT('',#3534);
#1406=VERTEX_POINT('',#3538);
#1407=VERTEX_POINT('',#3540);
#1408=VERTEX_POINT('',#3544);
#1409=VERTEX_POINT('',#3545);
#1410=VERTEX_POINT('',#3547);
#1411=VERTEX_POINT('',#3549);
#1412=VERTEX_POINT('',#3553);
#1413=VERTEX_POINT('',#3554);
#1414=VERTEX_POINT('',#3556);
#1415=VERTEX_POINT('',#3558);
#1416=VERTEX_POINT('',#3562);
#1417=VERTEX_POINT('',#3564);
#1418=VERTEX_POINT('',#3568);
#1419=VERTEX_POINT('',#3570);
#1420=VERTEX_POINT('',#3574);
#1421=VERTEX_POINT('',#3575);
#1422=VERTEX_POINT('',#3577);
#1423=VERTEX_POINT('',#3579);
#1424=VERTEX_POINT('',#3583);
#1425=VERTEX_POINT('',#3584);
#1426=VERTEX_POINT('',#3586);
#1427=VERTEX_POINT('',#3588);
#1428=VERTEX_POINT('',#3592);
#1429=VERTEX_POINT('',#3594);
#1430=VERTEX_POINT('',#3598);
#1431=VERTEX_POINT('',#3600);
#1432=VERTEX_POINT('',#3604);
#1433=VERTEX_POINT('',#3605);
#1434=VERTEX_POINT('',#3607);
#1435=VERTEX_POINT('',#3609);
#1436=VERTEX_POINT('',#3613);
#1437=VERTEX_POINT('',#3614);
#1438=VERTEX_POINT('',#3616);
#1439=VERTEX_POINT('',#3618);
#1440=VERTEX_POINT('',#3622);
#1441=VERTEX_POINT('',#3624);
#1442=VERTEX_POINT('',#3628);
#1443=VERTEX_POINT('',#3630);
#1444=VERTEX_POINT('',#3634);
#1445=VERTEX_POINT('',#3635);
#1446=VERTEX_POINT('',#3637);
#1447=VERTEX_POINT('',#3639);
#1448=VERTEX_POINT('',#3643);
#1449=VERTEX_POINT('',#3644);
#1450=VERTEX_POINT('',#3646);
#1451=VERTEX_POINT('',#3648);
#1452=VERTEX_POINT('',#3652);
#1453=VERTEX_POINT('',#3654);
#1454=VERTEX_POINT('',#3658);
#1455=VERTEX_POINT('',#3660);
#1456=VERTEX_POINT('',#3664);
#1457=VERTEX_POINT('',#3665);
#1458=VERTEX_POINT('',#3667);
#1459=VERTEX_POINT('',#3669);
#1460=VERTEX_POINT('',#3673);
#1461=VERTEX_POINT('',#3674);
#1462=VERTEX_POINT('',#3676);
#1463=VERTEX_POINT('',#3678);
#1464=VERTEX_POINT('',#3682);
#1465=VERTEX_POINT('',#3684);
#1466=VERTEX_POINT('',#3688);
#1467=VERTEX_POINT('',#3690);
#1468=VERTEX_POINT('',#3694);
#1469=VERTEX_POINT('',#3695);
#1470=VERTEX_POINT('',#3697);
#1471=VERTEX_POINT('',#3699);
#1472=VERTEX_POINT('',#3703);
#1473=VERTEX_POINT('',#3704);
#1474=VERTEX_POINT('',#3706);
#1475=VERTEX_POINT('',#3708);
#1476=VERTEX_POINT('',#3712);
#1477=VERTEX_POINT('',#3714);
#1478=VERTEX_POINT('',#3718);
#1479=VERTEX_POINT('',#3719);
#1480=VERTEX_POINT('',#3721);
#1481=VERTEX_POINT('',#3723);
#1482=VERTEX_POINT('',#3727);
#1483=VERTEX_POINT('',#3728);
#1484=VERTEX_POINT('',#3730);
#1485=VERTEX_POINT('',#3732);
#1486=VERTEX_POINT('',#3736);
#1487=VERTEX_POINT('',#3738);
#1488=VERTEX_POINT('',#3742);
#1489=VERTEX_POINT('',#3743);
#1490=VERTEX_POINT('',#3745);
#1491=VERTEX_POINT('',#3747);
#1492=VERTEX_POINT('',#3751);
#1493=VERTEX_POINT('',#3752);
#1494=VERTEX_POINT('',#3754);
#1495=VERTEX_POINT('',#3756);
#1496=VERTEX_POINT('',#3760);
#1497=VERTEX_POINT('',#3762);
#1498=VERTEX_POINT('',#3766);
#1499=VERTEX_POINT('',#3767);
#1500=VERTEX_POINT('',#3769);
#1501=VERTEX_POINT('',#3771);
#1502=VERTEX_POINT('',#3775);
#1503=VERTEX_POINT('',#3776);
#1504=VERTEX_POINT('',#3778);
#1505=VERTEX_POINT('',#3780);
#1506=VERTEX_POINT('',#3784);
#1507=VERTEX_POINT('',#3785);
#1508=VERTEX_POINT('',#3787);
#1509=VERTEX_POINT('',#3789);
#1510=VERTEX_POINT('',#3793);
#1511=VERTEX_POINT('',#3794);
#1512=VERTEX_POINT('',#3796);
#1513=VERTEX_POINT('',#3798);
#1514=VERTEX_POINT('',#3802);
#1515=VERTEX_POINT('',#3803);
#1516=VERTEX_POINT('',#3805);
#1517=VERTEX_POINT('',#3807);
#1518=VERTEX_POINT('',#3811);
#1519=VERTEX_POINT('',#3812);
#1520=VERTEX_POINT('',#3814);
#1521=VERTEX_POINT('',#3816);
#1522=VERTEX_POINT('',#3820);
#1523=VERTEX_POINT('',#3821);
#1524=VERTEX_POINT('',#3823);
#1525=VERTEX_POINT('',#3825);
#1526=VERTEX_POINT('',#3829);
#1527=VERTEX_POINT('',#3830);
#1528=VERTEX_POINT('',#3832);
#1529=VERTEX_POINT('',#3834);
#1530=VERTEX_POINT('',#3838);
#1531=VERTEX_POINT('',#3840);
#1532=VERTEX_POINT('',#3844);
#1533=VERTEX_POINT('',#3845);
#1534=VERTEX_POINT('',#3847);
#1535=VERTEX_POINT('',#3849);
#1536=VERTEX_POINT('',#3853);
#1537=VERTEX_POINT('',#3854);
#1538=VERTEX_POINT('',#3856);
#1539=VERTEX_POINT('',#3858);
#1540=VERTEX_POINT('',#3862);
#1541=VERTEX_POINT('',#3864);
#1542=VERTEX_POINT('',#3868);
#1543=VERTEX_POINT('',#3870);
#1544=VERTEX_POINT('',#3874);
#1545=VERTEX_POINT('',#3876);
#1546=VERTEX_POINT('',#3880);
#1547=VERTEX_POINT('',#3882);
#1548=VERTEX_POINT('',#3886);
#1549=VERTEX_POINT('',#3887);
#1550=VERTEX_POINT('',#3889);
#1551=VERTEX_POINT('',#3891);
#1552=VERTEX_POINT('',#3895);
#1553=VERTEX_POINT('',#3896);
#1554=VERTEX_POINT('',#3898);
#1555=VERTEX_POINT('',#3900);
#1556=VERTEX_POINT('',#3904);
#1557=VERTEX_POINT('',#3905);
#1558=VERTEX_POINT('',#3907);
#1559=VERTEX_POINT('',#3909);
#1560=VERTEX_POINT('',#3913);
#1561=VERTEX_POINT('',#3914);
#1562=VERTEX_POINT('',#3916);
#1563=VERTEX_POINT('',#3918);
#1564=VERTEX_POINT('',#3922);
#1565=VERTEX_POINT('',#3923);
#1566=VERTEX_POINT('',#3925);
#1567=VERTEX_POINT('',#3927);
#1568=VERTEX_POINT('',#3931);
#1569=VERTEX_POINT('',#3932);
#1570=VERTEX_POINT('',#3934);
#1571=VERTEX_POINT('',#3936);
#1572=VERTEX_POINT('',#3940);
#1573=VERTEX_POINT('',#3941);
#1574=VERTEX_POINT('',#3943);
#1575=VERTEX_POINT('',#3945);
#1576=VERTEX_POINT('',#3949);
#1577=VERTEX_POINT('',#3950);
#1578=VERTEX_POINT('',#3952);
#1579=VERTEX_POINT('',#3954);
#1580=VERTEX_POINT('',#3958);
#1581=VERTEX_POINT('',#3959);
#1582=VERTEX_POINT('',#3961);
#1583=VERTEX_POINT('',#3963);
#1584=VERTEX_POINT('',#3967);
#1585=VERTEX_POINT('',#3969);
#1586=VERTEX_POINT('',#3973);
#1587=VERTEX_POINT('',#3974);
#1588=VERTEX_POINT('',#3976);
#1589=VERTEX_POINT('',#3978);
#1590=VERTEX_POINT('',#3982);
#1591=VERTEX_POINT('',#3983);
#1592=VERTEX_POINT('',#3985);
#1593=VERTEX_POINT('',#3987);
#1594=VERTEX_POINT('',#3991);
#1595=VERTEX_POINT('',#3993);
#1596=VERTEX_POINT('',#3997);
#1597=VERTEX_POINT('',#4000);
#1598=VERTEX_POINT('',#4025);
#1599=VERTEX_POINT('',#4028);
#1600=VERTEX_POINT('',#4051);
#1601=VERTEX_POINT('',#4073);
#1602=VERTEX_POINT('',#4076);
#1603=VERTEX_POINT('',#4101);
#1604=EDGE_CURVE('',#1362,#1363,#1967,.T.);
#1605=EDGE_CURVE('',#1363,#1364,#1968,.T.);
#1606=EDGE_CURVE('',#1365,#1364,#1969,.T.);
#1607=EDGE_CURVE('',#1365,#1362,#1970,.T.);
#1608=EDGE_CURVE('',#1366,#1367,#1971,.T.);
#1609=EDGE_CURVE('',#1366,#1368,#1972,.T.);
#1610=EDGE_CURVE('',#1368,#1369,#1973,.T.);
#1611=EDGE_CURVE('',#1367,#1369,#1974,.T.);
#1612=EDGE_CURVE('',#1369,#1370,#1975,.T.);
#1613=EDGE_CURVE('',#1370,#1371,#1976,.T.);
#1614=EDGE_CURVE('',#1367,#1371,#1977,.T.);
#1615=EDGE_CURVE('',#1372,#1373,#1978,.T.);
#1616=EDGE_CURVE('',#1373,#1374,#1979,.T.);
#1617=EDGE_CURVE('',#1375,#1374,#1980,.T.);
#1618=EDGE_CURVE('',#1375,#1372,#1981,.T.);
#1619=EDGE_CURVE('',#1376,#1377,#1982,.T.);
#1620=EDGE_CURVE('',#1376,#1378,#1983,.T.);
#1621=EDGE_CURVE('',#1378,#1379,#1984,.T.);
#1622=EDGE_CURVE('',#1377,#1379,#1985,.T.);
#1623=EDGE_CURVE('',#1379,#1380,#1986,.T.);
#1624=EDGE_CURVE('',#1381,#1380,#1987,.T.);
#1625=EDGE_CURVE('',#1377,#1381,#1988,.T.);
#1626=EDGE_CURVE('',#1380,#1382,#1989,.T.);
#1627=EDGE_CURVE('',#1382,#1383,#1990,.T.);
#1628=EDGE_CURVE('',#1381,#1383,#1991,.T.);
#1629=EDGE_CURVE('',#1384,#1385,#1992,.T.);
#1630=EDGE_CURVE('',#1385,#1386,#1993,.T.);
#1631=EDGE_CURVE('',#1387,#1386,#1994,.T.);
#1632=EDGE_CURVE('',#1387,#1384,#1995,.T.);
#1633=EDGE_CURVE('',#1388,#1389,#1996,.T.);
#1634=EDGE_CURVE('',#1388,#1390,#1997,.T.);
#1635=EDGE_CURVE('',#1390,#1391,#1998,.T.);
#1636=EDGE_CURVE('',#1389,#1391,#1999,.T.);
#1637=EDGE_CURVE('',#1391,#1392,#2000,.T.);
#1638=EDGE_CURVE('',#1393,#1392,#2001,.T.);
#1639=EDGE_CURVE('',#1389,#1393,#2002,.T.);
#1640=EDGE_CURVE('',#1392,#1394,#2003,.T.);
#1641=EDGE_CURVE('',#1394,#1395,#2004,.T.);
#1642=EDGE_CURVE('',#1393,#1395,#2005,.T.);
#1643=EDGE_CURVE('',#1396,#1397,#2006,.T.);
#1644=EDGE_CURVE('',#1397,#1398,#2007,.T.);
#1645=EDGE_CURVE('',#1399,#1398,#2008,.T.);
#1646=EDGE_CURVE('',#1399,#1396,#2009,.T.);
#1647=EDGE_CURVE('',#1400,#1401,#2010,.T.);
#1648=EDGE_CURVE('',#1400,#1402,#2011,.T.);
#1649=EDGE_CURVE('',#1402,#1403,#2012,.T.);
#1650=EDGE_CURVE('',#1401,#1403,#2013,.T.);
#1651=EDGE_CURVE('',#1403,#1404,#2014,.T.);
#1652=EDGE_CURVE('',#1405,#1404,#2015,.T.);
#1653=EDGE_CURVE('',#1401,#1405,#2016,.T.);
#1654=EDGE_CURVE('',#1404,#1406,#2017,.T.);
#1655=EDGE_CURVE('',#1406,#1407,#2018,.T.);
#1656=EDGE_CURVE('',#1405,#1407,#2019,.T.);
#1657=EDGE_CURVE('',#1408,#1409,#2020,.T.);
#1658=EDGE_CURVE('',#1409,#1410,#2021,.T.);
#1659=EDGE_CURVE('',#1411,#1410,#2022,.T.);
#1660=EDGE_CURVE('',#1411,#1408,#2023,.T.);
#1661=EDGE_CURVE('',#1412,#1413,#2024,.T.);
#1662=EDGE_CURVE('',#1412,#1414,#2025,.T.);
#1663=EDGE_CURVE('',#1414,#1415,#2026,.T.);
#1664=EDGE_CURVE('',#1413,#1415,#2027,.T.);
#1665=EDGE_CURVE('',#1415,#1416,#2028,.T.);
#1666=EDGE_CURVE('',#1417,#1416,#2029,.T.);
#1667=EDGE_CURVE('',#1413,#1417,#2030,.T.);
#1668=EDGE_CURVE('',#1416,#1418,#2031,.T.);
#1669=EDGE_CURVE('',#1418,#1419,#2032,.T.);
#1670=EDGE_CURVE('',#1417,#1419,#2033,.T.);
#1671=EDGE_CURVE('',#1420,#1421,#2034,.T.);
#1672=EDGE_CURVE('',#1421,#1422,#2035,.T.);
#1673=EDGE_CURVE('',#1423,#1422,#2036,.T.);
#1674=EDGE_CURVE('',#1423,#1420,#2037,.T.);
#1675=EDGE_CURVE('',#1424,#1425,#2038,.T.);
#1676=EDGE_CURVE('',#1424,#1426,#2039,.T.);
#1677=EDGE_CURVE('',#1426,#1427,#2040,.T.);
#1678=EDGE_CURVE('',#1425,#1427,#2041,.T.);
#1679=EDGE_CURVE('',#1427,#1428,#2042,.T.);
#1680=EDGE_CURVE('',#1429,#1428,#2043,.T.);
#1681=EDGE_CURVE('',#1425,#1429,#2044,.T.);
#1682=EDGE_CURVE('',#1428,#1430,#2045,.T.);
#1683=EDGE_CURVE('',#1430,#1431,#2046,.T.);
#1684=EDGE_CURVE('',#1429,#1431,#2047,.T.);
#1685=EDGE_CURVE('',#1432,#1433,#2048,.T.);
#1686=EDGE_CURVE('',#1433,#1434,#2049,.T.);
#1687=EDGE_CURVE('',#1435,#1434,#2050,.T.);
#1688=EDGE_CURVE('',#1435,#1432,#2051,.T.);
#1689=EDGE_CURVE('',#1436,#1437,#2052,.T.);
#1690=EDGE_CURVE('',#1436,#1438,#2053,.T.);
#1691=EDGE_CURVE('',#1438,#1439,#2054,.T.);
#1692=EDGE_CURVE('',#1437,#1439,#2055,.T.);
#1693=EDGE_CURVE('',#1439,#1440,#2056,.T.);
#1694=EDGE_CURVE('',#1441,#1440,#2057,.T.);
#1695=EDGE_CURVE('',#1437,#1441,#2058,.T.);
#1696=EDGE_CURVE('',#1440,#1442,#2059,.T.);
#1697=EDGE_CURVE('',#1442,#1443,#2060,.T.);
#1698=EDGE_CURVE('',#1441,#1443,#2061,.T.);
#1699=EDGE_CURVE('',#1444,#1445,#2062,.T.);
#1700=EDGE_CURVE('',#1445,#1446,#2063,.T.);
#1701=EDGE_CURVE('',#1447,#1446,#2064,.T.);
#1702=EDGE_CURVE('',#1447,#1444,#2065,.T.);
#1703=EDGE_CURVE('',#1448,#1449,#2066,.T.);
#1704=EDGE_CURVE('',#1448,#1450,#2067,.T.);
#1705=EDGE_CURVE('',#1450,#1451,#2068,.T.);
#1706=EDGE_CURVE('',#1449,#1451,#2069,.T.);
#1707=EDGE_CURVE('',#1451,#1452,#2070,.T.);
#1708=EDGE_CURVE('',#1453,#1452,#2071,.T.);
#1709=EDGE_CURVE('',#1449,#1453,#2072,.T.);
#1710=EDGE_CURVE('',#1452,#1454,#2073,.T.);
#1711=EDGE_CURVE('',#1454,#1455,#2074,.T.);
#1712=EDGE_CURVE('',#1453,#1455,#2075,.T.);
#1713=EDGE_CURVE('',#1456,#1457,#2076,.T.);
#1714=EDGE_CURVE('',#1457,#1458,#2077,.T.);
#1715=EDGE_CURVE('',#1459,#1458,#2078,.T.);
#1716=EDGE_CURVE('',#1459,#1456,#2079,.T.);
#1717=EDGE_CURVE('',#1460,#1461,#2080,.T.);
#1718=EDGE_CURVE('',#1460,#1462,#2081,.T.);
#1719=EDGE_CURVE('',#1462,#1463,#2082,.T.);
#1720=EDGE_CURVE('',#1461,#1463,#2083,.T.);
#1721=EDGE_CURVE('',#1463,#1464,#2084,.T.);
#1722=EDGE_CURVE('',#1465,#1464,#2085,.T.);
#1723=EDGE_CURVE('',#1461,#1465,#2086,.T.);
#1724=EDGE_CURVE('',#1464,#1466,#2087,.T.);
#1725=EDGE_CURVE('',#1466,#1467,#2088,.T.);
#1726=EDGE_CURVE('',#1465,#1467,#2089,.T.);
#1727=EDGE_CURVE('',#1468,#1469,#2090,.T.);
#1728=EDGE_CURVE('',#1468,#1470,#2091,.T.);
#1729=EDGE_CURVE('',#1470,#1471,#2092,.T.);
#1730=EDGE_CURVE('',#1471,#1469,#2093,.T.);
#1731=EDGE_CURVE('',#1472,#1473,#2094,.T.);
#1732=EDGE_CURVE('',#1472,#1474,#2095,.T.);
#1733=EDGE_CURVE('',#1474,#1475,#2096,.T.);
#1734=EDGE_CURVE('',#1473,#1475,#2097,.T.);
#1735=EDGE_CURVE('',#1475,#1476,#2098,.T.);
#1736=EDGE_CURVE('',#1476,#1477,#2099,.T.);
#1737=EDGE_CURVE('',#1473,#1477,#2100,.T.);
#1738=EDGE_CURVE('',#1478,#1479,#2101,.T.);
#1739=EDGE_CURVE('',#1478,#1480,#2102,.T.);
#1740=EDGE_CURVE('',#1480,#1481,#2103,.T.);
#1741=EDGE_CURVE('',#1481,#1479,#2104,.T.);
#1742=EDGE_CURVE('',#1482,#1483,#2105,.T.);
#1743=EDGE_CURVE('',#1482,#1484,#2106,.T.);
#1744=EDGE_CURVE('',#1484,#1485,#2107,.T.);
#1745=EDGE_CURVE('',#1483,#1485,#2108,.T.);
#1746=EDGE_CURVE('',#1485,#1486,#2109,.T.);
#1747=EDGE_CURVE('',#1486,#1487,#2110,.T.);
#1748=EDGE_CURVE('',#1483,#1487,#2111,.T.);
#1749=EDGE_CURVE('',#1488,#1489,#2112,.T.);
#1750=EDGE_CURVE('',#1488,#1490,#2113,.T.);
#1751=EDGE_CURVE('',#1490,#1491,#2114,.T.);
#1752=EDGE_CURVE('',#1491,#1489,#2115,.T.);
#1753=EDGE_CURVE('',#1492,#1493,#2116,.T.);
#1754=EDGE_CURVE('',#1492,#1494,#2117,.T.);
#1755=EDGE_CURVE('',#1494,#1495,#2118,.T.);
#1756=EDGE_CURVE('',#1493,#1495,#2119,.T.);
#1757=EDGE_CURVE('',#1495,#1496,#2120,.T.);
#1758=EDGE_CURVE('',#1496,#1497,#2121,.T.);
#1759=EDGE_CURVE('',#1493,#1497,#2122,.T.);
#1760=EDGE_CURVE('',#1498,#1499,#2123,.T.);
#1761=EDGE_CURVE('',#1499,#1500,#2124,.T.);
#1762=EDGE_CURVE('',#1501,#1500,#2125,.T.);
#1763=EDGE_CURVE('',#1501,#1498,#2126,.T.);
#1764=EDGE_CURVE('',#1502,#1503,#2127,.T.);
#1765=EDGE_CURVE('',#1502,#1504,#2128,.T.);
#1766=EDGE_CURVE('',#1504,#1505,#2129,.T.);
#1767=EDGE_CURVE('',#1505,#1503,#2130,.T.);
#1768=EDGE_CURVE('',#1506,#1507,#2131,.T.);
#1769=EDGE_CURVE('',#1507,#1508,#2132,.T.);
#1770=EDGE_CURVE('',#1509,#1508,#2133,.T.);
#1771=EDGE_CURVE('',#1509,#1506,#2134,.T.);
#1772=EDGE_CURVE('',#1510,#1511,#2135,.T.);
#1773=EDGE_CURVE('',#1511,#1512,#2136,.T.);
#1774=EDGE_CURVE('',#1513,#1512,#2137,.T.);
#1775=EDGE_CURVE('',#1513,#1510,#2138,.T.);
#1776=EDGE_CURVE('',#1514,#1515,#2139,.T.);
#1777=EDGE_CURVE('',#1514,#1516,#2140,.T.);
#1778=EDGE_CURVE('',#1516,#1517,#2141,.T.);
#1779=EDGE_CURVE('',#1517,#1515,#2142,.T.);
#1780=EDGE_CURVE('',#1518,#1519,#89,.T.);
#1781=EDGE_CURVE('',#1519,#1520,#2143,.T.);
#1782=EDGE_CURVE('',#1521,#1520,#90,.T.);
#1783=EDGE_CURVE('',#1521,#1518,#2144,.T.);
#1784=EDGE_CURVE('',#1522,#1523,#2145,.T.);
#1785=EDGE_CURVE('',#1523,#1524,#2146,.T.);
#1786=EDGE_CURVE('',#1525,#1524,#2147,.T.);
#1787=EDGE_CURVE('',#1525,#1522,#2148,.T.);
#1788=EDGE_CURVE('',#1526,#1527,#91,.T.);
#1789=EDGE_CURVE('',#1526,#1528,#2149,.T.);
#1790=EDGE_CURVE('',#1528,#1529,#92,.T.);
#1791=EDGE_CURVE('',#1527,#1529,#2150,.T.);
#1792=EDGE_CURVE('',#1529,#1530,#2151,.T.);
#1793=EDGE_CURVE('',#1530,#1531,#2152,.T.);
#1794=EDGE_CURVE('',#1527,#1531,#2153,.T.);
#1795=EDGE_CURVE('',#1532,#1533,#2154,.T.);
#1796=EDGE_CURVE('',#1532,#1534,#2155,.T.);
#1797=EDGE_CURVE('',#1534,#1535,#2156,.T.);
#1798=EDGE_CURVE('',#1535,#1533,#2157,.T.);
#1799=EDGE_CURVE('',#1536,#1537,#2158,.T.);
#1800=EDGE_CURVE('',#1536,#1538,#2159,.T.);
#1801=EDGE_CURVE('',#1538,#1539,#2160,.T.);
#1802=EDGE_CURVE('',#1537,#1539,#2161,.T.);
#1803=EDGE_CURVE('',#1539,#1540,#93,.T.);
#1804=EDGE_CURVE('',#1541,#1540,#2162,.T.);
#1805=EDGE_CURVE('',#1537,#1541,#94,.T.);
#1806=EDGE_CURVE('',#1540,#1542,#2163,.T.);
#1807=EDGE_CURVE('',#1543,#1542,#2164,.T.);
#1808=EDGE_CURVE('',#1541,#1543,#2165,.T.);
#1809=EDGE_CURVE('',#1542,#1544,#95,.T.);
#1810=EDGE_CURVE('',#1545,#1544,#2166,.T.);
#1811=EDGE_CURVE('',#1543,#1545,#96,.T.);
#1812=EDGE_CURVE('',#1544,#1546,#2167,.T.);
#1813=EDGE_CURVE('',#1546,#1547,#2168,.T.);
#1814=EDGE_CURVE('',#1545,#1547,#2169,.T.);
#1815=EDGE_CURVE('',#1548,#1549,#97,.T.);
#1816=EDGE_CURVE('',#1549,#1550,#2170,.T.);
#1817=EDGE_CURVE('',#1551,#1550,#98,.T.);
#1818=EDGE_CURVE('',#1551,#1548,#2171,.T.);
#1819=EDGE_CURVE('',#1552,#1553,#2172,.T.);
#1820=EDGE_CURVE('',#1553,#1554,#2173,.T.);
#1821=EDGE_CURVE('',#1555,#1554,#2174,.T.);
#1822=EDGE_CURVE('',#1555,#1552,#2175,.T.);
#1823=EDGE_CURVE('',#1556,#1557,#99,.T.);
#1824=EDGE_CURVE('',#1557,#1558,#2176,.T.);
#1825=EDGE_CURVE('',#1559,#1558,#100,.T.);
#1826=EDGE_CURVE('',#1559,#1556,#2177,.T.);
#1827=EDGE_CURVE('',#1560,#1561,#2178,.T.);
#1828=EDGE_CURVE('',#1561,#1562,#2179,.T.);
#1829=EDGE_CURVE('',#1563,#1562,#2180,.T.);
#1830=EDGE_CURVE('',#1563,#1560,#2181,.T.);
#1831=EDGE_CURVE('',#1564,#1565,#2182,.T.);
#1832=EDGE_CURVE('',#1565,#1566,#2183,.T.);
#1833=EDGE_CURVE('',#1567,#1566,#2184,.T.);
#1834=EDGE_CURVE('',#1567,#1564,#2185,.T.);
#1835=EDGE_CURVE('',#1568,#1569,#2186,.T.);
#1836=EDGE_CURVE('',#1568,#1570,#2187,.T.);
#1837=EDGE_CURVE('',#1570,#1571,#2188,.T.);
#1838=EDGE_CURVE('',#1571,#1569,#2189,.T.);
#1839=EDGE_CURVE('',#1572,#1573,#2190,.T.);
#1840=EDGE_CURVE('',#1573,#1574,#2191,.T.);
#1841=EDGE_CURVE('',#1575,#1574,#2192,.T.);
#1842=EDGE_CURVE('',#1575,#1572,#2193,.T.);
#1843=EDGE_CURVE('',#1576,#1577,#2194,.T.);
#1844=EDGE_CURVE('',#1577,#1578,#2195,.T.);
#1845=EDGE_CURVE('',#1579,#1578,#2196,.T.);
#1846=EDGE_CURVE('',#1579,#1576,#2197,.T.);
#1847=EDGE_CURVE('',#1580,#1581,#2198,.T.);
#1848=EDGE_CURVE('',#1580,#1582,#2199,.T.);
#1849=EDGE_CURVE('',#1582,#1583,#2200,.T.);
#1850=EDGE_CURVE('',#1581,#1583,#2201,.T.);
#1851=EDGE_CURVE('',#1583,#1584,#2202,.T.);
#1852=EDGE_CURVE('',#1584,#1585,#2203,.T.);
#1853=EDGE_CURVE('',#1581,#1585,#2204,.T.);
#1854=EDGE_CURVE('',#1586,#1587,#2205,.T.);
#1855=EDGE_CURVE('',#1587,#1588,#2206,.T.);
#1856=EDGE_CURVE('',#1589,#1588,#2207,.T.);
#1857=EDGE_CURVE('',#1589,#1586,#2208,.T.);
#1858=EDGE_CURVE('',#1590,#1591,#2209,.T.);
#1859=EDGE_CURVE('',#1590,#1592,#2210,.T.);
#1860=EDGE_CURVE('',#1592,#1593,#2211,.T.);
#1861=EDGE_CURVE('',#1591,#1593,#2212,.T.);
#1862=EDGE_CURVE('',#1593,#1594,#2213,.T.);
#1863=EDGE_CURVE('',#1594,#1595,#2214,.T.);
#1864=EDGE_CURVE('',#1591,#1595,#2215,.T.);
#1865=EDGE_CURVE('',#1585,#1596,#101,.T.);
#1866=EDGE_CURVE('',#1596,#1589,#102,.T.);
#1867=EDGE_CURVE('',#1588,#1597,#103,.T.);
#1868=EDGE_CURVE('',#1597,#1590,#104,.T.);
#1869=EDGE_CURVE('',#1595,#1365,#105,.T.);
#1870=EDGE_CURVE('',#1364,#1366,#106,.T.);
#1871=EDGE_CURVE('',#1371,#1375,#107,.T.);
#1872=EDGE_CURVE('',#1374,#1376,#108,.T.);
#1873=EDGE_CURVE('',#1383,#1387,#109,.T.);
#1874=EDGE_CURVE('',#1386,#1388,#110,.T.);
#1875=EDGE_CURVE('',#1395,#1399,#111,.T.);
#1876=EDGE_CURVE('',#1398,#1400,#112,.T.);
#1877=EDGE_CURVE('',#1407,#1411,#113,.T.);
#1878=EDGE_CURVE('',#1410,#1412,#114,.T.);
#1879=EDGE_CURVE('',#1419,#1423,#115,.T.);
#1880=EDGE_CURVE('',#1422,#1424,#116,.T.);
#1881=EDGE_CURVE('',#1431,#1435,#117,.T.);
#1882=EDGE_CURVE('',#1434,#1436,#118,.T.);
#1883=EDGE_CURVE('',#1443,#1447,#119,.T.);
#1884=EDGE_CURVE('',#1446,#1448,#120,.T.);
#1885=EDGE_CURVE('',#1455,#1459,#121,.T.);
#1886=EDGE_CURVE('',#1458,#1460,#122,.T.);
#1887=EDGE_CURVE('',#1467,#1468,#123,.T.);
#1888=EDGE_CURVE('',#1469,#1472,#124,.T.);
#1889=EDGE_CURVE('',#1477,#1478,#125,.T.);
#1890=EDGE_CURVE('',#1479,#1482,#126,.T.);
#1891=EDGE_CURVE('',#1487,#1598,#127,.T.);
#1892=EDGE_CURVE('',#1598,#1488,#128,.T.);
#1893=EDGE_CURVE('',#1489,#1599,#129,.T.);
#1894=EDGE_CURVE('',#1599,#1492,#130,.T.);
#1895=EDGE_CURVE('',#1497,#1501,#131,.T.);
#1896=EDGE_CURVE('',#1500,#1502,#132,.T.);
#1897=EDGE_CURVE('',#1503,#1509,#133,.T.);
#1898=EDGE_CURVE('',#1508,#1513,#134,.T.);
#1899=EDGE_CURVE('',#1512,#1514,#135,.T.);
#1900=EDGE_CURVE('',#1515,#1521,#136,.T.);
#1901=EDGE_CURVE('',#1520,#1525,#137,.T.);
#1902=EDGE_CURVE('',#1524,#1526,#138,.T.);
#1903=EDGE_CURVE('',#1531,#1532,#139,.T.);
#1904=EDGE_CURVE('',#1533,#1536,#140,.T.);
#1905=EDGE_CURVE('',#1547,#1551,#141,.T.);
#1906=EDGE_CURVE('',#1550,#1555,#142,.T.);
#1907=EDGE_CURVE('',#1554,#1559,#143,.T.);
#1908=EDGE_CURVE('',#1558,#1563,#144,.T.);
#1909=EDGE_CURVE('',#1562,#1567,#145,.T.);
#1910=EDGE_CURVE('',#1566,#1568,#146,.T.);
#1911=EDGE_CURVE('',#1569,#1575,#147,.T.);
#1912=EDGE_CURVE('',#1574,#1579,#148,.T.);
#1913=EDGE_CURVE('',#1578,#1580,#149,.T.);
#1914=EDGE_CURVE('',#1586,#1600,#150,.T.);
#1915=EDGE_CURVE('',#1600,#1584,#151,.T.);
#1916=EDGE_CURVE('',#1582,#1577,#152,.T.);
#1917=EDGE_CURVE('',#1576,#1573,#153,.T.);
#1918=EDGE_CURVE('',#1572,#1571,#154,.T.);
#1919=EDGE_CURVE('',#1570,#1565,#155,.T.);
#1920=EDGE_CURVE('',#1564,#1561,#156,.T.);
#1921=EDGE_CURVE('',#1560,#1557,#157,.T.);
#1922=EDGE_CURVE('',#1556,#1553,#158,.T.);
#1923=EDGE_CURVE('',#1552,#1549,#159,.T.);
#1924=EDGE_CURVE('',#1548,#1546,#160,.T.);
#1925=EDGE_CURVE('',#1538,#1535,#161,.T.);
#1926=EDGE_CURVE('',#1534,#1530,#162,.T.);
#1927=EDGE_CURVE('',#1528,#1523,#163,.T.);
#1928=EDGE_CURVE('',#1522,#1519,#164,.T.);
#1929=EDGE_CURVE('',#1518,#1517,#165,.T.);
#1930=EDGE_CURVE('',#1516,#1511,#166,.T.);
#1931=EDGE_CURVE('',#1510,#1507,#167,.T.);
#1932=EDGE_CURVE('',#1506,#1505,#168,.T.);
#1933=EDGE_CURVE('',#1504,#1499,#169,.T.);
#1934=EDGE_CURVE('',#1498,#1496,#170,.T.);
#1935=EDGE_CURVE('',#1494,#1601,#171,.T.);
#1936=EDGE_CURVE('',#1601,#1491,#172,.T.);
#1937=EDGE_CURVE('',#1490,#1602,#173,.T.);
#1938=EDGE_CURVE('',#1602,#1486,#174,.T.);
#1939=EDGE_CURVE('',#1484,#1481,#175,.T.);
#1940=EDGE_CURVE('',#1480,#1476,#176,.T.);
#1941=EDGE_CURVE('',#1474,#1471,#177,.T.);
#1942=EDGE_CURVE('',#1470,#1466,#178,.T.);
#1943=EDGE_CURVE('',#1462,#1457,#179,.T.);
#1944=EDGE_CURVE('',#1456,#1454,#180,.T.);
#1945=EDGE_CURVE('',#1450,#1445,#181,.T.);
#1946=EDGE_CURVE('',#1444,#1442,#182,.T.);
#1947=EDGE_CURVE('',#1438,#1433,#183,.T.);
#1948=EDGE_CURVE('',#1432,#1430,#184,.T.);
#1949=EDGE_CURVE('',#1426,#1421,#185,.T.);
#1950=EDGE_CURVE('',#1420,#1418,#186,.T.);
#1951=EDGE_CURVE('',#1414,#1409,#187,.T.);
#1952=EDGE_CURVE('',#1408,#1406,#188,.T.);
#1953=EDGE_CURVE('',#1402,#1397,#189,.T.);
#1954=EDGE_CURVE('',#1396,#1394,#190,.T.);
#1955=EDGE_CURVE('',#1390,#1385,#191,.T.);
#1956=EDGE_CURVE('',#1384,#1382,#192,.T.);
#1957=EDGE_CURVE('',#1378,#1373,#193,.T.);
#1958=EDGE_CURVE('',#1372,#1370,#194,.T.);
#1959=EDGE_CURVE('',#1368,#1363,#195,.T.);
#1960=EDGE_CURVE('',#1362,#1594,#196,.T.);
#1961=EDGE_CURVE('',#1592,#1603,#197,.T.);
#1962=EDGE_CURVE('',#1603,#1587,#198,.T.);
#1963=EDGE_CURVE('',#1603,#1597,#2216,.T.);
#1964=EDGE_CURVE('',#1596,#1600,#2217,.T.);
#1965=EDGE_CURVE('',#1598,#1602,#2218,.T.);
#1966=EDGE_CURVE('',#1601,#1599,#2219,.T.);
#1967=LINE('',#3429,#2220);
#1968=LINE('',#3432,#2221);
#1969=LINE('',#3434,#2222);
#1970=LINE('',#3436,#2223);
#1971=LINE('',#3438,#2224);
#1972=LINE('',#3441,#2225);
#1973=LINE('',#3443,#2226);
#1974=LINE('',#3445,#2227);
#1975=LINE('',#3447,#2228);
#1976=LINE('',#3449,#2229);
#1977=LINE('',#3451,#2230);
#1978=LINE('',#3453,#2231);
#1979=LINE('',#3456,#2232);
#1980=LINE('',#3458,#2233);
#1981=LINE('',#3460,#2234);
#1982=LINE('',#3462,#2235);
#1983=LINE('',#3465,#2236);
#1984=LINE('',#3467,#2237);
#1985=LINE('',#3469,#2238);
#1986=LINE('',#3471,#2239);
#1987=LINE('',#3473,#2240);
#1988=LINE('',#3475,#2241);
#1989=LINE('',#3477,#2242);
#1990=LINE('',#3479,#2243);
#1991=LINE('',#3481,#2244);
#1992=LINE('',#3483,#2245);
#1993=LINE('',#3486,#2246);
#1994=LINE('',#3488,#2247);
#1995=LINE('',#3490,#2248);
#1996=LINE('',#3492,#2249);
#1997=LINE('',#3495,#2250);
#1998=LINE('',#3497,#2251);
#1999=LINE('',#3499,#2252);
#2000=LINE('',#3501,#2253);
#2001=LINE('',#3503,#2254);
#2002=LINE('',#3505,#2255);
#2003=LINE('',#3507,#2256);
#2004=LINE('',#3509,#2257);
#2005=LINE('',#3511,#2258);
#2006=LINE('',#3513,#2259);
#2007=LINE('',#3516,#2260);
#2008=LINE('',#3518,#2261);
#2009=LINE('',#3520,#2262);
#2010=LINE('',#3522,#2263);
#2011=LINE('',#3525,#2264);
#2012=LINE('',#3527,#2265);
#2013=LINE('',#3529,#2266);
#2014=LINE('',#3531,#2267);
#2015=LINE('',#3533,#2268);
#2016=LINE('',#3535,#2269);
#2017=LINE('',#3537,#2270);
#2018=LINE('',#3539,#2271);
#2019=LINE('',#3541,#2272);
#2020=LINE('',#3543,#2273);
#2021=LINE('',#3546,#2274);
#2022=LINE('',#3548,#2275);
#2023=LINE('',#3550,#2276);
#2024=LINE('',#3552,#2277);
#2025=LINE('',#3555,#2278);
#2026=LINE('',#3557,#2279);
#2027=LINE('',#3559,#2280);
#2028=LINE('',#3561,#2281);
#2029=LINE('',#3563,#2282);
#2030=LINE('',#3565,#2283);
#2031=LINE('',#3567,#2284);
#2032=LINE('',#3569,#2285);
#2033=LINE('',#3571,#2286);
#2034=LINE('',#3573,#2287);
#2035=LINE('',#3576,#2288);
#2036=LINE('',#3578,#2289);
#2037=LINE('',#3580,#2290);
#2038=LINE('',#3582,#2291);
#2039=LINE('',#3585,#2292);
#2040=LINE('',#3587,#2293);
#2041=LINE('',#3589,#2294);
#2042=LINE('',#3591,#2295);
#2043=LINE('',#3593,#2296);
#2044=LINE('',#3595,#2297);
#2045=LINE('',#3597,#2298);
#2046=LINE('',#3599,#2299);
#2047=LINE('',#3601,#2300);
#2048=LINE('',#3603,#2301);
#2049=LINE('',#3606,#2302);
#2050=LINE('',#3608,#2303);
#2051=LINE('',#3610,#2304);
#2052=LINE('',#3612,#2305);
#2053=LINE('',#3615,#2306);
#2054=LINE('',#3617,#2307);
#2055=LINE('',#3619,#2308);
#2056=LINE('',#3621,#2309);
#2057=LINE('',#3623,#2310);
#2058=LINE('',#3625,#2311);
#2059=LINE('',#3627,#2312);
#2060=LINE('',#3629,#2313);
#2061=LINE('',#3631,#2314);
#2062=LINE('',#3633,#2315);
#2063=LINE('',#3636,#2316);
#2064=LINE('',#3638,#2317);
#2065=LINE('',#3640,#2318);
#2066=LINE('',#3642,#2319);
#2067=LINE('',#3645,#2320);
#2068=LINE('',#3647,#2321);
#2069=LINE('',#3649,#2322);
#2070=LINE('',#3651,#2323);
#2071=LINE('',#3653,#2324);
#2072=LINE('',#3655,#2325);
#2073=LINE('',#3657,#2326);
#2074=LINE('',#3659,#2327);
#2075=LINE('',#3661,#2328);
#2076=LINE('',#3663,#2329);
#2077=LINE('',#3666,#2330);
#2078=LINE('',#3668,#2331);
#2079=LINE('',#3670,#2332);
#2080=LINE('',#3672,#2333);
#2081=LINE('',#3675,#2334);
#2082=LINE('',#3677,#2335);
#2083=LINE('',#3679,#2336);
#2084=LINE('',#3681,#2337);
#2085=LINE('',#3683,#2338);
#2086=LINE('',#3685,#2339);
#2087=LINE('',#3687,#2340);
#2088=LINE('',#3689,#2341);
#2089=LINE('',#3691,#2342);
#2090=LINE('',#3693,#2343);
#2091=LINE('',#3696,#2344);
#2092=LINE('',#3698,#2345);
#2093=LINE('',#3700,#2346);
#2094=LINE('',#3702,#2347);
#2095=LINE('',#3705,#2348);
#2096=LINE('',#3707,#2349);
#2097=LINE('',#3709,#2350);
#2098=LINE('',#3711,#2351);
#2099=LINE('',#3713,#2352);
#2100=LINE('',#3715,#2353);
#2101=LINE('',#3717,#2354);
#2102=LINE('',#3720,#2355);
#2103=LINE('',#3722,#2356);
#2104=LINE('',#3724,#2357);
#2105=LINE('',#3726,#2358);
#2106=LINE('',#3729,#2359);
#2107=LINE('',#3731,#2360);
#2108=LINE('',#3733,#2361);
#2109=LINE('',#3735,#2362);
#2110=LINE('',#3737,#2363);
#2111=LINE('',#3739,#2364);
#2112=LINE('',#3741,#2365);
#2113=LINE('',#3744,#2366);
#2114=LINE('',#3746,#2367);
#2115=LINE('',#3748,#2368);
#2116=LINE('',#3750,#2369);
#2117=LINE('',#3753,#2370);
#2118=LINE('',#3755,#2371);
#2119=LINE('',#3757,#2372);
#2120=LINE('',#3759,#2373);
#2121=LINE('',#3761,#2374);
#2122=LINE('',#3763,#2375);
#2123=LINE('',#3765,#2376);
#2124=LINE('',#3768,#2377);
#2125=LINE('',#3770,#2378);
#2126=LINE('',#3772,#2379);
#2127=LINE('',#3774,#2380);
#2128=LINE('',#3777,#2381);
#2129=LINE('',#3779,#2382);
#2130=LINE('',#3781,#2383);
#2131=LINE('',#3783,#2384);
#2132=LINE('',#3786,#2385);
#2133=LINE('',#3788,#2386);
#2134=LINE('',#3790,#2387);
#2135=LINE('',#3792,#2388);
#2136=LINE('',#3795,#2389);
#2137=LINE('',#3797,#2390);
#2138=LINE('',#3799,#2391);
#2139=LINE('',#3801,#2392);
#2140=LINE('',#3804,#2393);
#2141=LINE('',#3806,#2394);
#2142=LINE('',#3808,#2395);
#2143=LINE('',#3813,#2396);
#2144=LINE('',#3817,#2397);
#2145=LINE('',#3819,#2398);
#2146=LINE('',#3822,#2399);
#2147=LINE('',#3824,#2400);
#2148=LINE('',#3826,#2401);
#2149=LINE('',#3831,#2402);
#2150=LINE('',#3835,#2403);
#2151=LINE('',#3837,#2404);
#2152=LINE('',#3839,#2405);
#2153=LINE('',#3841,#2406);
#2154=LINE('',#3843,#2407);
#2155=LINE('',#3846,#2408);
#2156=LINE('',#3848,#2409);
#2157=LINE('',#3850,#2410);
#2158=LINE('',#3852,#2411);
#2159=LINE('',#3855,#2412);
#2160=LINE('',#3857,#2413);
#2161=LINE('',#3859,#2414);
#2162=LINE('',#3863,#2415);
#2163=LINE('',#3867,#2416);
#2164=LINE('',#3869,#2417);
#2165=LINE('',#3871,#2418);
#2166=LINE('',#3875,#2419);
#2167=LINE('',#3879,#2420);
#2168=LINE('',#3881,#2421);
#2169=LINE('',#3883,#2422);
#2170=LINE('',#3888,#2423);
#2171=LINE('',#3892,#2424);
#2172=LINE('',#3894,#2425);
#2173=LINE('',#3897,#2426);
#2174=LINE('',#3899,#2427);
#2175=LINE('',#3901,#2428);
#2176=LINE('',#3906,#2429);
#2177=LINE('',#3910,#2430);
#2178=LINE('',#3912,#2431);
#2179=LINE('',#3915,#2432);
#2180=LINE('',#3917,#2433);
#2181=LINE('',#3919,#2434);
#2182=LINE('',#3921,#2435);
#2183=LINE('',#3924,#2436);
#2184=LINE('',#3926,#2437);
#2185=LINE('',#3928,#2438);
#2186=LINE('',#3930,#2439);
#2187=LINE('',#3933,#2440);
#2188=LINE('',#3935,#2441);
#2189=LINE('',#3937,#2442);
#2190=LINE('',#3939,#2443);
#2191=LINE('',#3942,#2444);
#2192=LINE('',#3944,#2445);
#2193=LINE('',#3946,#2446);
#2194=LINE('',#3948,#2447);
#2195=LINE('',#3951,#2448);
#2196=LINE('',#3953,#2449);
#2197=LINE('',#3955,#2450);
#2198=LINE('',#3957,#2451);
#2199=LINE('',#3960,#2452);
#2200=LINE('',#3962,#2453);
#2201=LINE('',#3964,#2454);
#2202=LINE('',#3966,#2455);
#2203=LINE('',#3968,#2456);
#2204=LINE('',#3970,#2457);
#2205=LINE('',#3972,#2458);
#2206=LINE('',#3975,#2459);
#2207=LINE('',#3977,#2460);
#2208=LINE('',#3979,#2461);
#2209=LINE('',#3981,#2462);
#2210=LINE('',#3984,#2463);
#2211=LINE('',#3986,#2464);
#2212=LINE('',#3988,#2465);
#2213=LINE('',#3990,#2466);
#2214=LINE('',#3992,#2467);
#2215=LINE('',#3994,#2468);
#2216=LINE('',#4107,#2469);
#2217=LINE('',#4110,#2470);
#2218=LINE('',#4113,#2471);
#2219=LINE('',#4116,#2472);
#2220=VECTOR('',#2709,1.);
#2221=VECTOR('',#2710,1.);
#2222=VECTOR('',#2711,1.);
#2223=VECTOR('',#2712,1.);
#2224=VECTOR('',#2715,1.);
#2225=VECTOR('',#2716,1.);
#2226=VECTOR('',#2717,1.);
#2227=VECTOR('',#2718,1.);
#2228=VECTOR('',#2721,1.);
#2229=VECTOR('',#2722,1.);
#2230=VECTOR('',#2723,1.);
#2231=VECTOR('',#2726,1.);
#2232=VECTOR('',#2727,1.);
#2233=VECTOR('',#2728,1.);
#2234=VECTOR('',#2729,1.);
#2235=VECTOR('',#2732,1.);
#2236=VECTOR('',#2733,1.);
#2237=VECTOR('',#2734,1.);
#2238=VECTOR('',#2735,1.);
#2239=VECTOR('',#2738,1.);
#2240=VECTOR('',#2739,1.);
#2241=VECTOR('',#2740,1.);
#2242=VECTOR('',#2743,1.);
#2243=VECTOR('',#2744,1.);
#2244=VECTOR('',#2745,1.);
#2245=VECTOR('',#2748,1.);
#2246=VECTOR('',#2749,1.);
#2247=VECTOR('',#2750,1.);
#2248=VECTOR('',#2751,1.);
#2249=VECTOR('',#2754,1.);
#2250=VECTOR('',#2755,1.);
#2251=VECTOR('',#2756,1.);
#2252=VECTOR('',#2757,1.);
#2253=VECTOR('',#2760,1.);
#2254=VECTOR('',#2761,1.);
#2255=VECTOR('',#2762,1.);
#2256=VECTOR('',#2765,1.);
#2257=VECTOR('',#2766,1.);
#2258=VECTOR('',#2767,1.);
#2259=VECTOR('',#2770,1.);
#2260=VECTOR('',#2771,1.);
#2261=VECTOR('',#2772,1.);
#2262=VECTOR('',#2773,1.);
#2263=VECTOR('',#2776,1.);
#2264=VECTOR('',#2777,1.);
#2265=VECTOR('',#2778,1.);
#2266=VECTOR('',#2779,1.);
#2267=VECTOR('',#2782,1.);
#2268=VECTOR('',#2783,1.);
#2269=VECTOR('',#2784,1.);
#2270=VECTOR('',#2787,1.);
#2271=VECTOR('',#2788,1.);
#2272=VECTOR('',#2789,1.);
#2273=VECTOR('',#2792,1.);
#2274=VECTOR('',#2793,1.);
#2275=VECTOR('',#2794,1.);
#2276=VECTOR('',#2795,1.);
#2277=VECTOR('',#2798,1.);
#2278=VECTOR('',#2799,1.);
#2279=VECTOR('',#2800,1.);
#2280=VECTOR('',#2801,1.);
#2281=VECTOR('',#2804,1.);
#2282=VECTOR('',#2805,1.);
#2283=VECTOR('',#2806,1.);
#2284=VECTOR('',#2809,1.);
#2285=VECTOR('',#2810,1.);
#2286=VECTOR('',#2811,1.);
#2287=VECTOR('',#2814,1.);
#2288=VECTOR('',#2815,1.);
#2289=VECTOR('',#2816,1.);
#2290=VECTOR('',#2817,1.);
#2291=VECTOR('',#2820,1.);
#2292=VECTOR('',#2821,1.);
#2293=VECTOR('',#2822,1.);
#2294=VECTOR('',#2823,1.);
#2295=VECTOR('',#2826,1.);
#2296=VECTOR('',#2827,1.);
#2297=VECTOR('',#2828,1.);
#2298=VECTOR('',#2831,1.);
#2299=VECTOR('',#2832,1.);
#2300=VECTOR('',#2833,1.);
#2301=VECTOR('',#2836,1.);
#2302=VECTOR('',#2837,1.);
#2303=VECTOR('',#2838,1.);
#2304=VECTOR('',#2839,1.);
#2305=VECTOR('',#2842,1.);
#2306=VECTOR('',#2843,1.);
#2307=VECTOR('',#2844,1.);
#2308=VECTOR('',#2845,1.);
#2309=VECTOR('',#2848,1.);
#2310=VECTOR('',#2849,1.);
#2311=VECTOR('',#2850,1.);
#2312=VECTOR('',#2853,1.);
#2313=VECTOR('',#2854,1.);
#2314=VECTOR('',#2855,1.);
#2315=VECTOR('',#2858,1.);
#2316=VECTOR('',#2859,1.);
#2317=VECTOR('',#2860,1.);
#2318=VECTOR('',#2861,1.);
#2319=VECTOR('',#2864,1.);
#2320=VECTOR('',#2865,1.);
#2321=VECTOR('',#2866,1.);
#2322=VECTOR('',#2867,1.);
#2323=VECTOR('',#2870,1.);
#2324=VECTOR('',#2871,1.);
#2325=VECTOR('',#2872,1.);
#2326=VECTOR('',#2875,1.);
#2327=VECTOR('',#2876,1.);
#2328=VECTOR('',#2877,1.);
#2329=VECTOR('',#2880,1.);
#2330=VECTOR('',#2881,1.);
#2331=VECTOR('',#2882,1.);
#2332=VECTOR('',#2883,1.);
#2333=VECTOR('',#2886,1.);
#2334=VECTOR('',#2887,1.);
#2335=VECTOR('',#2888,1.);
#2336=VECTOR('',#2889,1.);
#2337=VECTOR('',#2892,1.);
#2338=VECTOR('',#2893,1.);
#2339=VECTOR('',#2894,1.);
#2340=VECTOR('',#2897,1.);
#2341=VECTOR('',#2898,1.);
#2342=VECTOR('',#2899,1.);
#2343=VECTOR('',#2902,1.);
#2344=VECTOR('',#2903,1.);
#2345=VECTOR('',#2904,1.);
#2346=VECTOR('',#2905,1.);
#2347=VECTOR('',#2908,1.);
#2348=VECTOR('',#2909,1.);
#2349=VECTOR('',#2910,1.);
#2350=VECTOR('',#2911,1.);
#2351=VECTOR('',#2914,1.);
#2352=VECTOR('',#2915,1.);
#2353=VECTOR('',#2916,1.);
#2354=VECTOR('',#2919,1.);
#2355=VECTOR('',#2920,1.);
#2356=VECTOR('',#2921,1.);
#2357=VECTOR('',#2922,1.);
#2358=VECTOR('',#2925,1.);
#2359=VECTOR('',#2926,1.);
#2360=VECTOR('',#2927,1.);
#2361=VECTOR('',#2928,1.);
#2362=VECTOR('',#2931,1.);
#2363=VECTOR('',#2932,1.);
#2364=VECTOR('',#2933,1.);
#2365=VECTOR('',#2936,1.);
#2366=VECTOR('',#2937,1.);
#2367=VECTOR('',#2938,1.);
#2368=VECTOR('',#2939,1.);
#2369=VECTOR('',#2942,1.);
#2370=VECTOR('',#2943,1.);
#2371=VECTOR('',#2944,1.);
#2372=VECTOR('',#2945,1.);
#2373=VECTOR('',#2948,1.);
#2374=VECTOR('',#2949,1.);
#2375=VECTOR('',#2950,1.);
#2376=VECTOR('',#2953,1.);
#2377=VECTOR('',#2954,1.);
#2378=VECTOR('',#2955,1.);
#2379=VECTOR('',#2956,1.);
#2380=VECTOR('',#2959,1.);
#2381=VECTOR('',#2960,1.);
#2382=VECTOR('',#2961,1.);
#2383=VECTOR('',#2962,1.);
#2384=VECTOR('',#2965,1.);
#2385=VECTOR('',#2966,1.);
#2386=VECTOR('',#2967,1.);
#2387=VECTOR('',#2968,1.);
#2388=VECTOR('',#2971,1.);
#2389=VECTOR('',#2972,1.);
#2390=VECTOR('',#2973,1.);
#2391=VECTOR('',#2974,1.);
#2392=VECTOR('',#2977,1.);
#2393=VECTOR('',#2978,1.);
#2394=VECTOR('',#2979,1.);
#2395=VECTOR('',#2980,1.);
#2396=VECTOR('',#2985,1.);
#2397=VECTOR('',#2988,1.);
#2398=VECTOR('',#2991,1.);
#2399=VECTOR('',#2992,1.);
#2400=VECTOR('',#2993,1.);
#2401=VECTOR('',#2994,1.);
#2402=VECTOR('',#2999,1.);
#2403=VECTOR('',#3002,1.);
#2404=VECTOR('',#3005,1.);
#2405=VECTOR('',#3006,1.);
#2406=VECTOR('',#3007,1.);
#2407=VECTOR('',#3010,1.);
#2408=VECTOR('',#3011,1.);
#2409=VECTOR('',#3012,1.);
#2410=VECTOR('',#3013,1.);
#2411=VECTOR('',#3016,1.);
#2412=VECTOR('',#3017,1.);
#2413=VECTOR('',#3018,1.);
#2414=VECTOR('',#3019,1.);
#2415=VECTOR('',#3024,1.);
#2416=VECTOR('',#3029,1.);
#2417=VECTOR('',#3030,1.);
#2418=VECTOR('',#3031,1.);
#2419=VECTOR('',#3036,1.);
#2420=VECTOR('',#3041,1.);
#2421=VECTOR('',#3042,1.);
#2422=VECTOR('',#3043,1.);
#2423=VECTOR('',#3048,1.);
#2424=VECTOR('',#3051,1.);
#2425=VECTOR('',#3054,1.);
#2426=VECTOR('',#3055,1.);
#2427=VECTOR('',#3056,1.);
#2428=VECTOR('',#3057,1.);
#2429=VECTOR('',#3062,1.);
#2430=VECTOR('',#3065,1.);
#2431=VECTOR('',#3068,1.);
#2432=VECTOR('',#3069,1.);
#2433=VECTOR('',#3070,1.);
#2434=VECTOR('',#3071,1.);
#2435=VECTOR('',#3074,1.);
#2436=VECTOR('',#3075,1.);
#2437=VECTOR('',#3076,1.);
#2438=VECTOR('',#3077,1.);
#2439=VECTOR('',#3080,1.);
#2440=VECTOR('',#3081,1.);
#2441=VECTOR('',#3082,1.);
#2442=VECTOR('',#3083,1.);
#2443=VECTOR('',#3086,1.);
#2444=VECTOR('',#3087,1.);
#2445=VECTOR('',#3088,1.);
#2446=VECTOR('',#3089,1.);
#2447=VECTOR('',#3092,1.);
#2448=VECTOR('',#3093,1.);
#2449=VECTOR('',#3094,1.);
#2450=VECTOR('',#3095,1.);
#2451=VECTOR('',#3098,1.);
#2452=VECTOR('',#3099,1.);
#2453=VECTOR('',#3100,1.);
#2454=VECTOR('',#3101,1.);
#2455=VECTOR('',#3104,1.);
#2456=VECTOR('',#3105,1.);
#2457=VECTOR('',#3106,1.);
#2458=VECTOR('',#3109,1.);
#2459=VECTOR('',#3110,1.);
#2460=VECTOR('',#3111,1.);
#2461=VECTOR('',#3112,1.);
#2462=VECTOR('',#3115,1.);
#2463=VECTOR('',#3116,1.);
#2464=VECTOR('',#3117,1.);
#2465=VECTOR('',#3118,1.);
#2466=VECTOR('',#3121,1.);
#2467=VECTOR('',#3122,1.);
#2468=VECTOR('',#3123,1.);
#2469=VECTOR('',#3332,1.);
#2470=VECTOR('',#3337,1.);
#2471=VECTOR('',#3342,1.);
#2472=VECTOR('',#3347,1.);
#2473=AXIS2_PLACEMENT_3D('',#3428,#2707,#2708);
#2474=AXIS2_PLACEMENT_3D('',#3437,#2713,#2714);
#2475=AXIS2_PLACEMENT_3D('',#3446,#2719,#2720);
#2476=AXIS2_PLACEMENT_3D('',#3452,#2724,#2725);
#2477=AXIS2_PLACEMENT_3D('',#3461,#2730,#2731);
#2478=AXIS2_PLACEMENT_3D('',#3470,#2736,#2737);
#2479=AXIS2_PLACEMENT_3D('',#3476,#2741,#2742);
#2480=AXIS2_PLACEMENT_3D('',#3482,#2746,#2747);
#2481=AXIS2_PLACEMENT_3D('',#3491,#2752,#2753);
#2482=AXIS2_PLACEMENT_3D('',#3500,#2758,#2759);
#2483=AXIS2_PLACEMENT_3D('',#3506,#2763,#2764);
#2484=AXIS2_PLACEMENT_3D('',#3512,#2768,#2769);
#2485=AXIS2_PLACEMENT_3D('',#3521,#2774,#2775);
#2486=AXIS2_PLACEMENT_3D('',#3530,#2780,#2781);
#2487=AXIS2_PLACEMENT_3D('',#3536,#2785,#2786);
#2488=AXIS2_PLACEMENT_3D('',#3542,#2790,#2791);
#2489=AXIS2_PLACEMENT_3D('',#3551,#2796,#2797);
#2490=AXIS2_PLACEMENT_3D('',#3560,#2802,#2803);
#2491=AXIS2_PLACEMENT_3D('',#3566,#2807,#2808);
#2492=AXIS2_PLACEMENT_3D('',#3572,#2812,#2813);
#2493=AXIS2_PLACEMENT_3D('',#3581,#2818,#2819);
#2494=AXIS2_PLACEMENT_3D('',#3590,#2824,#2825);
#2495=AXIS2_PLACEMENT_3D('',#3596,#2829,#2830);
#2496=AXIS2_PLACEMENT_3D('',#3602,#2834,#2835);
#2497=AXIS2_PLACEMENT_3D('',#3611,#2840,#2841);
#2498=AXIS2_PLACEMENT_3D('',#3620,#2846,#2847);
#2499=AXIS2_PLACEMENT_3D('',#3626,#2851,#2852);
#2500=AXIS2_PLACEMENT_3D('',#3632,#2856,#2857);
#2501=AXIS2_PLACEMENT_3D('',#3641,#2862,#2863);
#2502=AXIS2_PLACEMENT_3D('',#3650,#2868,#2869);
#2503=AXIS2_PLACEMENT_3D('',#3656,#2873,#2874);
#2504=AXIS2_PLACEMENT_3D('',#3662,#2878,#2879);
#2505=AXIS2_PLACEMENT_3D('',#3671,#2884,#2885);
#2506=AXIS2_PLACEMENT_3D('',#3680,#2890,#2891);
#2507=AXIS2_PLACEMENT_3D('',#3686,#2895,#2896);
#2508=AXIS2_PLACEMENT_3D('',#3692,#2900,#2901);
#2509=AXIS2_PLACEMENT_3D('',#3701,#2906,#2907);
#2510=AXIS2_PLACEMENT_3D('',#3710,#2912,#2913);
#2511=AXIS2_PLACEMENT_3D('',#3716,#2917,#2918);
#2512=AXIS2_PLACEMENT_3D('',#3725,#2923,#2924);
#2513=AXIS2_PLACEMENT_3D('',#3734,#2929,#2930);
#2514=AXIS2_PLACEMENT_3D('',#3740,#2934,#2935);
#2515=AXIS2_PLACEMENT_3D('',#3749,#2940,#2941);
#2516=AXIS2_PLACEMENT_3D('',#3758,#2946,#2947);
#2517=AXIS2_PLACEMENT_3D('',#3764,#2951,#2952);
#2518=AXIS2_PLACEMENT_3D('',#3773,#2957,#2958);
#2519=AXIS2_PLACEMENT_3D('',#3782,#2963,#2964);
#2520=AXIS2_PLACEMENT_3D('',#3791,#2969,#2970);
#2521=AXIS2_PLACEMENT_3D('',#3800,#2975,#2976);
#2522=AXIS2_PLACEMENT_3D('',#3809,#2981,#2982);
#2523=AXIS2_PLACEMENT_3D('',#3810,#2983,#2984);
#2524=AXIS2_PLACEMENT_3D('',#3815,#2986,#2987);
#2525=AXIS2_PLACEMENT_3D('',#3818,#2989,#2990);
#2526=AXIS2_PLACEMENT_3D('',#3827,#2995,#2996);
#2527=AXIS2_PLACEMENT_3D('',#3828,#2997,#2998);
#2528=AXIS2_PLACEMENT_3D('',#3833,#3000,#3001);
#2529=AXIS2_PLACEMENT_3D('',#3836,#3003,#3004);
#2530=AXIS2_PLACEMENT_3D('',#3842,#3008,#3009);
#2531=AXIS2_PLACEMENT_3D('',#3851,#3014,#3015);
#2532=AXIS2_PLACEMENT_3D('',#3860,#3020,#3021);
#2533=AXIS2_PLACEMENT_3D('',#3861,#3022,#3023);
#2534=AXIS2_PLACEMENT_3D('',#3865,#3025,#3026);
#2535=AXIS2_PLACEMENT_3D('',#3866,#3027,#3028);
#2536=AXIS2_PLACEMENT_3D('',#3872,#3032,#3033);
#2537=AXIS2_PLACEMENT_3D('',#3873,#3034,#3035);
#2538=AXIS2_PLACEMENT_3D('',#3877,#3037,#3038);
#2539=AXIS2_PLACEMENT_3D('',#3878,#3039,#3040);
#2540=AXIS2_PLACEMENT_3D('',#3884,#3044,#3045);
#2541=AXIS2_PLACEMENT_3D('',#3885,#3046,#3047);
#2542=AXIS2_PLACEMENT_3D('',#3890,#3049,#3050);
#2543=AXIS2_PLACEMENT_3D('',#3893,#3052,#3053);
#2544=AXIS2_PLACEMENT_3D('',#3902,#3058,#3059);
#2545=AXIS2_PLACEMENT_3D('',#3903,#3060,#3061);
#2546=AXIS2_PLACEMENT_3D('',#3908,#3063,#3064);
#2547=AXIS2_PLACEMENT_3D('',#3911,#3066,#3067);
#2548=AXIS2_PLACEMENT_3D('',#3920,#3072,#3073);
#2549=AXIS2_PLACEMENT_3D('',#3929,#3078,#3079);
#2550=AXIS2_PLACEMENT_3D('',#3938,#3084,#3085);
#2551=AXIS2_PLACEMENT_3D('',#3947,#3090,#3091);
#2552=AXIS2_PLACEMENT_3D('',#3956,#3096,#3097);
#2553=AXIS2_PLACEMENT_3D('',#3965,#3102,#3103);
#2554=AXIS2_PLACEMENT_3D('',#3971,#3107,#3108);
#2555=AXIS2_PLACEMENT_3D('',#3980,#3113,#3114);
#2556=AXIS2_PLACEMENT_3D('',#3989,#3119,#3120);
#2557=AXIS2_PLACEMENT_3D('',#3995,#3124,#3125);
#2558=AXIS2_PLACEMENT_3D('',#3996,#3126,#3127);
#2559=AXIS2_PLACEMENT_3D('',#3998,#3128,#3129);
#2560=AXIS2_PLACEMENT_3D('',#3999,#3130,#3131);
#2561=AXIS2_PLACEMENT_3D('',#4001,#3132,#3133);
#2562=AXIS2_PLACEMENT_3D('',#4002,#3134,#3135);
#2563=AXIS2_PLACEMENT_3D('',#4003,#3136,#3137);
#2564=AXIS2_PLACEMENT_3D('',#4004,#3138,#3139);
#2565=AXIS2_PLACEMENT_3D('',#4005,#3140,#3141);
#2566=AXIS2_PLACEMENT_3D('',#4006,#3142,#3143);
#2567=AXIS2_PLACEMENT_3D('',#4007,#3144,#3145);
#2568=AXIS2_PLACEMENT_3D('',#4008,#3146,#3147);
#2569=AXIS2_PLACEMENT_3D('',#4009,#3148,#3149);
#2570=AXIS2_PLACEMENT_3D('',#4010,#3150,#3151);
#2571=AXIS2_PLACEMENT_3D('',#4011,#3152,#3153);
#2572=AXIS2_PLACEMENT_3D('',#4012,#3154,#3155);
#2573=AXIS2_PLACEMENT_3D('',#4013,#3156,#3157);
#2574=AXIS2_PLACEMENT_3D('',#4014,#3158,#3159);
#2575=AXIS2_PLACEMENT_3D('',#4015,#3160,#3161);
#2576=AXIS2_PLACEMENT_3D('',#4016,#3162,#3163);
#2577=AXIS2_PLACEMENT_3D('',#4017,#3164,#3165);
#2578=AXIS2_PLACEMENT_3D('',#4018,#3166,#3167);
#2579=AXIS2_PLACEMENT_3D('',#4019,#3168,#3169);
#2580=AXIS2_PLACEMENT_3D('',#4020,#3170,#3171);
#2581=AXIS2_PLACEMENT_3D('',#4021,#3172,#3173);
#2582=AXIS2_PLACEMENT_3D('',#4022,#3174,#3175);
#2583=AXIS2_PLACEMENT_3D('',#4023,#3176,#3177);
#2584=AXIS2_PLACEMENT_3D('',#4024,#3178,#3179);
#2585=AXIS2_PLACEMENT_3D('',#4026,#3180,#3181);
#2586=AXIS2_PLACEMENT_3D('',#4027,#3182,#3183);
#2587=AXIS2_PLACEMENT_3D('',#4029,#3184,#3185);
#2588=AXIS2_PLACEMENT_3D('',#4030,#3186,#3187);
#2589=AXIS2_PLACEMENT_3D('',#4031,#3188,#3189);
#2590=AXIS2_PLACEMENT_3D('',#4032,#3190,#3191);
#2591=AXIS2_PLACEMENT_3D('',#4033,#3192,#3193);
#2592=AXIS2_PLACEMENT_3D('',#4034,#3194,#3195);
#2593=AXIS2_PLACEMENT_3D('',#4035,#3196,#3197);
#2594=AXIS2_PLACEMENT_3D('',#4036,#3198,#3199);
#2595=AXIS2_PLACEMENT_3D('',#4037,#3200,#3201);
#2596=AXIS2_PLACEMENT_3D('',#4038,#3202,#3203);
#2597=AXIS2_PLACEMENT_3D('',#4039,#3204,#3205);
#2598=AXIS2_PLACEMENT_3D('',#4040,#3206,#3207);
#2599=AXIS2_PLACEMENT_3D('',#4041,#3208,#3209);
#2600=AXIS2_PLACEMENT_3D('',#4042,#3210,#3211);
#2601=AXIS2_PLACEMENT_3D('',#4043,#3212,#3213);
#2602=AXIS2_PLACEMENT_3D('',#4044,#3214,#3215);
#2603=AXIS2_PLACEMENT_3D('',#4045,#3216,#3217);
#2604=AXIS2_PLACEMENT_3D('',#4046,#3218,#3219);
#2605=AXIS2_PLACEMENT_3D('',#4047,#3220,#3221);
#2606=AXIS2_PLACEMENT_3D('',#4048,#3222,#3223);
#2607=AXIS2_PLACEMENT_3D('',#4049,#3224,#3225);
#2608=AXIS2_PLACEMENT_3D('',#4050,#3226,#3227);
#2609=AXIS2_PLACEMENT_3D('',#4052,#3228,#3229);
#2610=AXIS2_PLACEMENT_3D('',#4053,#3230,#3231);
#2611=AXIS2_PLACEMENT_3D('',#4054,#3232,#3233);
#2612=AXIS2_PLACEMENT_3D('',#4055,#3234,#3235);
#2613=AXIS2_PLACEMENT_3D('',#4056,#3236,#3237);
#2614=AXIS2_PLACEMENT_3D('',#4057,#3238,#3239);
#2615=AXIS2_PLACEMENT_3D('',#4058,#3240,#3241);
#2616=AXIS2_PLACEMENT_3D('',#4059,#3242,#3243);
#2617=AXIS2_PLACEMENT_3D('',#4060,#3244,#3245);
#2618=AXIS2_PLACEMENT_3D('',#4061,#3246,#3247);
#2619=AXIS2_PLACEMENT_3D('',#4062,#3248,#3249);
#2620=AXIS2_PLACEMENT_3D('',#4063,#3250,#3251);
#2621=AXIS2_PLACEMENT_3D('',#4064,#3252,#3253);
#2622=AXIS2_PLACEMENT_3D('',#4065,#3254,#3255);
#2623=AXIS2_PLACEMENT_3D('',#4066,#3256,#3257);
#2624=AXIS2_PLACEMENT_3D('',#4067,#3258,#3259);
#2625=AXIS2_PLACEMENT_3D('',#4068,#3260,#3261);
#2626=AXIS2_PLACEMENT_3D('',#4069,#3262,#3263);
#2627=AXIS2_PLACEMENT_3D('',#4070,#3264,#3265);
#2628=AXIS2_PLACEMENT_3D('',#4071,#3266,#3267);
#2629=AXIS2_PLACEMENT_3D('',#4072,#3268,#3269);
#2630=AXIS2_PLACEMENT_3D('',#4074,#3270,#3271);
#2631=AXIS2_PLACEMENT_3D('',#4075,#3272,#3273);
#2632=AXIS2_PLACEMENT_3D('',#4077,#3274,#3275);
#2633=AXIS2_PLACEMENT_3D('',#4078,#3276,#3277);
#2634=AXIS2_PLACEMENT_3D('',#4079,#3278,#3279);
#2635=AXIS2_PLACEMENT_3D('',#4080,#3280,#3281);
#2636=AXIS2_PLACEMENT_3D('',#4081,#3282,#3283);
#2637=AXIS2_PLACEMENT_3D('',#4082,#3284,#3285);
#2638=AXIS2_PLACEMENT_3D('',#4083,#3286,#3287);
#2639=AXIS2_PLACEMENT_3D('',#4084,#3288,#3289);
#2640=AXIS2_PLACEMENT_3D('',#4085,#3290,#3291);
#2641=AXIS2_PLACEMENT_3D('',#4086,#3292,#3293);
#2642=AXIS2_PLACEMENT_3D('',#4087,#3294,#3295);
#2643=AXIS2_PLACEMENT_3D('',#4088,#3296,#3297);
#2644=AXIS2_PLACEMENT_3D('',#4089,#3298,#3299);
#2645=AXIS2_PLACEMENT_3D('',#4090,#3300,#3301);
#2646=AXIS2_PLACEMENT_3D('',#4091,#3302,#3303);
#2647=AXIS2_PLACEMENT_3D('',#4092,#3304,#3305);
#2648=AXIS2_PLACEMENT_3D('',#4093,#3306,#3307);
#2649=AXIS2_PLACEMENT_3D('',#4094,#3308,#3309);
#2650=AXIS2_PLACEMENT_3D('',#4095,#3310,#3311);
#2651=AXIS2_PLACEMENT_3D('',#4096,#3312,#3313);
#2652=AXIS2_PLACEMENT_3D('',#4097,#3314,#3315);
#2653=AXIS2_PLACEMENT_3D('',#4098,#3316,#3317);
#2654=AXIS2_PLACEMENT_3D('',#4099,#3318,#3319);
#2655=AXIS2_PLACEMENT_3D('',#4100,#3320,#3321);
#2656=AXIS2_PLACEMENT_3D('',#4102,#3322,#3323);
#2657=AXIS2_PLACEMENT_3D('',#4103,#3324,#3325);
#2658=AXIS2_PLACEMENT_3D('',#4104,#3326,#3327);
#2659=AXIS2_PLACEMENT_3D('',#4105,#3328,#3329);
#2660=AXIS2_PLACEMENT_3D('',#4106,#3330,#3331);
#2661=AXIS2_PLACEMENT_3D('',#4108,#3333,#3334);
#2662=AXIS2_PLACEMENT_3D('',#4109,#3335,#3336);
#2663=AXIS2_PLACEMENT_3D('',#4111,#3338,#3339);
#2664=AXIS2_PLACEMENT_3D('',#4112,#3340,#3341);
#2665=AXIS2_PLACEMENT_3D('',#4114,#3343,#3344);
#2666=AXIS2_PLACEMENT_3D('',#4115,#3345,#3346);
#2667=AXIS2_PLACEMENT_3D('',#4117,#3348,#3349);
#2668=AXIS2_PLACEMENT_3D('',#4118,#3350,#3351);
#2669=AXIS2_PLACEMENT_3D('',#4119,#3352,#3353);
#2670=AXIS2_PLACEMENT_3D('',#4120,#3354,#3355);
#2671=AXIS2_PLACEMENT_3D('',#4121,#3356,#3357);
#2672=AXIS2_PLACEMENT_3D('',#4122,#3358,#3359);
#2673=AXIS2_PLACEMENT_3D('',#4123,#3360,#3361);
#2674=AXIS2_PLACEMENT_3D('',#4124,#3362,#3363);
#2675=AXIS2_PLACEMENT_3D('',#4125,#3364,#3365);
#2676=AXIS2_PLACEMENT_3D('',#4126,#3366,#3367);
#2677=AXIS2_PLACEMENT_3D('',#4127,#3368,#3369);
#2678=AXIS2_PLACEMENT_3D('',#4128,#3370,#3371);
#2679=AXIS2_PLACEMENT_3D('',#4129,#3372,#3373);
#2680=AXIS2_PLACEMENT_3D('',#4130,#3374,#3375);
#2681=AXIS2_PLACEMENT_3D('',#4131,#3376,#3377);
#2682=AXIS2_PLACEMENT_3D('',#4132,#3378,#3379);
#2683=AXIS2_PLACEMENT_3D('',#4133,#3380,#3381);
#2684=AXIS2_PLACEMENT_3D('',#4134,#3382,#3383);
#2685=AXIS2_PLACEMENT_3D('',#4135,#3384,#3385);
#2686=AXIS2_PLACEMENT_3D('',#4136,#3386,#3387);
#2687=AXIS2_PLACEMENT_3D('',#4137,#3388,#3389);
#2688=AXIS2_PLACEMENT_3D('',#4138,#3390,#3391);
#2689=AXIS2_PLACEMENT_3D('',#4139,#3392,#3393);
#2690=AXIS2_PLACEMENT_3D('',#4140,#3394,#3395);
#2691=AXIS2_PLACEMENT_3D('',#4141,#3396,#3397);
#2692=AXIS2_PLACEMENT_3D('',#4142,#3398,#3399);
#2693=AXIS2_PLACEMENT_3D('',#4143,#3400,#3401);
#2694=AXIS2_PLACEMENT_3D('',#4144,#3402,#3403);
#2695=AXIS2_PLACEMENT_3D('',#4145,#3404,#3405);
#2696=AXIS2_PLACEMENT_3D('',#4146,#3406,#3407);
#2697=AXIS2_PLACEMENT_3D('',#4147,#3408,#3409);
#2698=AXIS2_PLACEMENT_3D('',#4148,#3410,#3411);
#2699=AXIS2_PLACEMENT_3D('',#4149,#3412,#3413);
#2700=AXIS2_PLACEMENT_3D('',#4150,#3414,#3415);
#2701=AXIS2_PLACEMENT_3D('',#4151,#3416,#3417);
#2702=AXIS2_PLACEMENT_3D('',#4152,#3418,#3419);
#2703=AXIS2_PLACEMENT_3D('',#4153,#3420,#3421);
#2704=AXIS2_PLACEMENT_3D('',#4154,#3422,#3423);
#2705=AXIS2_PLACEMENT_3D('',#4155,#3424,#3425);
#2706=AXIS2_PLACEMENT_3D('',#4156,#3426,#3427);
#2707=DIRECTION('',(0.,0.,1.));
#2708=DIRECTION('',(1.,0.,0.));
#2709=DIRECTION('',(0.,0.,-1.));
#2710=DIRECTION('',(0.,-1.,0.));
#2711=DIRECTION('',(0.,0.,-1.));
#2712=DIRECTION('',(0.,1.,0.));
#2713=DIRECTION('',(1.,0.,0.));
#2714=DIRECTION('',(0.,0.,-1.));
#2715=DIRECTION('',(1.,0.,0.));
#2716=DIRECTION('',(0.,1.,0.));
#2717=DIRECTION('',(1.,0.,0.));
#2718=DIRECTION('',(0.,1.,0.));
#2719=DIRECTION('',(0.,0.,1.));
#2720=DIRECTION('',(1.,0.,0.));
#2721=DIRECTION('',(0.,0.,-1.));
#2722=DIRECTION('',(0.,-1.,0.));
#2723=DIRECTION('',(0.,0.,-1.));
#2724=DIRECTION('',(1.,0.,0.));
#2725=DIRECTION('',(0.,0.,-1.));
#2726=DIRECTION('',(1.,0.,0.));
#2727=DIRECTION('',(0.,-1.,0.));
#2728=DIRECTION('',(1.,0.,0.));
#2729=DIRECTION('',(0.,1.,0.));
#2730=DIRECTION('',(0.,0.,1.));
#2731=DIRECTION('',(1.,0.,0.));
#2732=DIRECTION('',(0.,0.,1.));
#2733=DIRECTION('',(0.,1.,0.));
#2734=DIRECTION('',(0.,0.,1.));
#2735=DIRECTION('',(0.,1.,0.));
#2736=DIRECTION('',(-1.,0.,0.));
#2737=DIRECTION('',(0.,0.,1.));
#2738=DIRECTION('',(1.,0.,3.40439482160448E-14));
#2739=DIRECTION('',(0.,1.,0.));
#2740=DIRECTION('',(1.,0.,3.40439482160448E-14));
#2741=DIRECTION('',(-3.40439482160448E-14,0.,1.));
#2742=DIRECTION('',(1.,0.,3.40439482160448E-14));
#2743=DIRECTION('',(0.,0.,-1.));
#2744=DIRECTION('',(0.,-1.,0.));
#2745=DIRECTION('',(0.,0.,-1.));
#2746=DIRECTION('',(1.,0.,0.));
#2747=DIRECTION('',(0.,0.,-1.));
#2748=DIRECTION('',(1.,0.,0.));
#2749=DIRECTION('',(0.,-1.,0.));
#2750=DIRECTION('',(1.,0.,0.));
#2751=DIRECTION('',(0.,1.,0.));
#2752=DIRECTION('',(0.,0.,1.));
#2753=DIRECTION('',(1.,0.,0.));
#2754=DIRECTION('',(0.,0.,1.));
#2755=DIRECTION('',(0.,1.,0.));
#2756=DIRECTION('',(0.,0.,1.));
#2757=DIRECTION('',(0.,1.,0.));
#2758=DIRECTION('',(-1.,0.,0.));
#2759=DIRECTION('',(0.,0.,1.));
#2760=DIRECTION('',(1.,0.,3.40439482160448E-14));
#2761=DIRECTION('',(0.,1.,0.));
#2762=DIRECTION('',(1.,0.,3.40439482160448E-14));
#2763=DIRECTION('',(-3.40439482160448E-14,0.,1.));
#2764=DIRECTION('',(1.,0.,3.40439482160448E-14));
#2765=DIRECTION('',(-4.62592926927106E-15,0.,-1.));
#2766=DIRECTION('',(0.,-1.,0.));
#2767=DIRECTION('',(-4.62592926927106E-15,0.,-1.));
#2768=DIRECTION('',(1.,0.,-4.62592926927106E-15));
#2769=DIRECTION('',(-4.62824223390612E-15,0.,-1.));
#2770=DIRECTION('',(1.,0.,0.));
#2771=DIRECTION('',(0.,-1.,0.));
#2772=DIRECTION('',(1.,0.,0.));
#2773=DIRECTION('',(0.,1.,0.));
#2774=DIRECTION('',(0.,0.,1.));
#2775=DIRECTION('',(1.,0.,0.));
#2776=DIRECTION('',(0.,0.,1.));
#2777=DIRECTION('',(0.,1.,0.));
#2778=DIRECTION('',(0.,0.,1.));
#2779=DIRECTION('',(0.,1.,0.));
#2780=DIRECTION('',(-1.,0.,0.));
#2781=DIRECTION('',(0.,0.,1.));
#2782=DIRECTION('',(1.,0.,3.40439482160448E-14));
#2783=DIRECTION('',(0.,1.,0.));
#2784=DIRECTION('',(1.,0.,3.40439482160448E-14));
#2785=DIRECTION('',(-3.40439482160448E-14,0.,1.));
#2786=DIRECTION('',(1.,0.,3.40439482160448E-14));
#2787=DIRECTION('',(-2.31296463463553E-15,0.,-1.));
#2788=DIRECTION('',(0.,-1.,0.));
#2789=DIRECTION('',(-2.31296463463553E-15,0.,-1.));
#2790=DIRECTION('',(1.,0.,-2.31296463463553E-15));
#2791=DIRECTION('',(-2.31412111695306E-15,0.,-1.));
#2792=DIRECTION('',(1.,0.,0.));
#2793=DIRECTION('',(0.,-1.,0.));
#2794=DIRECTION('',(1.,0.,0.));
#2795=DIRECTION('',(0.,1.,0.));
#2796=DIRECTION('',(0.,0.,1.));
#2797=DIRECTION('',(1.,0.,0.));
#2798=DIRECTION('',(0.,0.,1.));
#2799=DIRECTION('',(0.,1.,0.));
#2800=DIRECTION('',(0.,0.,1.));
#2801=DIRECTION('',(0.,1.,0.));
#2802=DIRECTION('',(-1.,0.,0.));
#2803=DIRECTION('',(0.,0.,1.));
#2804=DIRECTION('',(1.,0.,3.40439482160448E-14));
#2805=DIRECTION('',(0.,1.,0.));
#2806=DIRECTION('',(1.,0.,3.40439482160448E-14));
#2807=DIRECTION('',(-3.40439482160448E-14,0.,1.));
#2808=DIRECTION('',(1.,0.,3.40439482160448E-14));
#2809=DIRECTION('',(2.31296463463553E-15,0.,-1.));
#2810=DIRECTION('',(0.,-1.,0.));
#2811=DIRECTION('',(2.31296463463553E-15,0.,-1.));
#2812=DIRECTION('',(1.,0.,2.31296463463553E-15));
#2813=DIRECTION('',(2.31282007434608E-15,0.,-1.));
#2814=DIRECTION('',(1.,0.,0.));
#2815=DIRECTION('',(0.,-1.,0.));
#2816=DIRECTION('',(1.,0.,0.));
#2817=DIRECTION('',(0.,1.,0.));
#2818=DIRECTION('',(0.,0.,1.));
#2819=DIRECTION('',(1.,0.,0.));
#2820=DIRECTION('',(0.,0.,1.));
#2821=DIRECTION('',(0.,1.,0.));
#2822=DIRECTION('',(0.,0.,1.));
#2823=DIRECTION('',(0.,1.,0.));
#2824=DIRECTION('',(-1.,0.,0.));
#2825=DIRECTION('',(0.,0.,1.));
#2826=DIRECTION('',(1.,0.,3.40439482160448E-14));
#2827=DIRECTION('',(0.,1.,0.));
#2828=DIRECTION('',(1.,0.,3.40439482160448E-14));
#2829=DIRECTION('',(-3.40439482160448E-14,0.,1.));
#2830=DIRECTION('',(1.,0.,3.40439482160448E-14));
#2831=DIRECTION('',(-2.31296463463553E-15,0.,-1.));
#2832=DIRECTION('',(0.,-1.,0.));
#2833=DIRECTION('',(-2.31296463463553E-15,0.,-1.));
#2834=DIRECTION('',(1.,0.,-2.31296463463553E-15));
#2835=DIRECTION('',(-2.31238639347708E-15,0.,-1.));
#2836=DIRECTION('',(1.,0.,0.));
#2837=DIRECTION('',(0.,-1.,0.));
#2838=DIRECTION('',(1.,0.,0.));
#2839=DIRECTION('',(0.,1.,0.));
#2840=DIRECTION('',(0.,0.,1.));
#2841=DIRECTION('',(1.,0.,0.));
#2842=DIRECTION('',(0.,0.,1.));
#2843=DIRECTION('',(0.,1.,0.));
#2844=DIRECTION('',(0.,0.,1.));
#2845=DIRECTION('',(0.,1.,0.));
#2846=DIRECTION('',(-1.,0.,0.));
#2847=DIRECTION('',(0.,0.,1.));
#2848=DIRECTION('',(1.,0.,3.40439482160448E-14));
#2849=DIRECTION('',(0.,1.,0.));
#2850=DIRECTION('',(1.,0.,3.40439482160448E-14));
#2851=DIRECTION('',(-3.40439482160448E-14,0.,1.));
#2852=DIRECTION('',(1.,0.,3.40439482160448E-14));
#2853=DIRECTION('',(-2.31296463463553E-15,0.,-1.));
#2854=DIRECTION('',(0.,-1.,0.));
#2855=DIRECTION('',(-2.31296463463553E-15,0.,-1.));
#2856=DIRECTION('',(1.,0.,-2.31296463463553E-15));
#2857=DIRECTION('',(-2.31412111695306E-15,0.,-1.));
#2858=DIRECTION('',(1.,0.,0.));
#2859=DIRECTION('',(0.,-1.,0.));
#2860=DIRECTION('',(1.,0.,0.));
#2861=DIRECTION('',(0.,1.,0.));
#2862=DIRECTION('',(0.,0.,1.));
#2863=DIRECTION('',(1.,0.,0.));
#2864=DIRECTION('',(0.,0.,1.));
#2865=DIRECTION('',(0.,1.,0.));
#2866=DIRECTION('',(0.,0.,1.));
#2867=DIRECTION('',(0.,1.,0.));
#2868=DIRECTION('',(-1.,0.,0.));
#2869=DIRECTION('',(0.,0.,1.));
#2870=DIRECTION('',(1.,0.,3.40439482160448E-14));
#2871=DIRECTION('',(0.,1.,0.));
#2872=DIRECTION('',(1.,0.,3.40439482160448E-14));
#2873=DIRECTION('',(-3.40439482160448E-14,0.,1.));
#2874=DIRECTION('',(1.,0.,3.40439482160448E-14));
#2875=DIRECTION('',(-2.31296463463553E-15,0.,-1.));
#2876=DIRECTION('',(0.,-1.,0.));
#2877=DIRECTION('',(-2.31296463463553E-15,0.,-1.));
#2878=DIRECTION('',(1.,0.,-2.31296463463553E-15));
#2879=DIRECTION('',(-2.31065167000111E-15,0.,-1.));
#2880=DIRECTION('',(1.,0.,0.));
#2881=DIRECTION('',(0.,-1.,0.));
#2882=DIRECTION('',(1.,0.,0.));
#2883=DIRECTION('',(0.,1.,0.));
#2884=DIRECTION('',(0.,0.,1.));
#2885=DIRECTION('',(1.,0.,0.));
#2886=DIRECTION('',(0.,0.,1.));
#2887=DIRECTION('',(0.,1.,0.));
#2888=DIRECTION('',(0.,0.,1.));
#2889=DIRECTION('',(0.,1.,0.));
#2890=DIRECTION('',(-1.,0.,0.));
#2891=DIRECTION('',(0.,0.,1.));
#2892=DIRECTION('',(1.,0.,-8.1315162936413E-16));
#2893=DIRECTION('',(0.,1.,0.));
#2894=DIRECTION('',(1.,0.,-8.1315162936413E-16));
#2895=DIRECTION('',(8.1315162936413E-16,0.,1.));
#2896=DIRECTION('',(1.,0.,-8.13151629364128E-16));
#2897=DIRECTION('',(0.,0.,-1.));
#2898=DIRECTION('',(0.,-1.,0.));
#2899=DIRECTION('',(0.,0.,-1.));
#2900=DIRECTION('',(1.,0.,0.));
#2901=DIRECTION('',(0.,0.,-1.));
#2902=DIRECTION('',(1.,0.,0.));
#2903=DIRECTION('',(0.,1.,0.));
#2904=DIRECTION('',(1.,0.,0.));
#2905=DIRECTION('',(0.,-1.,0.));
#2906=DIRECTION('',(0.,0.,1.));
#2907=DIRECTION('',(1.,0.,0.));
#2908=DIRECTION('',(0.,0.,1.));
#2909=DIRECTION('',(0.,1.,0.));
#2910=DIRECTION('',(0.,0.,1.));
#2911=DIRECTION('',(0.,1.,0.));
#2912=DIRECTION('',(-1.,0.,0.));
#2913=DIRECTION('',(0.,0.,1.));
#2914=DIRECTION('',(1.,0.,0.));
#2915=DIRECTION('',(0.,-1.,0.));
#2916=DIRECTION('',(1.,0.,0.));
#2917=DIRECTION('',(0.,0.,1.));
#2918=DIRECTION('',(1.,0.,0.));
#2919=DIRECTION('',(0.,0.,1.));
#2920=DIRECTION('',(0.,1.,0.));
#2921=DIRECTION('',(0.,0.,1.));
#2922=DIRECTION('',(0.,-1.,0.));
#2923=DIRECTION('',(-1.,0.,0.));
#2924=DIRECTION('',(0.,0.,1.));
#2925=DIRECTION('',(-1.,0.,0.));
#2926=DIRECTION('',(0.,1.,0.));
#2927=DIRECTION('',(-1.,0.,0.));
#2928=DIRECTION('',(0.,1.,0.));
#2929=DIRECTION('',(0.,0.,-1.));
#2930=DIRECTION('',(-1.,0.,0.));
#2931=DIRECTION('',(0.,0.,1.));
#2932=DIRECTION('',(0.,-1.,0.));
#2933=DIRECTION('',(0.,0.,1.));
#2934=DIRECTION('',(-1.,0.,0.));
#2935=DIRECTION('',(0.,0.,1.));
#2936=DIRECTION('',(0.,0.,1.));
#2937=DIRECTION('',(0.,1.,0.));
#2938=DIRECTION('',(0.,0.,1.));
#2939=DIRECTION('',(0.,-1.,0.));
#2940=DIRECTION('',(-1.,0.,0.));
#2941=DIRECTION('',(0.,0.,1.));
#2942=DIRECTION('',(0.,0.,1.));
#2943=DIRECTION('',(0.,1.,0.));
#2944=DIRECTION('',(0.,0.,1.));
#2945=DIRECTION('',(0.,1.,0.));
#2946=DIRECTION('',(-1.,0.,0.));
#2947=DIRECTION('',(0.,0.,1.));
#2948=DIRECTION('',(1.,0.,0.));
#2949=DIRECTION('',(0.,-1.,0.));
#2950=DIRECTION('',(1.,0.,0.));
#2951=DIRECTION('',(0.,0.,1.));
#2952=DIRECTION('',(1.,0.,0.));
#2953=DIRECTION('',(0.,0.,1.));
#2954=DIRECTION('',(0.,-1.,0.));
#2955=DIRECTION('',(0.,0.,1.));
#2956=DIRECTION('',(0.,1.,0.));
#2957=DIRECTION('',(-1.,0.,0.));
#2958=DIRECTION('',(0.,0.,1.));
#2959=DIRECTION('',(-1.,0.,0.));
#2960=DIRECTION('',(0.,1.,0.));
#2961=DIRECTION('',(-1.,0.,1.38777878078145E-15));
#2962=DIRECTION('',(0.,-1.,0.));
#2963=DIRECTION('',(-1.38777878078145E-15,0.,-1.));
#2964=DIRECTION('',(-1.,0.,1.38777878078145E-15));
#2965=DIRECTION('',(0.,0.,-1.));
#2966=DIRECTION('',(0.,-1.,0.));
#2967=DIRECTION('',(0.,0.,-1.));
#2968=DIRECTION('',(0.,1.,0.));
#2969=DIRECTION('',(1.,0.,0.));
#2970=DIRECTION('',(0.,0.,-1.));
#2971=DIRECTION('',(-1.,0.,-1.50845519650157E-16));
#2972=DIRECTION('',(0.,-1.,0.));
#2973=DIRECTION('',(-1.,0.,-1.50845519650157E-16));
#2974=DIRECTION('',(0.,1.,0.));
#2975=DIRECTION('',(1.50845519650157E-16,0.,-1.));
#2976=DIRECTION('',(-1.,0.,-1.50920942409982E-16));
#2977=DIRECTION('',(0.,0.,1.));
#2978=DIRECTION('',(0.,1.,0.));
#2979=DIRECTION('',(0.,0.,1.));
#2980=DIRECTION('',(0.,-1.,0.));
#2981=DIRECTION('',(-1.,0.,0.));
#2982=DIRECTION('',(0.,0.,1.));
#2983=DIRECTION('',(0.,1.,0.));
#2984=DIRECTION('',(1.,0.,0.));
#2985=DIRECTION('',(0.,-1.,0.));
#2986=DIRECTION('',(0.,1.,0.));
#2987=DIRECTION('',(1.,0.,0.));
#2988=DIRECTION('',(0.,1.,0.));
#2989=DIRECTION('',(0.,1.,0.));
#2990=DIRECTION('',(0.,0.,1.));
#2991=DIRECTION('',(1.,0.,0.));
#2992=DIRECTION('',(0.,-1.,0.));
#2993=DIRECTION('',(1.,0.,0.));
#2994=DIRECTION('',(0.,1.,0.));
#2995=DIRECTION('',(0.,0.,1.));
#2996=DIRECTION('',(1.,0.,0.));
#2997=DIRECTION('',(0.,-1.,0.));
#2998=DIRECTION('',(1.,0.,0.));
#2999=DIRECTION('',(0.,1.,0.));
#3000=DIRECTION('',(0.,-1.,0.));
#3001=DIRECTION('',(1.,0.,0.));
#3002=DIRECTION('',(0.,1.,0.));
#3003=DIRECTION('',(0.,1.,0.));
#3004=DIRECTION('',(0.,0.,1.));
#3005=DIRECTION('',(-1.,0.,0.));
#3006=DIRECTION('',(0.,-1.,0.));
#3007=DIRECTION('',(-1.,0.,0.));
#3008=DIRECTION('',(0.,0.,-1.));
#3009=DIRECTION('',(-1.,0.,0.));
#3010=DIRECTION('',(0.,0.,-1.));
#3011=DIRECTION('',(0.,1.,0.));
#3012=DIRECTION('',(0.,0.,-1.));
#3013=DIRECTION('',(0.,-1.,0.));
#3014=DIRECTION('',(1.,0.,0.));
#3015=DIRECTION('',(0.,0.,-1.));
#3016=DIRECTION('',(1.,0.,0.));
#3017=DIRECTION('',(0.,1.,0.));
#3018=DIRECTION('',(1.,0.,0.));
#3019=DIRECTION('',(0.,1.,0.));
#3020=DIRECTION('',(0.,0.,1.));
#3021=DIRECTION('',(1.,0.,0.));
#3022=DIRECTION('',(0.,1.,0.));
#3023=DIRECTION('',(1.,0.,0.));
#3024=DIRECTION('',(0.,1.,0.));
#3025=DIRECTION('',(0.,1.,0.));
#3026=DIRECTION('',(1.,0.,0.));
#3027=DIRECTION('',(0.,1.,0.));
#3028=DIRECTION('',(0.,0.,1.));
#3029=DIRECTION('',(-1.,0.,0.));
#3030=DIRECTION('',(0.,1.,0.));
#3031=DIRECTION('',(-1.,0.,0.));
#3032=DIRECTION('',(0.,0.,-1.));
#3033=DIRECTION('',(-1.,0.,0.));
#3034=DIRECTION('',(0.,1.,0.));
#3035=DIRECTION('',(1.,0.,0.));
#3036=DIRECTION('',(0.,1.,0.));
#3037=DIRECTION('',(0.,1.,0.));
#3038=DIRECTION('',(1.,0.,0.));
#3039=DIRECTION('',(0.,1.,0.));
#3040=DIRECTION('',(0.,0.,1.));
#3041=DIRECTION('',(0.,0.,1.));
#3042=DIRECTION('',(0.,-1.,0.));
#3043=DIRECTION('',(0.,0.,1.));
#3044=DIRECTION('',(-1.,0.,0.));
#3045=DIRECTION('',(0.,0.,1.));
#3046=DIRECTION('',(0.,-1.,0.));
#3047=DIRECTION('',(1.,0.,0.));
#3048=DIRECTION('',(0.,-1.,0.));
#3049=DIRECTION('',(0.,-1.,0.));
#3050=DIRECTION('',(1.,0.,0.));
#3051=DIRECTION('',(0.,1.,0.));
#3052=DIRECTION('',(0.,1.,0.));
#3053=DIRECTION('',(0.,0.,1.));
#3054=DIRECTION('',(1.,0.,-1.5178830414797E-15));
#3055=DIRECTION('',(0.,-1.,0.));
#3056=DIRECTION('',(1.,0.,-1.5178830414797E-15));
#3057=DIRECTION('',(0.,1.,0.));
#3058=DIRECTION('',(1.5178830414797E-15,0.,1.));
#3059=DIRECTION('',(1.,0.,-1.51788304147971E-15));
#3060=DIRECTION('',(0.,1.,0.));
#3061=DIRECTION('',(1.,0.,0.));
#3062=DIRECTION('',(0.,-1.,0.));
#3063=DIRECTION('',(0.,1.,0.));
#3064=DIRECTION('',(1.,0.,0.));
#3065=DIRECTION('',(0.,1.,0.));
#3066=DIRECTION('',(0.,1.,0.));
#3067=DIRECTION('',(0.,0.,1.));
#3068=DIRECTION('',(1.7347234759768E-15,0.,-1.));
#3069=DIRECTION('',(0.,-1.,0.));
#3070=DIRECTION('',(1.7347234759768E-15,0.,-1.));
#3071=DIRECTION('',(0.,1.,0.));
#3072=DIRECTION('',(1.,0.,1.7347234759768E-15));
#3073=DIRECTION('',(1.73472347597681E-15,0.,-1.));
#3074=DIRECTION('',(-1.,0.,0.));
#3075=DIRECTION('',(0.,-1.,0.));
#3076=DIRECTION('',(-1.,0.,0.));
#3077=DIRECTION('',(0.,1.,0.));
#3078=DIRECTION('',(0.,0.,-1.));
#3079=DIRECTION('',(-1.,0.,0.));
#3080=DIRECTION('',(3.85494105772623E-16,0.,1.));
#3081=DIRECTION('',(0.,1.,0.));
#3082=DIRECTION('',(3.85494105772623E-16,0.,1.));
#3083=DIRECTION('',(0.,-1.,0.));
#3084=DIRECTION('',(-1.,0.,3.85494105772623E-16));
#3085=DIRECTION('',(3.88578058618805E-16,0.,1.));
#3086=DIRECTION('',(-1.,0.,0.));
#3087=DIRECTION('',(0.,-1.,0.));
#3088=DIRECTION('',(-1.,0.,0.));
#3089=DIRECTION('',(0.,1.,0.));
#3090=DIRECTION('',(0.,0.,-1.));
#3091=DIRECTION('',(-1.,0.,0.));
#3092=DIRECTION('',(0.,0.,-1.));
#3093=DIRECTION('',(0.,-1.,0.));
#3094=DIRECTION('',(0.,0.,-1.));
#3095=DIRECTION('',(0.,1.,0.));
#3096=DIRECTION('',(1.,0.,0.));
#3097=DIRECTION('',(0.,0.,-1.));
#3098=DIRECTION('',(1.,0.,0.));
#3099=DIRECTION('',(0.,1.,0.));
#3100=DIRECTION('',(1.,0.,0.));
#3101=DIRECTION('',(0.,1.,0.));
#3102=DIRECTION('',(0.,0.,1.));
#3103=DIRECTION('',(1.,0.,0.));
#3104=DIRECTION('',(0.,0.,-1.));
#3105=DIRECTION('',(0.,-1.,0.));
#3106=DIRECTION('',(0.,0.,-1.));
#3107=DIRECTION('',(1.,0.,0.));
#3108=DIRECTION('',(0.,0.,-1.));
#3109=DIRECTION('',(0.,0.,-1.));
#3110=DIRECTION('',(0.,-1.,0.));
#3111=DIRECTION('',(0.,0.,-1.));
#3112=DIRECTION('',(0.,1.,0.));
#3113=DIRECTION('',(1.,0.,0.));
#3114=DIRECTION('',(0.,0.,-1.));
#3115=DIRECTION('',(0.,0.,-1.));
#3116=DIRECTION('',(0.,1.,0.));
#3117=DIRECTION('',(0.,0.,-1.));
#3118=DIRECTION('',(0.,1.,0.));
#3119=DIRECTION('',(1.,0.,0.));
#3120=DIRECTION('',(0.,0.,-1.));
#3121=DIRECTION('',(-1.,0.,0.));
#3122=DIRECTION('',(0.,-1.,0.));
#3123=DIRECTION('',(-1.,0.,0.));
#3124=DIRECTION('',(0.,0.,-1.));
#3125=DIRECTION('',(-1.,0.,0.));
#3126=DIRECTION('',(0.,-1.,0.));
#3127=DIRECTION('',(0.,0.,0.999999999999999));
#3128=DIRECTION('',(0.,1.,0.));
#3129=DIRECTION('',(0.,0.,0.999999999999999));
#3130=DIRECTION('',(0.,1.,0.));
#3131=DIRECTION('',(0.,0.,1.));
#3132=DIRECTION('',(0.,-1.,0.));
#3133=DIRECTION('',(0.,0.,1.));
#3134=DIRECTION('',(0.,-1.,0.));
#3135=DIRECTION('',(0.,0.,1.));
#3136=DIRECTION('',(0.,-1.,0.));
#3137=DIRECTION('',(0.,0.,1.));
#3138=DIRECTION('',(0.,-1.,0.));
#3139=DIRECTION('',(0.,0.,1.));
#3140=DIRECTION('',(0.,-1.,0.));
#3141=DIRECTION('',(0.,0.,1.));
#3142=DIRECTION('',(0.,-1.,0.));
#3143=DIRECTION('',(0.,0.,1.));
#3144=DIRECTION('',(0.,-1.,0.));
#3145=DIRECTION('',(0.,0.,1.));
#3146=DIRECTION('',(0.,-1.,0.));
#3147=DIRECTION('',(0.,0.,1.));
#3148=DIRECTION('',(0.,-1.,0.));
#3149=DIRECTION('',(0.,0.,1.));
#3150=DIRECTION('',(0.,-1.,0.));
#3151=DIRECTION('',(0.,0.,1.));
#3152=DIRECTION('',(0.,-1.,0.));
#3153=DIRECTION('',(0.,0.,1.));
#3154=DIRECTION('',(0.,-1.,0.));
#3155=DIRECTION('',(0.,0.,1.));
#3156=DIRECTION('',(0.,-1.,0.));
#3157=DIRECTION('',(0.,0.,1.));
#3158=DIRECTION('',(0.,-1.,0.));
#3159=DIRECTION('',(0.,0.,1.));
#3160=DIRECTION('',(0.,-1.,0.));
#3161=DIRECTION('',(0.,0.,1.));
#3162=DIRECTION('',(0.,-1.,0.));
#3163=DIRECTION('',(0.,0.,1.));
#3164=DIRECTION('',(0.,-1.,0.));
#3165=DIRECTION('',(0.,0.,1.));
#3166=DIRECTION('',(0.,-1.,0.));
#3167=DIRECTION('',(0.,0.,1.));
#3168=DIRECTION('',(0.,-1.,0.));
#3169=DIRECTION('',(0.,0.,1.));
#3170=DIRECTION('',(0.,-1.,0.));
#3171=DIRECTION('',(0.,0.,1.));
#3172=DIRECTION('',(0.,-1.,0.));
#3173=DIRECTION('',(0.,0.,1.));
#3174=DIRECTION('',(0.,-1.,0.));
#3175=DIRECTION('',(0.,0.,1.));
#3176=DIRECTION('',(0.,-1.,0.));
#3177=DIRECTION('',(0.,0.,1.));
#3178=DIRECTION('',(0.,-1.,0.));
#3179=DIRECTION('',(0.,0.,1.));
#3180=DIRECTION('',(0.,1.,0.));
#3181=DIRECTION('',(0.,0.,1.));
#3182=DIRECTION('',(0.,1.,0.));
#3183=DIRECTION('',(0.,0.,0.999999999999999));
#3184=DIRECTION('',(0.,-1.,0.));
#3185=DIRECTION('',(0.,0.,0.999999999999999));
#3186=DIRECTION('',(0.,-1.,0.));
#3187=DIRECTION('',(0.,0.,1.));
#3188=DIRECTION('',(0.,-1.,0.));
#3189=DIRECTION('',(0.,0.,0.999999999999999));
#3190=DIRECTION('',(0.,-1.,0.));
#3191=DIRECTION('',(0.,0.,1.));
#3192=DIRECTION('',(0.,1.,0.));
#3193=DIRECTION('',(0.,0.,1.));
#3194=DIRECTION('',(0.,1.,0.));
#3195=DIRECTION('',(0.,0.,1.));
#3196=DIRECTION('',(0.,1.,0.));
#3197=DIRECTION('',(0.,0.,0.999999999999999));
#3198=DIRECTION('',(0.,-1.,0.));
#3199=DIRECTION('',(0.,0.,0.999999999999999));
#3200=DIRECTION('',(0.,-1.,0.));
#3201=DIRECTION('',(0.,0.,0.999999999999999));
#3202=DIRECTION('',(0.,-1.,0.));
#3203=DIRECTION('',(0.,0.,0.999999999999999));
#3204=DIRECTION('',(0.,-1.,0.));
#3205=DIRECTION('',(0.,0.,0.999999999999999));
#3206=DIRECTION('',(0.,-1.,0.));
#3207=DIRECTION('',(0.,0.,1.));
#3208=DIRECTION('',(0.,-1.,0.));
#3209=DIRECTION('',(0.,0.,1.));
#3210=DIRECTION('',(0.,-1.,0.));
#3211=DIRECTION('',(0.,0.,0.999999999999999));
#3212=DIRECTION('',(0.,1.,0.));
#3213=DIRECTION('',(0.,0.,0.999999999999999));
#3214=DIRECTION('',(0.,1.,0.));
#3215=DIRECTION('',(0.,0.,1.));
#3216=DIRECTION('',(0.,1.,0.));
#3217=DIRECTION('',(0.,0.,1.));
#3218=DIRECTION('',(0.,-1.,0.));
#3219=DIRECTION('',(0.,0.,1.));
#3220=DIRECTION('',(0.,-1.,0.));
#3221=DIRECTION('',(0.,0.,0.999999999999999));
#3222=DIRECTION('',(0.,-1.,0.));
#3223=DIRECTION('',(0.,0.,1.));
#3224=DIRECTION('',(0.,1.,0.));
#3225=DIRECTION('',(0.,0.,1.));
#3226=DIRECTION('',(0.,-1.,0.));
#3227=DIRECTION('',(0.,0.,0.999999999999999));
#3228=DIRECTION('',(0.,1.,0.));
#3229=DIRECTION('',(0.,0.,0.999999999999999));
#3230=DIRECTION('',(0.,1.,0.));
#3231=DIRECTION('',(0.,0.,1.));
#3232=DIRECTION('',(0.,1.,0.));
#3233=DIRECTION('',(0.,0.,0.999999999999999));
#3234=DIRECTION('',(0.,1.,0.));
#3235=DIRECTION('',(0.,0.,1.));
#3236=DIRECTION('',(0.,-1.,0.));
#3237=DIRECTION('',(0.,0.,1.));
#3238=DIRECTION('',(0.,-1.,0.));
#3239=DIRECTION('',(0.,0.,1.));
#3240=DIRECTION('',(0.,-1.,0.));
#3241=DIRECTION('',(0.,0.,0.999999999999999));
#3242=DIRECTION('',(0.,1.,0.));
#3243=DIRECTION('',(0.,0.,0.999999999999999));
#3244=DIRECTION('',(0.,1.,0.));
#3245=DIRECTION('',(0.,0.,1.));
#3246=DIRECTION('',(0.,1.,0.));
#3247=DIRECTION('',(0.,0.,1.));
#3248=DIRECTION('',(0.,1.,0.));
#3249=DIRECTION('',(0.,0.,0.999999999999999));
#3250=DIRECTION('',(0.,1.,0.));
#3251=DIRECTION('',(0.,0.,0.999999999999999));
#3252=DIRECTION('',(0.,1.,0.));
#3253=DIRECTION('',(0.,0.,0.999999999999999));
#3254=DIRECTION('',(0.,1.,0.));
#3255=DIRECTION('',(0.,0.,0.999999999999999));
#3256=DIRECTION('',(0.,-1.,0.));
#3257=DIRECTION('',(0.,0.,0.999999999999999));
#3258=DIRECTION('',(0.,-1.,0.));
#3259=DIRECTION('',(0.,0.,1.));
#3260=DIRECTION('',(0.,-1.,0.));
#3261=DIRECTION('',(0.,0.,1.));
#3262=DIRECTION('',(0.,1.,0.));
#3263=DIRECTION('',(0.,0.,1.));
#3264=DIRECTION('',(0.,1.,0.));
#3265=DIRECTION('',(0.,0.,0.999999999999999));
#3266=DIRECTION('',(0.,1.,0.));
#3267=DIRECTION('',(0.,0.,1.));
#3268=DIRECTION('',(0.,1.,0.));
#3269=DIRECTION('',(0.,0.,0.999999999999999));
#3270=DIRECTION('',(0.,-1.,0.));
#3271=DIRECTION('',(0.,0.,0.999999999999999));
#3272=DIRECTION('',(0.,-1.,0.));
#3273=DIRECTION('',(0.,0.,1.));
#3274=DIRECTION('',(0.,1.,0.));
#3275=DIRECTION('',(0.,0.,1.));
#3276=DIRECTION('',(0.,1.,0.));
#3277=DIRECTION('',(0.,0.,1.));
#3278=DIRECTION('',(0.,1.,0.));
#3279=DIRECTION('',(0.,0.,1.));
#3280=DIRECTION('',(0.,1.,0.));
#3281=DIRECTION('',(0.,0.,1.));
#3282=DIRECTION('',(0.,1.,0.));
#3283=DIRECTION('',(0.,0.,1.));
#3284=DIRECTION('',(0.,1.,0.));
#3285=DIRECTION('',(0.,0.,1.));
#3286=DIRECTION('',(0.,1.,0.));
#3287=DIRECTION('',(0.,0.,1.));
#3288=DIRECTION('',(0.,1.,0.));
#3289=DIRECTION('',(0.,0.,1.));
#3290=DIRECTION('',(0.,1.,0.));
#3291=DIRECTION('',(0.,0.,1.));
#3292=DIRECTION('',(0.,1.,0.));
#3293=DIRECTION('',(0.,0.,1.));
#3294=DIRECTION('',(0.,1.,0.));
#3295=DIRECTION('',(0.,0.,1.));
#3296=DIRECTION('',(0.,1.,0.));
#3297=DIRECTION('',(0.,0.,1.));
#3298=DIRECTION('',(0.,1.,0.));
#3299=DIRECTION('',(0.,0.,1.));
#3300=DIRECTION('',(0.,1.,0.));
#3301=DIRECTION('',(0.,0.,1.));
#3302=DIRECTION('',(0.,1.,0.));
#3303=DIRECTION('',(0.,0.,1.));
#3304=DIRECTION('',(0.,1.,0.));
#3305=DIRECTION('',(0.,0.,1.));
#3306=DIRECTION('',(0.,1.,0.));
#3307=DIRECTION('',(0.,0.,1.));
#3308=DIRECTION('',(0.,1.,0.));
#3309=DIRECTION('',(0.,0.,1.));
#3310=DIRECTION('',(0.,1.,0.));
#3311=DIRECTION('',(0.,0.,1.));
#3312=DIRECTION('',(0.,1.,0.));
#3313=DIRECTION('',(0.,0.,1.));
#3314=DIRECTION('',(0.,1.,0.));
#3315=DIRECTION('',(0.,0.,1.));
#3316=DIRECTION('',(0.,1.,0.));
#3317=DIRECTION('',(0.,0.,1.));
#3318=DIRECTION('',(0.,1.,0.));
#3319=DIRECTION('',(0.,0.,1.));
#3320=DIRECTION('',(0.,1.,0.));
#3321=DIRECTION('',(0.,0.,1.));
#3322=DIRECTION('',(0.,-1.,0.));
#3323=DIRECTION('',(0.,0.,1.));
#3324=DIRECTION('',(0.,1.,0.));
#3325=DIRECTION('',(0.,0.,1.));
#3326=DIRECTION('',(0.,1.,0.));
#3327=DIRECTION('',(0.,0.,1.));
#3328=DIRECTION('',(0.,1.,0.));
#3329=DIRECTION('',(0.,0.,1.));
#3330=DIRECTION('',(0.,1.,0.));
#3331=DIRECTION('',(0.,0.,1.));
#3332=DIRECTION('',(0.,-1.,0.));
#3333=DIRECTION('',(0.,1.,0.));
#3334=DIRECTION('',(0.,0.,1.));
#3335=DIRECTION('',(0.,-1.,0.));
#3336=DIRECTION('',(0.,0.,-1.));
#3337=DIRECTION('',(0.,1.,0.));
#3338=DIRECTION('',(0.,1.,0.));
#3339=DIRECTION('',(0.,0.,0.999999999999999));
#3340=DIRECTION('',(0.,-1.,0.));
#3341=DIRECTION('',(0.,0.,-0.999999999999999));
#3342=DIRECTION('',(0.,1.,0.));
#3343=DIRECTION('',(0.,1.,0.));
#3344=DIRECTION('',(0.,0.,1.));
#3345=DIRECTION('',(0.,-1.,0.));
#3346=DIRECTION('',(0.,0.,-1.));
#3347=DIRECTION('',(0.,-1.,0.));
#3348=DIRECTION('',(0.,1.,0.));
#3349=DIRECTION('',(0.,0.,0.999999999999999));
#3350=DIRECTION('',(0.,-1.,0.));
#3351=DIRECTION('',(0.,0.,-0.999999999999999));
#3352=DIRECTION('',(0.,1.,0.));
#3353=DIRECTION('',(0.,0.,0.999999999999999));
#3354=DIRECTION('',(0.,-1.,0.));
#3355=DIRECTION('',(0.,0.,-1.));
#3356=DIRECTION('',(0.,1.,0.));
#3357=DIRECTION('',(0.,0.,0.999999999999999));
#3358=DIRECTION('',(0.,1.,0.));
#3359=DIRECTION('',(0.,0.,0.999999999999999));
#3360=DIRECTION('',(0.,1.,0.));
#3361=DIRECTION('',(0.,0.,0.999999999999999));
#3362=DIRECTION('',(0.,1.,0.));
#3363=DIRECTION('',(0.,0.,0.999999999999999));
#3364=DIRECTION('',(0.,1.,0.));
#3365=DIRECTION('',(0.,0.,0.999999999999999));
#3366=DIRECTION('',(0.,1.,0.));
#3367=DIRECTION('',(0.,0.,0.999999999999999));
#3368=DIRECTION('',(0.,1.,0.));
#3369=DIRECTION('',(0.,0.,1.));
#3370=DIRECTION('',(0.,1.,0.));
#3371=DIRECTION('',(0.,0.,1.));
#3372=DIRECTION('',(0.,1.,0.));
#3373=DIRECTION('',(0.,0.,1.));
#3374=DIRECTION('',(0.,1.,0.));
#3375=DIRECTION('',(0.,0.,1.));
#3376=DIRECTION('',(0.,1.,0.));
#3377=DIRECTION('',(0.,0.,1.));
#3378=DIRECTION('',(0.,1.,0.));
#3379=DIRECTION('',(0.,0.,0.999999999999999));
#3380=DIRECTION('',(0.,1.,0.));
#3381=DIRECTION('',(0.,0.,1.));
#3382=DIRECTION('',(0.,1.,0.));
#3383=DIRECTION('',(0.,0.,1.));
#3384=DIRECTION('',(0.,1.,0.));
#3385=DIRECTION('',(0.,0.,1.));
#3386=DIRECTION('',(0.,1.,0.));
#3387=DIRECTION('',(0.,0.,1.));
#3388=DIRECTION('',(0.,1.,0.));
#3389=DIRECTION('',(0.,0.,1.));
#3390=DIRECTION('',(0.,1.,0.));
#3391=DIRECTION('',(0.,0.,1.));
#3392=DIRECTION('',(0.,1.,0.));
#3393=DIRECTION('',(0.,0.,1.));
#3394=DIRECTION('',(0.,1.,0.));
#3395=DIRECTION('',(0.,0.,1.));
#3396=DIRECTION('',(0.,1.,0.));
#3397=DIRECTION('',(0.,0.,1.));
#3398=DIRECTION('',(0.,1.,0.));
#3399=DIRECTION('',(0.,0.,1.));
#3400=DIRECTION('',(0.,1.,0.));
#3401=DIRECTION('',(0.,0.,1.));
#3402=DIRECTION('',(0.,1.,0.));
#3403=DIRECTION('',(0.,0.,1.));
#3404=DIRECTION('',(0.,1.,0.));
#3405=DIRECTION('',(0.,0.,1.));
#3406=DIRECTION('',(0.,1.,0.));
#3407=DIRECTION('',(0.,0.,1.));
#3408=DIRECTION('',(0.,1.,0.));
#3409=DIRECTION('',(0.,0.,1.));
#3410=DIRECTION('',(0.,1.,0.));
#3411=DIRECTION('',(0.,0.,1.));
#3412=DIRECTION('',(0.,1.,0.));
#3413=DIRECTION('',(0.,0.,1.));
#3414=DIRECTION('',(0.,1.,0.));
#3415=DIRECTION('',(0.,0.,1.));
#3416=DIRECTION('',(0.,1.,0.));
#3417=DIRECTION('',(0.,0.,1.));
#3418=DIRECTION('',(0.,1.,0.));
#3419=DIRECTION('',(0.,0.,1.));
#3420=DIRECTION('',(0.,1.,0.));
#3421=DIRECTION('',(0.,0.,0.999999999999999));
#3422=DIRECTION('',(0.,-1.,0.));
#3423=DIRECTION('',(0.,0.,-1.));
#3424=DIRECTION('',(0.,-1.,0.));
#3425=DIRECTION('',(0.,0.,-1.));
#3426=DIRECTION('',(0.,-1.,0.));
#3427=DIRECTION('',(0.,0.,-1.));
#3428=CARTESIAN_POINT('',(0.,0.,0.));
#3429=CARTESIAN_POINT('',(-61.5,0.,3.5));
#3430=CARTESIAN_POINT('',(-61.5,0.,2.8));
#3431=CARTESIAN_POINT('',(-61.5,0.,-2.8));
#3432=CARTESIAN_POINT('',(-61.5,-3.,-2.8));
#3433=CARTESIAN_POINT('',(-61.5,-3.,-2.8));
#3434=CARTESIAN_POINT('',(-61.5,-3.,3.5));
#3435=CARTESIAN_POINT('',(-61.5,-3.,2.8));
#3436=CARTESIAN_POINT('',(-61.5,-3.,2.8));
#3437=CARTESIAN_POINT('',(-61.5,-3.,3.5));
#3438=CARTESIAN_POINT('',(-61.5,-3.,-3.5));
#3439=CARTESIAN_POINT('',(-60.8,-3.,-3.5));
#3440=CARTESIAN_POINT('',(-58.5,-3.,-3.5));
#3441=CARTESIAN_POINT('',(-60.8,-3.,-3.5));
#3442=CARTESIAN_POINT('',(-60.8,0.,-3.5));
#3443=CARTESIAN_POINT('',(-61.5,0.,-3.5));
#3444=CARTESIAN_POINT('',(-58.5,0.,-3.5));
#3445=CARTESIAN_POINT('',(-58.5,-3.,-3.5));
#3446=CARTESIAN_POINT('',(-61.5,-3.,-3.5));
#3447=CARTESIAN_POINT('',(-58.5,0.,-3.5));
#3448=CARTESIAN_POINT('',(-58.5,0.,-5.8));
#3449=CARTESIAN_POINT('',(-58.5,-3.,-5.8));
#3450=CARTESIAN_POINT('',(-58.5,-3.,-5.8));
#3451=CARTESIAN_POINT('',(-58.5,-3.,-3.5));
#3452=CARTESIAN_POINT('',(-58.5,-3.,-3.5));
#3453=CARTESIAN_POINT('',(-58.5,0.,-6.5));
#3454=CARTESIAN_POINT('',(-57.8,0.,-6.5));
#3455=CARTESIAN_POINT('',(-57.2,0.,-6.5));
#3456=CARTESIAN_POINT('',(-57.2,-3.,-6.5));
#3457=CARTESIAN_POINT('',(-57.2,-3.,-6.5));
#3458=CARTESIAN_POINT('',(-58.5,-3.,-6.5));
#3459=CARTESIAN_POINT('',(-57.8,-3.,-6.5));
#3460=CARTESIAN_POINT('',(-57.8,-3.,-6.5));
#3461=CARTESIAN_POINT('',(-58.5,-3.,-6.5));
#3462=CARTESIAN_POINT('',(-56.5,-3.,-6.5));
#3463=CARTESIAN_POINT('',(-56.5,-3.,-5.8));
#3464=CARTESIAN_POINT('',(-56.5,-3.,-3.5));
#3465=CARTESIAN_POINT('',(-56.5,-3.,-5.8));
#3466=CARTESIAN_POINT('',(-56.5,0.,-5.8));
#3467=CARTESIAN_POINT('',(-56.5,0.,-6.5));
#3468=CARTESIAN_POINT('',(-56.5,0.,-3.5));
#3469=CARTESIAN_POINT('',(-56.5,-3.,-3.5));
#3470=CARTESIAN_POINT('',(-56.5,-3.,-6.5));
#3471=CARTESIAN_POINT('',(-56.5,0.,-3.5));
#3472=CARTESIAN_POINT('',(-48.5,0.,-3.49999999999972));
#3473=CARTESIAN_POINT('',(-48.5,-3.,-3.49999999999972));
#3474=CARTESIAN_POINT('',(-48.5,-3.,-3.49999999999972));
#3475=CARTESIAN_POINT('',(-56.5,-3.,-3.5));
#3476=CARTESIAN_POINT('',(-56.5,-3.,-3.5));
#3477=CARTESIAN_POINT('',(-48.5,0.,-3.49999999999999));
#3478=CARTESIAN_POINT('',(-48.5,0.,-5.8));
#3479=CARTESIAN_POINT('',(-48.5,-3.,-5.8));
#3480=CARTESIAN_POINT('',(-48.5,-3.,-5.8));
#3481=CARTESIAN_POINT('',(-48.5,-3.,-3.49999999999999));
#3482=CARTESIAN_POINT('',(-48.5,-3.,-3.49999999999999));
#3483=CARTESIAN_POINT('',(-48.5,0.,-6.5));
#3484=CARTESIAN_POINT('',(-47.8,0.,-6.5));
#3485=CARTESIAN_POINT('',(-42.2,0.,-6.5));
#3486=CARTESIAN_POINT('',(-42.2,-3.,-6.5));
#3487=CARTESIAN_POINT('',(-42.2,-3.,-6.5));
#3488=CARTESIAN_POINT('',(-48.5,-3.,-6.5));
#3489=CARTESIAN_POINT('',(-47.8,-3.,-6.5));
#3490=CARTESIAN_POINT('',(-47.8,-3.,-6.5));
#3491=CARTESIAN_POINT('',(-48.5,-3.,-6.5));
#3492=CARTESIAN_POINT('',(-41.5,-3.,-6.5));
#3493=CARTESIAN_POINT('',(-41.5,-3.,-5.8));
#3494=CARTESIAN_POINT('',(-41.5,-3.,-3.5));
#3495=CARTESIAN_POINT('',(-41.5,-3.,-5.8));
#3496=CARTESIAN_POINT('',(-41.5,0.,-5.8));
#3497=CARTESIAN_POINT('',(-41.5,0.,-6.5));
#3498=CARTESIAN_POINT('',(-41.5,0.,-3.5));
#3499=CARTESIAN_POINT('',(-41.5,-3.,-3.5));
#3500=CARTESIAN_POINT('',(-41.5,-3.,-6.5));
#3501=CARTESIAN_POINT('',(-41.5,0.,-3.5));
#3502=CARTESIAN_POINT('',(-33.5,0.,-3.49999999999972));
#3503=CARTESIAN_POINT('',(-33.5,-3.,-3.49999999999972));
#3504=CARTESIAN_POINT('',(-33.5,-3.,-3.49999999999972));
#3505=CARTESIAN_POINT('',(-41.5,-3.,-3.5));
#3506=CARTESIAN_POINT('',(-41.5,-3.,-3.5));
#3507=CARTESIAN_POINT('',(-33.5,0.,-3.49999999999972));
#3508=CARTESIAN_POINT('',(-33.5,0.,-5.8));
#3509=CARTESIAN_POINT('',(-33.5,-3.,-5.8));
#3510=CARTESIAN_POINT('',(-33.5,-3.,-5.8));
#3511=CARTESIAN_POINT('',(-33.5,-3.,-3.49999999999972));
#3512=CARTESIAN_POINT('',(-33.5,-3.,-3.49999999999972));
#3513=CARTESIAN_POINT('',(-33.5,0.,-6.5));
#3514=CARTESIAN_POINT('',(-32.8,0.,-6.5));
#3515=CARTESIAN_POINT('',(-27.2,0.,-6.5));
#3516=CARTESIAN_POINT('',(-27.2,-3.,-6.5));
#3517=CARTESIAN_POINT('',(-27.2,-3.,-6.5));
#3518=CARTESIAN_POINT('',(-33.5,-3.,-6.5));
#3519=CARTESIAN_POINT('',(-32.8,-3.,-6.5));
#3520=CARTESIAN_POINT('',(-32.8,-3.,-6.5));
#3521=CARTESIAN_POINT('',(-33.5,-3.,-6.5));
#3522=CARTESIAN_POINT('',(-26.5,-3.,-6.5));
#3523=CARTESIAN_POINT('',(-26.5,-3.,-5.8));
#3524=CARTESIAN_POINT('',(-26.5,-3.,-3.5));
#3525=CARTESIAN_POINT('',(-26.5,-3.,-5.8));
#3526=CARTESIAN_POINT('',(-26.5,0.,-5.8));
#3527=CARTESIAN_POINT('',(-26.5,0.,-6.5));
#3528=CARTESIAN_POINT('',(-26.5,0.,-3.5));
#3529=CARTESIAN_POINT('',(-26.5,-3.,-3.5));
#3530=CARTESIAN_POINT('',(-26.5,-3.,-6.5));
#3531=CARTESIAN_POINT('',(-26.5,0.,-3.5));
#3532=CARTESIAN_POINT('',(-18.5,0.,-3.49999999999972));
#3533=CARTESIAN_POINT('',(-18.5,-3.,-3.49999999999972));
#3534=CARTESIAN_POINT('',(-18.5,-3.,-3.49999999999972));
#3535=CARTESIAN_POINT('',(-26.5,-3.,-3.5));
#3536=CARTESIAN_POINT('',(-26.5,-3.,-3.5));
#3537=CARTESIAN_POINT('',(-18.5,0.,-3.49999999999972));
#3538=CARTESIAN_POINT('',(-18.5,0.,-5.8));
#3539=CARTESIAN_POINT('',(-18.5,-3.,-5.8));
#3540=CARTESIAN_POINT('',(-18.5,-3.,-5.8));
#3541=CARTESIAN_POINT('',(-18.5,-3.,-3.49999999999972));
#3542=CARTESIAN_POINT('',(-18.5,-3.,-3.49999999999972));
#3543=CARTESIAN_POINT('',(-18.5,0.,-6.5));
#3544=CARTESIAN_POINT('',(-17.8,0.,-6.5));
#3545=CARTESIAN_POINT('',(-12.2,0.,-6.5));
#3546=CARTESIAN_POINT('',(-12.2,-3.,-6.5));
#3547=CARTESIAN_POINT('',(-12.2,-3.,-6.5));
#3548=CARTESIAN_POINT('',(-18.5,-3.,-6.5));
#3549=CARTESIAN_POINT('',(-17.8,-3.,-6.5));
#3550=CARTESIAN_POINT('',(-17.8,-3.,-6.5));
#3551=CARTESIAN_POINT('',(-18.5,-3.,-6.5));
#3552=CARTESIAN_POINT('',(-11.5,-3.,-6.5));
#3553=CARTESIAN_POINT('',(-11.5,-3.,-5.8));
#3554=CARTESIAN_POINT('',(-11.5,-3.,-3.5));
#3555=CARTESIAN_POINT('',(-11.5,-3.,-5.8));
#3556=CARTESIAN_POINT('',(-11.5,0.,-5.8));
#3557=CARTESIAN_POINT('',(-11.5,0.,-6.5));
#3558=CARTESIAN_POINT('',(-11.5,0.,-3.5));
#3559=CARTESIAN_POINT('',(-11.5,-3.,-3.5));
#3560=CARTESIAN_POINT('',(-11.5,-3.,-6.5));
#3561=CARTESIAN_POINT('',(-11.5,0.,-3.5));
#3562=CARTESIAN_POINT('',(-3.49999999999999,0.,-3.49999999999972));
#3563=CARTESIAN_POINT('',(-3.49999999999999,-3.,-3.49999999999972));
#3564=CARTESIAN_POINT('',(-3.49999999999999,-3.,-3.49999999999972));
#3565=CARTESIAN_POINT('',(-11.5,-3.,-3.5));
#3566=CARTESIAN_POINT('',(-11.5,-3.,-3.5));
#3567=CARTESIAN_POINT('',(-3.49999999999999,0.,-3.49999999999972));
#3568=CARTESIAN_POINT('',(-3.49999999999998,0.,-5.8));
#3569=CARTESIAN_POINT('',(-3.49999999999998,-3.,-5.8));
#3570=CARTESIAN_POINT('',(-3.49999999999998,-3.,-5.8));
#3571=CARTESIAN_POINT('',(-3.49999999999999,-3.,-3.49999999999972));
#3572=CARTESIAN_POINT('',(-3.49999999999999,-3.,-3.49999999999972));
#3573=CARTESIAN_POINT('',(-3.49999999999998,0.,-6.5));
#3574=CARTESIAN_POINT('',(-2.79999999999998,0.,-6.5));
#3575=CARTESIAN_POINT('',(2.80000000000001,0.,-6.5));
#3576=CARTESIAN_POINT('',(2.80000000000001,-3.,-6.5));
#3577=CARTESIAN_POINT('',(2.80000000000001,-3.,-6.5));
#3578=CARTESIAN_POINT('',(-3.49999999999998,-3.,-6.5));
#3579=CARTESIAN_POINT('',(-2.79999999999998,-3.,-6.5));
#3580=CARTESIAN_POINT('',(-2.79999999999998,-3.,-6.5));
#3581=CARTESIAN_POINT('',(-3.49999999999998,-3.,-6.5));
#3582=CARTESIAN_POINT('',(3.50000000000001,-3.,-6.5));
#3583=CARTESIAN_POINT('',(3.50000000000001,-3.,-5.8));
#3584=CARTESIAN_POINT('',(3.50000000000001,-3.,-3.5));
#3585=CARTESIAN_POINT('',(3.50000000000001,-3.,-5.8));
#3586=CARTESIAN_POINT('',(3.50000000000001,0.,-5.8));
#3587=CARTESIAN_POINT('',(3.50000000000001,0.,-6.5));
#3588=CARTESIAN_POINT('',(3.50000000000001,0.,-3.5));
#3589=CARTESIAN_POINT('',(3.50000000000001,-3.,-3.5));
#3590=CARTESIAN_POINT('',(3.50000000000001,-3.,-6.5));
#3591=CARTESIAN_POINT('',(3.50000000000001,0.,-3.5));
#3592=CARTESIAN_POINT('',(11.5,0.,-3.49999999999972));
#3593=CARTESIAN_POINT('',(11.5,-3.,-3.49999999999972));
#3594=CARTESIAN_POINT('',(11.5,-3.,-3.49999999999972));
#3595=CARTESIAN_POINT('',(3.50000000000001,-3.,-3.5));
#3596=CARTESIAN_POINT('',(3.50000000000001,-3.,-3.5));
#3597=CARTESIAN_POINT('',(11.5,0.,-3.49999999999972));
#3598=CARTESIAN_POINT('',(11.5,0.,-5.8));
#3599=CARTESIAN_POINT('',(11.5,-3.,-5.8));
#3600=CARTESIAN_POINT('',(11.5,-3.,-5.8));
#3601=CARTESIAN_POINT('',(11.5,-3.,-3.49999999999972));
#3602=CARTESIAN_POINT('',(11.5,-3.,-3.49999999999972));
#3603=CARTESIAN_POINT('',(11.5,0.,-6.5));
#3604=CARTESIAN_POINT('',(12.2,0.,-6.5));
#3605=CARTESIAN_POINT('',(17.8,0.,-6.5));
#3606=CARTESIAN_POINT('',(17.8,-3.,-6.5));
#3607=CARTESIAN_POINT('',(17.8,-3.,-6.5));
#3608=CARTESIAN_POINT('',(11.5,-3.,-6.5));
#3609=CARTESIAN_POINT('',(12.2,-3.,-6.5));
#3610=CARTESIAN_POINT('',(12.2,-3.,-6.5));
#3611=CARTESIAN_POINT('',(11.5,-3.,-6.5));
#3612=CARTESIAN_POINT('',(18.5,-3.,-6.5));
#3613=CARTESIAN_POINT('',(18.5,-3.,-5.8));
#3614=CARTESIAN_POINT('',(18.5,-3.,-3.5));
#3615=CARTESIAN_POINT('',(18.5,-3.,-5.8));
#3616=CARTESIAN_POINT('',(18.5,0.,-5.8));
#3617=CARTESIAN_POINT('',(18.5,0.,-6.5));
#3618=CARTESIAN_POINT('',(18.5,0.,-3.5));
#3619=CARTESIAN_POINT('',(18.5,-3.,-3.5));
#3620=CARTESIAN_POINT('',(18.5,-3.,-6.5));
#3621=CARTESIAN_POINT('',(18.5,0.,-3.5));
#3622=CARTESIAN_POINT('',(26.5,0.,-3.49999999999972));
#3623=CARTESIAN_POINT('',(26.5,-3.,-3.49999999999972));
#3624=CARTESIAN_POINT('',(26.5,-3.,-3.49999999999972));
#3625=CARTESIAN_POINT('',(18.5,-3.,-3.5));
#3626=CARTESIAN_POINT('',(18.5,-3.,-3.5));
#3627=CARTESIAN_POINT('',(26.5,0.,-3.49999999999972));
#3628=CARTESIAN_POINT('',(26.5,0.,-5.8));
#3629=CARTESIAN_POINT('',(26.5,-3.,-5.8));
#3630=CARTESIAN_POINT('',(26.5,-3.,-5.8));
#3631=CARTESIAN_POINT('',(26.5,-3.,-3.49999999999972));
#3632=CARTESIAN_POINT('',(26.5,-3.,-3.49999999999972));
#3633=CARTESIAN_POINT('',(26.5,0.,-6.5));
#3634=CARTESIAN_POINT('',(27.2,0.,-6.5));
#3635=CARTESIAN_POINT('',(32.8,0.,-6.5));
#3636=CARTESIAN_POINT('',(32.8,-3.,-6.5));
#3637=CARTESIAN_POINT('',(32.8,-3.,-6.5));
#3638=CARTESIAN_POINT('',(26.5,-3.,-6.5));
#3639=CARTESIAN_POINT('',(27.2,-3.,-6.5));
#3640=CARTESIAN_POINT('',(27.2,-3.,-6.5));
#3641=CARTESIAN_POINT('',(26.5,-3.,-6.5));
#3642=CARTESIAN_POINT('',(33.5,-3.,-6.5));
#3643=CARTESIAN_POINT('',(33.5,-3.,-5.8));
#3644=CARTESIAN_POINT('',(33.5,-3.,-3.5));
#3645=CARTESIAN_POINT('',(33.5,-3.,-5.8));
#3646=CARTESIAN_POINT('',(33.5,0.,-5.8));
#3647=CARTESIAN_POINT('',(33.5,0.,-6.5));
#3648=CARTESIAN_POINT('',(33.5,0.,-3.5));
#3649=CARTESIAN_POINT('',(33.5,-3.,-3.5));
#3650=CARTESIAN_POINT('',(33.5,-3.,-6.5));
#3651=CARTESIAN_POINT('',(33.5,0.,-3.5));
#3652=CARTESIAN_POINT('',(41.5,0.,-3.49999999999972));
#3653=CARTESIAN_POINT('',(41.5,-3.,-3.49999999999972));
#3654=CARTESIAN_POINT('',(41.5,-3.,-3.49999999999972));
#3655=CARTESIAN_POINT('',(33.5,-3.,-3.5));
#3656=CARTESIAN_POINT('',(33.5,-3.,-3.5));
#3657=CARTESIAN_POINT('',(41.5,0.,-3.49999999999972));
#3658=CARTESIAN_POINT('',(41.5,0.,-5.8));
#3659=CARTESIAN_POINT('',(41.5,-3.,-5.8));
#3660=CARTESIAN_POINT('',(41.5,-3.,-5.8));
#3661=CARTESIAN_POINT('',(41.5,-3.,-3.49999999999972));
#3662=CARTESIAN_POINT('',(41.5,-3.,-3.49999999999972));
#3663=CARTESIAN_POINT('',(41.5,0.,-6.5));
#3664=CARTESIAN_POINT('',(42.2,0.,-6.5));
#3665=CARTESIAN_POINT('',(47.8,0.,-6.5));
#3666=CARTESIAN_POINT('',(47.8,-3.,-6.5));
#3667=CARTESIAN_POINT('',(47.8,-3.,-6.5));
#3668=CARTESIAN_POINT('',(41.5,-3.,-6.5));
#3669=CARTESIAN_POINT('',(42.2,-3.,-6.5));
#3670=CARTESIAN_POINT('',(42.2,-3.,-6.5));
#3671=CARTESIAN_POINT('',(41.5,-3.,-6.5));
#3672=CARTESIAN_POINT('',(48.5,-3.,-6.5));
#3673=CARTESIAN_POINT('',(48.5,-3.,-5.8));
#3674=CARTESIAN_POINT('',(48.5,-3.,-3.49999999999999));
#3675=CARTESIAN_POINT('',(48.5,-3.,-5.8));
#3676=CARTESIAN_POINT('',(48.5,0.,-5.8));
#3677=CARTESIAN_POINT('',(48.5,0.,-6.5));
#3678=CARTESIAN_POINT('',(48.5,0.,-3.49999999999999));
#3679=CARTESIAN_POINT('',(48.5,-3.,-3.49999999999999));
#3680=CARTESIAN_POINT('',(48.5,-3.,-6.5));
#3681=CARTESIAN_POINT('',(48.5,0.,-3.49999999999999));
#3682=CARTESIAN_POINT('',(56.5,0.,-3.5));
#3683=CARTESIAN_POINT('',(56.5,-3.,-3.5));
#3684=CARTESIAN_POINT('',(56.5,-3.,-3.5));
#3685=CARTESIAN_POINT('',(48.5,-3.,-3.49999999999999));
#3686=CARTESIAN_POINT('',(48.5,-3.,-3.49999999999999));
#3687=CARTESIAN_POINT('',(56.5,0.,-3.5));
#3688=CARTESIAN_POINT('',(56.5,0.,-5.8));
#3689=CARTESIAN_POINT('',(56.5,-3.,-5.8));
#3690=CARTESIAN_POINT('',(56.5,-3.,-5.8));
#3691=CARTESIAN_POINT('',(56.5,-3.,-3.5));
#3692=CARTESIAN_POINT('',(56.5,-3.,-3.5));
#3693=CARTESIAN_POINT('',(56.5,-3.,-6.5));
#3694=CARTESIAN_POINT('',(57.2,-3.,-6.5));
#3695=CARTESIAN_POINT('',(57.8,-3.,-6.5));
#3696=CARTESIAN_POINT('',(57.2,-3.,-6.5));
#3697=CARTESIAN_POINT('',(57.2,0.,-6.5));
#3698=CARTESIAN_POINT('',(56.5,0.,-6.5));
#3699=CARTESIAN_POINT('',(57.8,0.,-6.5));
#3700=CARTESIAN_POINT('',(57.8,-3.,-6.5));
#3701=CARTESIAN_POINT('',(56.5,-3.,-6.5));
#3702=CARTESIAN_POINT('',(58.5,-3.,-6.5));
#3703=CARTESIAN_POINT('',(58.5,-3.,-5.8));
#3704=CARTESIAN_POINT('',(58.5,-3.,-3.5));
#3705=CARTESIAN_POINT('',(58.5,-3.,-5.8));
#3706=CARTESIAN_POINT('',(58.5,0.,-5.8));
#3707=CARTESIAN_POINT('',(58.5,0.,-6.5));
#3708=CARTESIAN_POINT('',(58.5,0.,-3.5));
#3709=CARTESIAN_POINT('',(58.5,-3.,-3.5));
#3710=CARTESIAN_POINT('',(58.5,-3.,-6.5));
#3711=CARTESIAN_POINT('',(58.5,0.,-3.5));
#3712=CARTESIAN_POINT('',(60.8,0.,-3.5));
#3713=CARTESIAN_POINT('',(60.8,-3.,-3.5));
#3714=CARTESIAN_POINT('',(60.8,-3.,-3.5));
#3715=CARTESIAN_POINT('',(58.5,-3.,-3.5));
#3716=CARTESIAN_POINT('',(58.5,-3.,-3.5));
#3717=CARTESIAN_POINT('',(61.5,-3.,-3.5));
#3718=CARTESIAN_POINT('',(61.5,-3.,-2.8));
#3719=CARTESIAN_POINT('',(61.5,-3.,2.8));
#3720=CARTESIAN_POINT('',(61.5,-3.,-2.8));
#3721=CARTESIAN_POINT('',(61.5,0.,-2.8));
#3722=CARTESIAN_POINT('',(61.5,0.,-3.5));
#3723=CARTESIAN_POINT('',(61.5,0.,2.8));
#3724=CARTESIAN_POINT('',(61.5,-3.,2.8));
#3725=CARTESIAN_POINT('',(61.5,-3.,-3.5));
#3726=CARTESIAN_POINT('',(61.5,-3.,3.5));
#3727=CARTESIAN_POINT('',(60.8,-3.,3.5));
#3728=CARTESIAN_POINT('',(58.5,-3.,3.5));
#3729=CARTESIAN_POINT('',(60.8,-3.,3.5));
#3730=CARTESIAN_POINT('',(60.8,0.,3.5));
#3731=CARTESIAN_POINT('',(61.5,0.,3.5));
#3732=CARTESIAN_POINT('',(58.5,0.,3.5));
#3733=CARTESIAN_POINT('',(58.5,-3.,3.5));
#3734=CARTESIAN_POINT('',(61.5,-3.,3.5));
#3735=CARTESIAN_POINT('',(58.5,0.,3.5));
#3736=CARTESIAN_POINT('',(58.5,0.,5.8));
#3737=CARTESIAN_POINT('',(58.5,-3.,5.8));
#3738=CARTESIAN_POINT('',(58.5,-3.,5.8));
#3739=CARTESIAN_POINT('',(58.5,-3.,3.5));
#3740=CARTESIAN_POINT('',(58.5,-3.,3.5));
#3741=CARTESIAN_POINT('',(57.1,-3.,6.5));
#3742=CARTESIAN_POINT('',(57.1,-3.,7.2));
#3743=CARTESIAN_POINT('',(57.1,-3.,8.8));
#3744=CARTESIAN_POINT('',(57.1,0.,7.2));
#3745=CARTESIAN_POINT('',(57.1,0.,7.2));
#3746=CARTESIAN_POINT('',(57.1,0.,6.5));
#3747=CARTESIAN_POINT('',(57.1,0.,8.8));
#3748=CARTESIAN_POINT('',(57.1,-3.,8.8));
#3749=CARTESIAN_POINT('',(57.1,-3.,6.5));
#3750=CARTESIAN_POINT('',(58.5,-3.,9.5));
#3751=CARTESIAN_POINT('',(58.5,-3.,10.2));
#3752=CARTESIAN_POINT('',(58.5,-3.,14.5));
#3753=CARTESIAN_POINT('',(58.5,-3.,10.2));
#3754=CARTESIAN_POINT('',(58.5,0.,10.2));
#3755=CARTESIAN_POINT('',(58.5,0.,9.5));
#3756=CARTESIAN_POINT('',(58.5,0.,14.5));
#3757=CARTESIAN_POINT('',(58.5,-3.,14.5));
#3758=CARTESIAN_POINT('',(58.5,-3.,9.5));
#3759=CARTESIAN_POINT('',(58.5,0.,14.5));
#3760=CARTESIAN_POINT('',(60.8,0.,14.5));
#3761=CARTESIAN_POINT('',(60.8,-3.,14.5));
#3762=CARTESIAN_POINT('',(60.8,-3.,14.5));
#3763=CARTESIAN_POINT('',(58.5,-3.,14.5));
#3764=CARTESIAN_POINT('',(58.5,-3.,14.5));
#3765=CARTESIAN_POINT('',(61.5,0.,14.5));
#3766=CARTESIAN_POINT('',(61.5,0.,15.2));
#3767=CARTESIAN_POINT('',(61.5,0.,22.8));
#3768=CARTESIAN_POINT('',(61.5,-3.,22.8));
#3769=CARTESIAN_POINT('',(61.5,-3.,22.8));
#3770=CARTESIAN_POINT('',(61.5,-3.,14.5));
#3771=CARTESIAN_POINT('',(61.5,-3.,15.2));
#3772=CARTESIAN_POINT('',(61.5,-3.,15.2));
#3773=CARTESIAN_POINT('',(61.5,-3.,14.5));
#3774=CARTESIAN_POINT('',(61.5,-3.,23.5));
#3775=CARTESIAN_POINT('',(60.8,-3.,23.5));
#3776=CARTESIAN_POINT('',(58.5,-3.,23.5));
#3777=CARTESIAN_POINT('',(60.8,-3.,23.5));
#3778=CARTESIAN_POINT('',(60.8,0.,23.5));
#3779=CARTESIAN_POINT('',(58.5,0.,23.5));
#3780=CARTESIAN_POINT('',(58.5,0.,23.5));
#3781=CARTESIAN_POINT('',(58.5,-3.,23.5));
#3782=CARTESIAN_POINT('',(58.5,-3.,23.5));
#3783=CARTESIAN_POINT('',(53.5,0.,23.5));
#3784=CARTESIAN_POINT('',(53.5,0.,18.5));
#3785=CARTESIAN_POINT('',(53.5,0.,11.));
#3786=CARTESIAN_POINT('',(53.5,-3.,11.));
#3787=CARTESIAN_POINT('',(53.5,-3.,11.));
#3788=CARTESIAN_POINT('',(53.5,-3.,23.5));
#3789=CARTESIAN_POINT('',(53.5,-3.,18.5));
#3790=CARTESIAN_POINT('',(53.5,-3.,18.5));
#3791=CARTESIAN_POINT('',(53.5,-3.,23.5));
#3792=CARTESIAN_POINT('',(53.5,0.,7.));
#3793=CARTESIAN_POINT('',(49.5,0.,7.));
#3794=CARTESIAN_POINT('',(46.,0.,7.));
#3795=CARTESIAN_POINT('',(46.,-3.,7.));
#3796=CARTESIAN_POINT('',(46.,-3.,7.));
#3797=CARTESIAN_POINT('',(53.5,-3.,7.));
#3798=CARTESIAN_POINT('',(49.5,-3.,7.));
#3799=CARTESIAN_POINT('',(49.5,0.,7.));
#3800=CARTESIAN_POINT('',(53.5,-3.,7.));
#3801=CARTESIAN_POINT('',(42.,-3.,7.));
#3802=CARTESIAN_POINT('',(42.,-3.,11.));
#3803=CARTESIAN_POINT('',(42.,-3.,13.6583123951777));
#3804=CARTESIAN_POINT('',(42.,0.,11.));
#3805=CARTESIAN_POINT('',(42.,0.,11.));
#3806=CARTESIAN_POINT('',(42.,0.,7.));
#3807=CARTESIAN_POINT('',(42.,0.,13.6583123951777));
#3808=CARTESIAN_POINT('',(42.,-3.,13.6583123951777));
#3809=CARTESIAN_POINT('',(42.,-3.,7.));
#3810=CARTESIAN_POINT('',(42.,0.,12.));
#3811=CARTESIAN_POINT('',(42.9722222222222,0.,14.303211659969));
#3812=CARTESIAN_POINT('',(44.4394523431244,0.,12.546875));
#3813=CARTESIAN_POINT('',(44.4394523431244,-3.,12.546875));
#3814=CARTESIAN_POINT('',(44.4394523431244,-3.,12.546875));
#3815=CARTESIAN_POINT('',(42.,-3.,12.));
#3816=CARTESIAN_POINT('',(42.9722222222222,-3.,14.303211659969));
#3817=CARTESIAN_POINT('',(42.9722222222222,-3.,14.303211659969));
#3818=CARTESIAN_POINT('',(42.,-3.,12.));
#3819=CARTESIAN_POINT('',(44.5,0.,12.));
#3820=CARTESIAN_POINT('',(45.1224989991992,0.,12.));
#3821=CARTESIAN_POINT('',(47.7772909397492,0.,12.));
#3822=CARTESIAN_POINT('',(47.7772909397492,-3.,12.));
#3823=CARTESIAN_POINT('',(47.7772909397492,-3.,12.));
#3824=CARTESIAN_POINT('',(44.5,-3.,12.));
#3825=CARTESIAN_POINT('',(45.1224989991992,-3.,12.));
#3826=CARTESIAN_POINT('',(45.1224989991992,-3.,12.));
#3827=CARTESIAN_POINT('',(44.5,-3.,12.));
#3828=CARTESIAN_POINT('',(37.,-3.,12.));
#3829=CARTESIAN_POINT('',(48.4758190562144,-3.,12.7453703703704));
#3830=CARTESIAN_POINT('',(37.,-3.,23.5));
#3831=CARTESIAN_POINT('',(48.4758190562144,-3.,12.7453703703704));
#3832=CARTESIAN_POINT('',(48.4758190562144,0.,12.7453703703704));
#3833=CARTESIAN_POINT('',(37.,0.,12.));
#3834=CARTESIAN_POINT('',(37.,0.,23.5));
#3835=CARTESIAN_POINT('',(37.,-3.,23.5));
#3836=CARTESIAN_POINT('',(37.,-3.,12.));
#3837=CARTESIAN_POINT('',(37.,0.,23.5));
#3838=CARTESIAN_POINT('',(22.2,0.,23.5));
#3839=CARTESIAN_POINT('',(22.2,-3.,23.5));
#3840=CARTESIAN_POINT('',(22.2,-3.,23.5));
#3841=CARTESIAN_POINT('',(37.,-3.,23.5));
#3842=CARTESIAN_POINT('',(37.,-3.,23.5));
#3843=CARTESIAN_POINT('',(21.5,-3.,23.5));
#3844=CARTESIAN_POINT('',(21.5,-3.,22.8));
#3845=CARTESIAN_POINT('',(21.5,-3.,19.7));
#3846=CARTESIAN_POINT('',(21.5,-3.,22.8));
#3847=CARTESIAN_POINT('',(21.5,0.,22.8));
#3848=CARTESIAN_POINT('',(21.5,0.,23.5));
#3849=CARTESIAN_POINT('',(21.5,0.,19.7));
#3850=CARTESIAN_POINT('',(21.5,-3.,19.7));
#3851=CARTESIAN_POINT('',(21.5,-3.,23.5));
#3852=CARTESIAN_POINT('',(21.5,-3.,19.));
#3853=CARTESIAN_POINT('',(22.2,-3.,19.));
#3854=CARTESIAN_POINT('',(27.5,-3.,19.));
#3855=CARTESIAN_POINT('',(22.2,-3.,19.));
#3856=CARTESIAN_POINT('',(22.2,0.,19.));
#3857=CARTESIAN_POINT('',(21.5,0.,19.));
#3858=CARTESIAN_POINT('',(27.5,0.,19.));
#3859=CARTESIAN_POINT('',(27.5,-3.,19.));
#3860=CARTESIAN_POINT('',(21.5,-3.,19.));
#3861=CARTESIAN_POINT('',(27.5,0.,9.5));
#3862=CARTESIAN_POINT('',(27.5,0.,-1.04083408558608E-14));
#3863=CARTESIAN_POINT('',(27.5,-3.,-1.04083408558608E-14));
#3864=CARTESIAN_POINT('',(27.5,-3.,-1.04083408558608E-14));
#3865=CARTESIAN_POINT('',(27.5,-3.,9.5));
#3866=CARTESIAN_POINT('',(27.5,-3.,9.5));
#3867=CARTESIAN_POINT('',(27.5,0.,-7.105427357601E-15));
#3868=CARTESIAN_POINT('',(-27.5,0.,-7.105427357601E-15));
#3869=CARTESIAN_POINT('',(-27.5,-3.,-7.105427357601E-15));
#3870=CARTESIAN_POINT('',(-27.5,-3.,-7.105427357601E-15));
#3871=CARTESIAN_POINT('',(27.5,-3.,-7.105427357601E-15));
#3872=CARTESIAN_POINT('',(27.5,-3.,-7.105427357601E-15));
#3873=CARTESIAN_POINT('',(-27.5,0.,9.5));
#3874=CARTESIAN_POINT('',(-36.7870878105034,0.,7.5));
#3875=CARTESIAN_POINT('',(-36.7870878105034,-3.,7.5));
#3876=CARTESIAN_POINT('',(-36.7870878105034,-3.,7.5));
#3877=CARTESIAN_POINT('',(-27.5,-3.,9.5));
#3878=CARTESIAN_POINT('',(-27.5,-3.,9.5));
#3879=CARTESIAN_POINT('',(-36.7870878105034,0.,7.5));
#3880=CARTESIAN_POINT('',(-36.7870878105034,0.,8.5));
#3881=CARTESIAN_POINT('',(-36.7870878105034,-3.,8.5));
#3882=CARTESIAN_POINT('',(-36.7870878105034,-3.,8.5));
#3883=CARTESIAN_POINT('',(-36.7870878105034,-3.,7.5));
#3884=CARTESIAN_POINT('',(-36.7870878105034,-3.,7.5));
#3885=CARTESIAN_POINT('',(-41.7870878105033,0.,7.));
#3886=CARTESIAN_POINT('',(-41.7870878105034,0.,13.5));
#3887=CARTESIAN_POINT('',(-48.239574680031,0.,7.78448275862069));
#3888=CARTESIAN_POINT('',(-48.239574680031,-3.,7.78448275862069));
#3889=CARTESIAN_POINT('',(-48.239574680031,-3.,7.78448275862069));
#3890=CARTESIAN_POINT('',(-41.7870878105033,-3.,7.));
#3891=CARTESIAN_POINT('',(-41.7870878105034,-3.,13.5));
#3892=CARTESIAN_POINT('',(-41.7870878105034,-3.,13.5));
#3893=CARTESIAN_POINT('',(-41.7870878105033,-3.,7.));
#3894=CARTESIAN_POINT('',(-48.2870878105034,0.,7.));
#3895=CARTESIAN_POINT('',(-47.5446914786973,0.,7.));
#3896=CARTESIAN_POINT('',(-44.9095868097025,0.,6.99999999999999));
#3897=CARTESIAN_POINT('',(-44.9095868097025,-3.,6.99999999999999));
#3898=CARTESIAN_POINT('',(-44.9095868097025,-3.,6.99999999999999));
#3899=CARTESIAN_POINT('',(-48.2870878105034,-3.,7.));
#3900=CARTESIAN_POINT('',(-47.5446914786973,-3.,7.));
#3901=CARTESIAN_POINT('',(-47.5446914786973,-3.,7.));
#3902=CARTESIAN_POINT('',(-48.2870878105034,-3.,7.));
#3903=CARTESIAN_POINT('',(-41.7870878105033,0.,7.));
#3904=CARTESIAN_POINT('',(-44.2265401536277,0.,7.54687499999999));
#3905=CARTESIAN_POINT('',(-42.7593100327256,0.,9.30321165996903));
#3906=CARTESIAN_POINT('',(-42.7593100327256,-3.,9.30321165996903));
#3907=CARTESIAN_POINT('',(-42.7593100327256,-3.,9.30321165996903));
#3908=CARTESIAN_POINT('',(-41.7870878105033,-3.,7.));
#3909=CARTESIAN_POINT('',(-44.2265401536277,-3.,7.54687499999999));
#3910=CARTESIAN_POINT('',(-44.2265401536277,-3.,7.54687499999999));
#3911=CARTESIAN_POINT('',(-41.7870878105033,-3.,7.));
#3912=CARTESIAN_POINT('',(-41.7870878105034,0.,9.5));
#3913=CARTESIAN_POINT('',(-41.7870878105034,0.,8.6583123951777));
#3914=CARTESIAN_POINT('',(-41.7870878105034,0.,6.19999999999999));
#3915=CARTESIAN_POINT('',(-41.7870878105034,-3.,6.19999999999999));
#3916=CARTESIAN_POINT('',(-41.7870878105034,-3.,6.19999999999999));
#3917=CARTESIAN_POINT('',(-41.7870878105034,-3.,9.5));
#3918=CARTESIAN_POINT('',(-41.7870878105034,-3.,8.6583123951777));
#3919=CARTESIAN_POINT('',(-41.7870878105034,0.,8.6583123951777));
#3920=CARTESIAN_POINT('',(-41.7870878105034,-3.,9.5));
#3921=CARTESIAN_POINT('',(-41.7870878105034,0.,5.49999999999999));
#3922=CARTESIAN_POINT('',(-42.4870878105034,0.,5.49999999999999));
#3923=CARTESIAN_POINT('',(-47.2870878105034,0.,5.49999999999999));
#3924=CARTESIAN_POINT('',(-47.2870878105034,-3.,5.49999999999999));
#3925=CARTESIAN_POINT('',(-47.2870878105034,-3.,5.49999999999999));
#3926=CARTESIAN_POINT('',(-41.7870878105034,-3.,5.49999999999999));
#3927=CARTESIAN_POINT('',(-42.4870878105034,-3.,5.49999999999999));
#3928=CARTESIAN_POINT('',(-42.4870878105034,0.,5.49999999999999));
#3929=CARTESIAN_POINT('',(-41.7870878105034,-3.,5.49999999999999));
#3930=CARTESIAN_POINT('',(-51.2870878105034,-3.,5.49999999999999));
#3931=CARTESIAN_POINT('',(-51.2870878105034,-3.,9.49999999999999));
#3932=CARTESIAN_POINT('',(-51.2870878105034,-3.,18.5));
#3933=CARTESIAN_POINT('',(-51.2870878105034,0.,9.49999999999999));
#3934=CARTESIAN_POINT('',(-51.2870878105034,0.,9.49999999999999));
#3935=CARTESIAN_POINT('',(-51.2870878105034,0.,5.49999999999999));
#3936=CARTESIAN_POINT('',(-51.2870878105034,0.,18.5));
#3937=CARTESIAN_POINT('',(-51.2870878105034,-3.,18.5));
#3938=CARTESIAN_POINT('',(-51.2870878105034,-3.,5.49999999999999));
#3939=CARTESIAN_POINT('',(-58.5,0.,23.5));
#3940=CARTESIAN_POINT('',(-56.2870878105034,0.,23.5));
#3941=CARTESIAN_POINT('',(-60.8,0.,23.5));
#3942=CARTESIAN_POINT('',(-60.8,-3.,23.5));
#3943=CARTESIAN_POINT('',(-60.8,-3.,23.5));
#3944=CARTESIAN_POINT('',(-51.2870878105034,-3.,23.5));
#3945=CARTESIAN_POINT('',(-56.2870878105034,-3.,23.5));
#3946=CARTESIAN_POINT('',(-56.2870878105034,-3.,23.5));
#3947=CARTESIAN_POINT('',(-58.5,-3.,23.5));
#3948=CARTESIAN_POINT('',(-61.5,0.,23.5));
#3949=CARTESIAN_POINT('',(-61.5,0.,22.8));
#3950=CARTESIAN_POINT('',(-61.5,0.,15.2));
#3951=CARTESIAN_POINT('',(-61.5,-3.,15.2));
#3952=CARTESIAN_POINT('',(-61.5,-3.,15.2));
#3953=CARTESIAN_POINT('',(-61.5,-3.,23.5));
#3954=CARTESIAN_POINT('',(-61.5,-3.,22.8));
#3955=CARTESIAN_POINT('',(-61.5,-3.,22.8));
#3956=CARTESIAN_POINT('',(-61.5,-3.,23.5));
#3957=CARTESIAN_POINT('',(-61.5,-3.,14.5));
#3958=CARTESIAN_POINT('',(-60.8,-3.,14.5));
#3959=CARTESIAN_POINT('',(-58.5,-3.,14.5));
#3960=CARTESIAN_POINT('',(-60.8,-3.,14.5));
#3961=CARTESIAN_POINT('',(-60.8,0.,14.5));
#3962=CARTESIAN_POINT('',(-61.5,0.,14.5));
#3963=CARTESIAN_POINT('',(-58.5,0.,14.5));
#3964=CARTESIAN_POINT('',(-58.5,-3.,14.5));
#3965=CARTESIAN_POINT('',(-61.5,-3.,14.5));
#3966=CARTESIAN_POINT('',(-58.5,0.,14.5));
#3967=CARTESIAN_POINT('',(-58.5,0.,10.2));
#3968=CARTESIAN_POINT('',(-58.5,-3.,10.2));
#3969=CARTESIAN_POINT('',(-58.5,-3.,10.2));
#3970=CARTESIAN_POINT('',(-58.5,-3.,14.5));
#3971=CARTESIAN_POINT('',(-58.5,-3.,14.5));
#3972=CARTESIAN_POINT('',(-57.1,0.,9.5));
#3973=CARTESIAN_POINT('',(-57.1,0.,8.8));
#3974=CARTESIAN_POINT('',(-57.1,0.,7.2));
#3975=CARTESIAN_POINT('',(-57.1,-3.,7.2));
#3976=CARTESIAN_POINT('',(-57.1,-3.,7.2));
#3977=CARTESIAN_POINT('',(-57.1,-3.,9.5));
#3978=CARTESIAN_POINT('',(-57.1,-3.,8.8));
#3979=CARTESIAN_POINT('',(-57.1,0.,8.8));
#3980=CARTESIAN_POINT('',(-57.1,-3.,9.5));
#3981=CARTESIAN_POINT('',(-58.5,-3.,6.5));
#3982=CARTESIAN_POINT('',(-58.5,-3.,5.8));
#3983=CARTESIAN_POINT('',(-58.5,-3.,3.5));
#3984=CARTESIAN_POINT('',(-58.5,-3.,5.8));
#3985=CARTESIAN_POINT('',(-58.5,0.,5.8));
#3986=CARTESIAN_POINT('',(-58.5,0.,6.5));
#3987=CARTESIAN_POINT('',(-58.5,0.,3.5));
#3988=CARTESIAN_POINT('',(-58.5,-3.,3.5));
#3989=CARTESIAN_POINT('',(-58.5,-3.,6.5));
#3990=CARTESIAN_POINT('',(-58.5,0.,3.5));
#3991=CARTESIAN_POINT('',(-60.8,0.,3.5));
#3992=CARTESIAN_POINT('',(-60.8,-3.,3.5));
#3993=CARTESIAN_POINT('',(-60.8,-3.,3.5));
#3994=CARTESIAN_POINT('',(-58.5,-3.,3.5));
#3995=CARTESIAN_POINT('',(-58.5,-3.,3.5));
#3996=CARTESIAN_POINT('',(-57.8,-3.,10.2));
#3997=CARTESIAN_POINT('',(-57.8,-3.,9.5));
#3998=CARTESIAN_POINT('',(-57.8,-3.,8.8));
#3999=CARTESIAN_POINT('',(-57.8,-3.,7.2));
#4000=CARTESIAN_POINT('',(-57.8,-3.,6.5));
#4001=CARTESIAN_POINT('',(-57.8,-3.,5.8));
#4002=CARTESIAN_POINT('',(-60.8,-3.,2.8));
#4003=CARTESIAN_POINT('',(-60.8,-3.,-2.8));
#4004=CARTESIAN_POINT('',(-57.8,-3.,-5.8));
#4005=CARTESIAN_POINT('',(-57.2,-3.,-5.8));
#4006=CARTESIAN_POINT('',(-47.8,-3.,-5.8));
#4007=CARTESIAN_POINT('',(-42.2,-3.,-5.8));
#4008=CARTESIAN_POINT('',(-32.8,-3.,-5.8));
#4009=CARTESIAN_POINT('',(-27.2,-3.,-5.8));
#4010=CARTESIAN_POINT('',(-17.8,-3.,-5.8));
#4011=CARTESIAN_POINT('',(-12.2,-3.,-5.8));
#4012=CARTESIAN_POINT('',(-2.79999999999998,-3.,-5.8));
#4013=CARTESIAN_POINT('',(2.80000000000001,-3.,-5.8));
#4014=CARTESIAN_POINT('',(12.2,-3.,-5.8));
#4015=CARTESIAN_POINT('',(17.8,-3.,-5.8));
#4016=CARTESIAN_POINT('',(27.2,-3.,-5.8));
#4017=CARTESIAN_POINT('',(32.8,-3.,-5.8));
#4018=CARTESIAN_POINT('',(42.2,-3.,-5.8));
#4019=CARTESIAN_POINT('',(47.8,-3.,-5.8));
#4020=CARTESIAN_POINT('',(57.2,-3.,-5.8));
#4021=CARTESIAN_POINT('',(57.8,-3.,-5.8));
#4022=CARTESIAN_POINT('',(60.8,-3.,-2.8));
#4023=CARTESIAN_POINT('',(60.8,-3.,2.8));
#4024=CARTESIAN_POINT('',(57.8,-3.,5.8));
#4025=CARTESIAN_POINT('',(57.8,-3.,6.5));
#4026=CARTESIAN_POINT('',(57.8,-3.,7.2));
#4027=CARTESIAN_POINT('',(57.8,-3.,8.8));
#4028=CARTESIAN_POINT('',(57.8,-3.,9.5));
#4029=CARTESIAN_POINT('',(57.8,-3.,10.2));
#4030=CARTESIAN_POINT('',(60.8,-3.,15.2));
#4031=CARTESIAN_POINT('',(60.8,-3.,22.8));
#4032=CARTESIAN_POINT('',(58.5,-3.,18.5));
#4033=CARTESIAN_POINT('',(49.5,-3.,11.));
#4034=CARTESIAN_POINT('',(46.,-3.,11.));
#4035=CARTESIAN_POINT('',(42.7,-3.,13.6583123951777));
#4036=CARTESIAN_POINT('',(45.1224989991992,-3.,12.7));
#4037=CARTESIAN_POINT('',(47.7772909397492,-3.,12.7));
#4038=CARTESIAN_POINT('',(22.2,-3.,22.8));
#4039=CARTESIAN_POINT('',(22.2,-3.,19.7));
#4040=CARTESIAN_POINT('',(-41.7870878105034,-3.,8.5));
#4041=CARTESIAN_POINT('',(-47.5446914786973,-3.,7.7));
#4042=CARTESIAN_POINT('',(-44.9095868097025,-3.,7.69999999999999));
#4043=CARTESIAN_POINT('',(-42.4870878105034,-3.,8.6583123951777));
#4044=CARTESIAN_POINT('',(-42.4870878105034,-3.,6.19999999999999));
#4045=CARTESIAN_POINT('',(-47.2870878105034,-3.,9.49999999999999));
#4046=CARTESIAN_POINT('',(-56.2870878105034,-3.,18.5));
#4047=CARTESIAN_POINT('',(-60.8,-3.,22.8));
#4048=CARTESIAN_POINT('',(-60.8,-3.,15.2));
#4049=CARTESIAN_POINT('',(42.,-3.,12.));
#4050=CARTESIAN_POINT('',(-57.8,0.,8.8));
#4051=CARTESIAN_POINT('',(-57.8,0.,9.5));
#4052=CARTESIAN_POINT('',(-57.8,0.,10.2));
#4053=CARTESIAN_POINT('',(-60.8,0.,15.2));
#4054=CARTESIAN_POINT('',(-60.8,0.,22.8));
#4055=CARTESIAN_POINT('',(-56.2870878105034,0.,18.5));
#4056=CARTESIAN_POINT('',(-47.2870878105034,0.,9.49999999999999));
#4057=CARTESIAN_POINT('',(-42.4870878105034,0.,6.19999999999999));
#4058=CARTESIAN_POINT('',(-42.4870878105034,0.,8.6583123951777));
#4059=CARTESIAN_POINT('',(-44.9095868097025,0.,7.69999999999999));
#4060=CARTESIAN_POINT('',(-47.5446914786973,0.,7.7));
#4061=CARTESIAN_POINT('',(-41.7870878105034,0.,8.5));
#4062=CARTESIAN_POINT('',(22.2,0.,19.7));
#4063=CARTESIAN_POINT('',(22.2,0.,22.8));
#4064=CARTESIAN_POINT('',(47.7772909397492,0.,12.7));
#4065=CARTESIAN_POINT('',(45.1224989991992,0.,12.7));
#4066=CARTESIAN_POINT('',(42.7,0.,13.6583123951777));
#4067=CARTESIAN_POINT('',(46.,0.,11.));
#4068=CARTESIAN_POINT('',(49.5,0.,11.));
#4069=CARTESIAN_POINT('',(58.5,0.,18.5));
#4070=CARTESIAN_POINT('',(60.8,0.,22.8));
#4071=CARTESIAN_POINT('',(60.8,0.,15.2));
#4072=CARTESIAN_POINT('',(57.8,0.,10.2));
#4073=CARTESIAN_POINT('',(57.8,0.,9.5));
#4074=CARTESIAN_POINT('',(57.8,0.,8.8));
#4075=CARTESIAN_POINT('',(57.8,0.,7.2));
#4076=CARTESIAN_POINT('',(57.8,0.,6.5));
#4077=CARTESIAN_POINT('',(57.8,0.,5.8));
#4078=CARTESIAN_POINT('',(60.8,0.,2.8));
#4079=CARTESIAN_POINT('',(60.8,0.,-2.8));
#4080=CARTESIAN_POINT('',(57.8,0.,-5.8));
#4081=CARTESIAN_POINT('',(57.2,0.,-5.8));
#4082=CARTESIAN_POINT('',(47.8,0.,-5.8));
#4083=CARTESIAN_POINT('',(42.2,0.,-5.8));
#4084=CARTESIAN_POINT('',(32.8,0.,-5.8));
#4085=CARTESIAN_POINT('',(27.2,0.,-5.8));
#4086=CARTESIAN_POINT('',(17.8,0.,-5.8));
#4087=CARTESIAN_POINT('',(12.2,0.,-5.8));
#4088=CARTESIAN_POINT('',(2.80000000000001,0.,-5.8));
#4089=CARTESIAN_POINT('',(-2.79999999999998,0.,-5.8));
#4090=CARTESIAN_POINT('',(-12.2,0.,-5.8));
#4091=CARTESIAN_POINT('',(-17.8,0.,-5.8));
#4092=CARTESIAN_POINT('',(-27.2,0.,-5.8));
#4093=CARTESIAN_POINT('',(-32.8,0.,-5.8));
#4094=CARTESIAN_POINT('',(-42.2,0.,-5.8));
#4095=CARTESIAN_POINT('',(-47.8,0.,-5.8));
#4096=CARTESIAN_POINT('',(-57.2,0.,-5.8));
#4097=CARTESIAN_POINT('',(-57.8,0.,-5.8));
#4098=CARTESIAN_POINT('',(-60.8,0.,-2.8));
#4099=CARTESIAN_POINT('',(-60.8,0.,2.8));
#4100=CARTESIAN_POINT('',(-57.8,0.,5.8));
#4101=CARTESIAN_POINT('',(-57.8,0.,6.5));
#4102=CARTESIAN_POINT('',(-57.8,0.,7.2));
#4103=CARTESIAN_POINT('',(42.,0.,12.));
#4104=CARTESIAN_POINT('',(58.5,-3.,18.5));
#4105=CARTESIAN_POINT('',(-41.7870878105034,-3.,8.5));
#4106=CARTESIAN_POINT('',(-56.2870878105034,-3.,18.5));
#4107=CARTESIAN_POINT('',(-57.8,-3.,6.5));
#4108=CARTESIAN_POINT('',(-57.8,-3.,5.8));
#4109=CARTESIAN_POINT('',(-57.8,-3.,7.2));
#4110=CARTESIAN_POINT('',(-57.8,-3.,9.5));
#4111=CARTESIAN_POINT('',(-57.8,-3.,10.2));
#4112=CARTESIAN_POINT('',(-57.8,-3.,8.8));
#4113=CARTESIAN_POINT('',(57.8,-3.,6.5));
#4114=CARTESIAN_POINT('',(57.8,-3.,5.8));
#4115=CARTESIAN_POINT('',(57.8,-3.,7.2));
#4116=CARTESIAN_POINT('',(57.8,-3.,9.5));
#4117=CARTESIAN_POINT('',(57.8,-3.,10.2));
#4118=CARTESIAN_POINT('',(57.8,-3.,8.8));
#4119=CARTESIAN_POINT('',(47.7772909397492,-3.,12.7));
#4120=CARTESIAN_POINT('',(-42.4870878105034,-3.,6.19999999999999));
#4121=CARTESIAN_POINT('',(22.2,-3.,22.8));
#4122=CARTESIAN_POINT('',(22.2,-3.,19.7));
#4123=CARTESIAN_POINT('',(45.1224989991992,-3.,12.7));
#4124=CARTESIAN_POINT('',(42.7,-3.,13.6583123951777));
#4125=CARTESIAN_POINT('',(-42.4870878105034,-3.,8.6583123951777));
#4126=CARTESIAN_POINT('',(-44.9095868097025,-3.,7.69999999999999));
#4127=CARTESIAN_POINT('',(-47.5446914786973,-3.,7.7));
#4128=CARTESIAN_POINT('',(57.2,-3.,-5.8));
#4129=CARTESIAN_POINT('',(57.8,-3.,-5.8));
#4130=CARTESIAN_POINT('',(60.8,-3.,-2.8));
#4131=CARTESIAN_POINT('',(60.8,-3.,2.8));
#4132=CARTESIAN_POINT('',(60.8,-3.,22.8));
#4133=CARTESIAN_POINT('',(60.8,-3.,15.2));
#4134=CARTESIAN_POINT('',(47.8,-3.,-5.8));
#4135=CARTESIAN_POINT('',(42.2,-3.,-5.8));
#4136=CARTESIAN_POINT('',(32.8,-3.,-5.8));
#4137=CARTESIAN_POINT('',(27.2,-3.,-5.8));
#4138=CARTESIAN_POINT('',(17.8,-3.,-5.8));
#4139=CARTESIAN_POINT('',(12.2,-3.,-5.8));
#4140=CARTESIAN_POINT('',(2.80000000000001,-3.,-5.8));
#4141=CARTESIAN_POINT('',(-2.79999999999998,-3.,-5.8));
#4142=CARTESIAN_POINT('',(-12.2,-3.,-5.8));
#4143=CARTESIAN_POINT('',(-17.8,-3.,-5.8));
#4144=CARTESIAN_POINT('',(-27.2,-3.,-5.8));
#4145=CARTESIAN_POINT('',(-32.8,-3.,-5.8));
#4146=CARTESIAN_POINT('',(-42.2,-3.,-5.8));
#4147=CARTESIAN_POINT('',(-47.8,-3.,-5.8));
#4148=CARTESIAN_POINT('',(-57.2,-3.,-5.8));
#4149=CARTESIAN_POINT('',(-57.8,-3.,-5.8));
#4150=CARTESIAN_POINT('',(-60.8,-3.,-2.8));
#4151=CARTESIAN_POINT('',(-60.8,-3.,2.8));
#4152=CARTESIAN_POINT('',(-60.8,-3.,15.2));
#4153=CARTESIAN_POINT('',(-60.8,-3.,22.8));
#4154=CARTESIAN_POINT('',(46.,-3.,11.));
#4155=CARTESIAN_POINT('',(49.5,-3.,11.));
#4156=CARTESIAN_POINT('',(-47.2870878105034,-3.,9.49999999999999));
#4157=MECHANICAL_DESIGN_GEOMETRIC_PRESENTATION_REPRESENTATION('',(#24),
#4158);
#4158=(
GEOMETRIC_REPRESENTATION_CONTEXT(3)
GLOBAL_UNCERTAINTY_ASSIGNED_CONTEXT((#4159))
GLOBAL_UNIT_ASSIGNED_CONTEXT((#4165,#4161,#4160))
REPRESENTATION_CONTEXT('A01_Batterie-Halterung',
'TOP_LEVEL_ASSEMBLY_PART')
);
#4159=UNCERTAINTY_MEASURE_WITH_UNIT(LENGTH_MEASURE(2.E-5),#4165,
'DISTANCE_ACCURACY_VALUE','Maximum Tolerance applied to model');
#4160=(
NAMED_UNIT(*)
SI_UNIT($,.STERADIAN.)
SOLID_ANGLE_UNIT()
);
#4161=(
CONVERSION_BASED_UNIT('DEGREE',#4163)
NAMED_UNIT(#4162)
PLANE_ANGLE_UNIT()
);
#4162=DIMENSIONAL_EXPONENTS(0.,0.,0.,0.,0.,0.,0.);
#4163=PLANE_ANGLE_MEASURE_WITH_UNIT(PLANE_ANGLE_MEASURE(0.0174532925),#4164);
#4164=(
NAMED_UNIT(*)
PLANE_ANGLE_UNIT()
SI_UNIT($,.RADIAN.)
);
#4165=(
LENGTH_UNIT()
NAMED_UNIT(*)
SI_UNIT(.MILLI.,.METRE.)
);
ENDSEC;
END-ISO-10303-21;
