ISO-10303-21;
HEADER;
/* Generated by software containing ST-Developer
 * from STEP Tools, Inc. (www.steptools.com) 
 */
/* OPTION: using custom schema-name function */

FILE_DESCRIPTION(
/* description */ (''),
/* implementation_level */ '2;1');

FILE_NAME(
/* name */ 'A12_Motorshield-Rahmen.stp',
/* time_stamp */ '2026-09-06T09:25:09+02:00',
/* author */ (''),
/* organization */ (''),
/* preprocessor_version */ 'ST-DEVELOPER v20',
/* originating_system */ 'SIEMENS PLM Software NX2406.3002',
/* authorisation */ '');

FILE_SCHEMA (('AUTOMOTIVE_DESIGN { 1 0 10303 214 3 1 1 1 }'));
ENDSEC;

DATA;
#10=SHAPE_REPRESENTATION_RELATIONSHIP('None',
'relationship between A12_Motorshield-Rahmen-None and A12_Motorshield-
Rahmen-None',#22,#11);
#11=ADVANCED_BREP_SHAPE_REPRESENTATION('A12_Motorshield-Rahmen-None',(#32),
#5163);
#12=SHAPE_DEFINITION_REPRESENTATION(#13,#22);
#13=PRODUCT_DEFINITION_SHAPE('','',#14);
#14=PRODUCT_DEFINITION(' ','',#16,#15);
#15=PRODUCT_DEFINITION_CONTEXT('part definition',#21,'design');
#16=PRODUCT_DEFINITION_FORMATION_WITH_SPECIFIED_SOURCE(' ',' ',#18,
 .NOT_KNOWN.);
#17=PRODUCT_RELATED_PRODUCT_CATEGORY('part','',(#18));
#18=PRODUCT('A12_Motorshield-Rahmen','A12_Motorshield-Rahmen',' ',(#19));
#19=PRODUCT_CONTEXT(' ',#21,'mechanical');
#20=APPLICATION_PROTOCOL_DEFINITION('international standard',
'automotive_design',2010,#21);
#21=APPLICATION_CONTEXT(
'core data for automotive mechanical design processes');
#22=SHAPE_REPRESENTATION('A12_Motorshield-Rahmen-None',(#3104),#5163);
#23=PRESENTATION_LAYER_ASSIGNMENT('1','Layer 1',(#32));
#24=STYLED_ITEM('',(#25),#32);
#25=PRESENTATION_STYLE_ASSIGNMENT((#26));
#26=SURFACE_STYLE_USAGE(.BOTH.,#27);
#27=SURFACE_SIDE_STYLE('',(#28));
#28=SURFACE_STYLE_FILL_AREA(#29);
#29=FILL_AREA_STYLE('',(#30));
#30=FILL_AREA_STYLE_COLOUR('',#31);
#31=COLOUR_RGB('medium steel',0.596078431372549,0.666666666666667,0.686274509803922);
#32=MANIFOLD_SOLID_BREP('',#33);
#33=CLOSED_SHELL('',(#232,#233,#234,#235,#236,#237,#238,#239,#240,#241,
#242,#243,#244,#245,#246,#247,#248,#249,#250,#251,#252,#253,#254,#255,#256,
#257,#258,#259,#260,#261,#262,#263,#264,#265,#266,#267,#268,#269,#270,#271,
#272,#273,#274,#275,#276,#277,#278,#279,#280,#281,#282,#283,#284,#285,#286,
#287,#288,#289,#290,#291,#292,#293,#294,#295,#296,#297,#298,#299,#300,#301,
#302,#303,#304,#305,#306,#307,#308,#309,#310,#311,#312,#313,#314,#315,#316,
#317,#318,#319,#320,#321,#322,#323,#324,#325,#326,#327,#328,#329,#330,#331,
#332,#333,#334,#335,#336,#337,#338,#339,#340,#341,#342,#343,#344,#345,#346,
#347,#348,#349,#350,#351,#352,#353,#354,#355,#356,#357,#358,#359,#360,#361,
#362,#363,#364,#365,#366,#367,#368,#369,#370,#371,#372,#373,#374,#375,#376,
#377,#378,#379,#380,#381,#382,#383,#384));
#34=FACE_BOUND('',#721,.T.);
#35=FACE_BOUND('',#722,.T.);
#36=FACE_BOUND('',#723,.T.);
#37=FACE_BOUND('',#724,.T.);
#38=FACE_BOUND('',#727,.T.);
#39=FACE_BOUND('',#728,.T.);
#40=FACE_BOUND('',#729,.T.);
#41=FACE_BOUND('',#730,.T.);
#42=FACE_BOUND('',#731,.T.);
#43=FACE_BOUND('',#732,.T.);
#44=FACE_BOUND('',#733,.T.);
#45=FACE_BOUND('',#734,.T.);
#46=FACE_BOUND('',#735,.T.);
#47=FACE_BOUND('',#736,.T.);
#48=FACE_BOUND('',#737,.T.);
#49=FACE_BOUND('',#738,.T.);
#50=FACE_BOUND('',#739,.T.);
#51=FACE_BOUND('',#740,.T.);
#52=CYLINDRICAL_SURFACE('',#3109,4.);
#53=CYLINDRICAL_SURFACE('',#3112,4.);
#54=CYLINDRICAL_SURFACE('',#3115,4.);
#55=CYLINDRICAL_SURFACE('',#3121,4.);
#56=CYLINDRICAL_SURFACE('',#3129,4.);
#57=CYLINDRICAL_SURFACE('',#3212,1.5);
#58=CYLINDRICAL_SURFACE('',#3215,1.5);
#59=CYLINDRICAL_SURFACE('',#3218,4.);
#60=CYLINDRICAL_SURFACE('',#3222,1.5);
#61=CYLINDRICAL_SURFACE('',#3327,4.);
#62=CYLINDRICAL_SURFACE('',#3328,4.);
#63=CYLINDRICAL_SURFACE('',#3329,4.);
#64=CYLINDRICAL_SURFACE('',#3330,4.);
#65=CYLINDRICAL_SURFACE('',#3331,4.);
#66=CYLINDRICAL_SURFACE('',#3332,2.);
#67=CYLINDRICAL_SURFACE('',#3333,2.);
#68=CYLINDRICAL_SURFACE('',#3334,2.);
#69=CYLINDRICAL_SURFACE('',#3335,2.);
#70=CYLINDRICAL_SURFACE('',#3336,0.7);
#71=CYLINDRICAL_SURFACE('',#3337,0.7);
#72=CYLINDRICAL_SURFACE('',#3338,0.7);
#73=CYLINDRICAL_SURFACE('',#3339,0.7);
#74=CYLINDRICAL_SURFACE('',#3340,0.7);
#75=CYLINDRICAL_SURFACE('',#3341,0.7);
#76=CYLINDRICAL_SURFACE('',#3342,0.7);
#77=CYLINDRICAL_SURFACE('',#3343,0.7);
#78=CYLINDRICAL_SURFACE('',#3344,0.7);
#79=CYLINDRICAL_SURFACE('',#3345,0.7);
#80=CYLINDRICAL_SURFACE('',#3346,0.7);
#81=CYLINDRICAL_SURFACE('',#3347,0.7);
#82=CYLINDRICAL_SURFACE('',#3348,0.7);
#83=CYLINDRICAL_SURFACE('',#3349,0.7);
#84=CYLINDRICAL_SURFACE('',#3350,0.7);
#85=CYLINDRICAL_SURFACE('',#3351,0.7);
#86=CYLINDRICAL_SURFACE('',#3352,0.7);
#87=CYLINDRICAL_SURFACE('',#3353,0.7);
#88=CYLINDRICAL_SURFACE('',#3354,0.7);
#89=CYLINDRICAL_SURFACE('',#3355,0.7);
#90=CYLINDRICAL_SURFACE('',#3356,0.7);
#91=CYLINDRICAL_SURFACE('',#3357,0.7);
#92=CYLINDRICAL_SURFACE('',#3358,0.7);
#93=CYLINDRICAL_SURFACE('',#3359,0.7);
#94=CYLINDRICAL_SURFACE('',#3360,0.7);
#95=CYLINDRICAL_SURFACE('',#3361,0.7);
#96=CYLINDRICAL_SURFACE('',#3362,0.7);
#97=CYLINDRICAL_SURFACE('',#3363,0.7);
#98=CYLINDRICAL_SURFACE('',#3364,0.7);
#99=CYLINDRICAL_SURFACE('',#3365,0.7);
#100=CYLINDRICAL_SURFACE('',#3366,0.7);
#101=CYLINDRICAL_SURFACE('',#3367,0.7);
#102=CYLINDRICAL_SURFACE('',#3368,0.7);
#103=CYLINDRICAL_SURFACE('',#3369,0.7);
#104=CYLINDRICAL_SURFACE('',#3370,0.7);
#105=CYLINDRICAL_SURFACE('',#3371,0.7);
#106=CYLINDRICAL_SURFACE('',#3372,0.7);
#107=CYLINDRICAL_SURFACE('',#3373,0.7);
#108=CYLINDRICAL_SURFACE('',#3374,0.7);
#109=CYLINDRICAL_SURFACE('',#3375,0.7);
#110=CYLINDRICAL_SURFACE('',#3376,0.7);
#111=CYLINDRICAL_SURFACE('',#3377,0.7);
#112=CIRCLE('',#3107,4.);
#113=CIRCLE('',#3108,4.);
#114=CIRCLE('',#3110,4.);
#115=CIRCLE('',#3111,4.);
#116=CIRCLE('',#3113,4.);
#117=CIRCLE('',#3114,4.);
#118=CIRCLE('',#3119,4.);
#119=CIRCLE('',#3120,4.);
#120=CIRCLE('',#3127,4.);
#121=CIRCLE('',#3128,4.);
#122=CIRCLE('',#3210,1.5);
#123=CIRCLE('',#3211,1.5);
#124=CIRCLE('',#3213,1.5);
#125=CIRCLE('',#3214,1.5);
#126=CIRCLE('',#3216,4.);
#127=CIRCLE('',#3217,4.);
#128=CIRCLE('',#3220,1.5);
#129=CIRCLE('',#3221,1.5);
#130=CIRCLE('',#3223,0.7);
#131=CIRCLE('',#3224,0.7);
#132=CIRCLE('',#3225,0.7);
#133=CIRCLE('',#3226,0.7);
#134=CIRCLE('',#3227,0.7);
#135=CIRCLE('',#3228,0.7);
#136=CIRCLE('',#3229,0.7);
#137=CIRCLE('',#3230,0.7);
#138=CIRCLE('',#3231,0.7);
#139=CIRCLE('',#3232,0.7);
#140=CIRCLE('',#3233,0.7);
#141=CIRCLE('',#3234,0.7);
#142=CIRCLE('',#3235,0.7);
#143=CIRCLE('',#3236,0.7);
#144=CIRCLE('',#3237,0.7);
#145=CIRCLE('',#3238,0.7);
#146=CIRCLE('',#3239,0.7);
#147=CIRCLE('',#3240,0.7);
#148=CIRCLE('',#3241,0.7);
#149=CIRCLE('',#3242,0.7);
#150=CIRCLE('',#3243,0.7);
#151=CIRCLE('',#3244,0.7);
#152=CIRCLE('',#3245,0.7);
#153=CIRCLE('',#3246,0.7);
#154=CIRCLE('',#3247,0.7);
#155=CIRCLE('',#3248,0.7);
#156=CIRCLE('',#3249,0.7);
#157=CIRCLE('',#3250,0.7);
#158=CIRCLE('',#3251,0.7);
#159=CIRCLE('',#3252,0.7);
#160=CIRCLE('',#3253,0.7);
#161=CIRCLE('',#3254,0.7);
#162=CIRCLE('',#3255,0.7);
#163=CIRCLE('',#3256,0.7);
#164=CIRCLE('',#3257,0.7);
#165=CIRCLE('',#3258,0.7);
#166=CIRCLE('',#3259,0.7);
#167=CIRCLE('',#3260,0.7);
#168=CIRCLE('',#3261,0.7);
#169=CIRCLE('',#3262,0.7);
#170=CIRCLE('',#3263,0.7);
#171=CIRCLE('',#3264,0.7);
#172=CIRCLE('',#3265,2.);
#173=CIRCLE('',#3266,2.);
#174=CIRCLE('',#3267,4.);
#175=CIRCLE('',#3268,4.);
#176=CIRCLE('',#3269,4.);
#177=CIRCLE('',#3270,2.);
#178=CIRCLE('',#3271,2.);
#179=CIRCLE('',#3272,4.);
#180=CIRCLE('',#3273,4.);
#181=CIRCLE('',#3275,0.7);
#182=CIRCLE('',#3276,0.7);
#183=CIRCLE('',#3277,0.7);
#184=CIRCLE('',#3278,0.7);
#185=CIRCLE('',#3279,0.7);
#186=CIRCLE('',#3280,0.7);
#187=CIRCLE('',#3281,0.7);
#188=CIRCLE('',#3282,0.7);
#189=CIRCLE('',#3283,0.7);
#190=CIRCLE('',#3284,0.7);
#191=CIRCLE('',#3285,0.7);
#192=CIRCLE('',#3286,0.7);
#193=CIRCLE('',#3287,0.7);
#194=CIRCLE('',#3288,0.7);
#195=CIRCLE('',#3289,0.7);
#196=CIRCLE('',#3290,0.7);
#197=CIRCLE('',#3291,0.7);
#198=CIRCLE('',#3292,0.7);
#199=CIRCLE('',#3293,0.7);
#200=CIRCLE('',#3294,0.7);
#201=CIRCLE('',#3295,0.7);
#202=CIRCLE('',#3296,0.7);
#203=CIRCLE('',#3297,0.7);
#204=CIRCLE('',#3298,0.7);
#205=CIRCLE('',#3299,0.7);
#206=CIRCLE('',#3300,0.7);
#207=CIRCLE('',#3301,0.7);
#208=CIRCLE('',#3302,0.7);
#209=CIRCLE('',#3303,0.7);
#210=CIRCLE('',#3304,0.7);
#211=CIRCLE('',#3305,0.7);
#212=CIRCLE('',#3306,0.7);
#213=CIRCLE('',#3307,0.7);
#214=CIRCLE('',#3308,0.7);
#215=CIRCLE('',#3309,0.7);
#216=CIRCLE('',#3310,0.7);
#217=CIRCLE('',#3311,0.7);
#218=CIRCLE('',#3312,0.7);
#219=CIRCLE('',#3313,0.7);
#220=CIRCLE('',#3314,0.7);
#221=CIRCLE('',#3315,0.7);
#222=CIRCLE('',#3316,0.7);
#223=CIRCLE('',#3317,2.);
#224=CIRCLE('',#3318,2.);
#225=CIRCLE('',#3319,4.);
#226=CIRCLE('',#3320,4.);
#227=CIRCLE('',#3321,4.);
#228=CIRCLE('',#3322,2.);
#229=CIRCLE('',#3323,2.);
#230=CIRCLE('',#3324,4.);
#231=CIRCLE('',#3325,4.);
#232=ADVANCED_FACE('',(#478),#385,.F.);
#233=ADVANCED_FACE('',(#479),#386,.F.);
#234=ADVANCED_FACE('',(#480),#52,.F.);
#235=ADVANCED_FACE('',(#481),#53,.T.);
#236=ADVANCED_FACE('',(#482),#54,.F.);
#237=ADVANCED_FACE('',(#483),#387,.F.);
#238=ADVANCED_FACE('',(#484),#388,.F.);
#239=ADVANCED_FACE('',(#485),#389,.F.);
#240=ADVANCED_FACE('',(#486),#55,.T.);
#241=ADVANCED_FACE('',(#487),#390,.F.);
#242=ADVANCED_FACE('',(#488),#391,.F.);
#243=ADVANCED_FACE('',(#489),#392,.F.);
#244=ADVANCED_FACE('',(#490),#393,.F.);
#245=ADVANCED_FACE('',(#491),#394,.F.);
#246=ADVANCED_FACE('',(#492),#56,.F.);
#247=ADVANCED_FACE('',(#493),#395,.F.);
#248=ADVANCED_FACE('',(#494),#396,.F.);
#249=ADVANCED_FACE('',(#495),#397,.F.);
#250=ADVANCED_FACE('',(#496),#398,.F.);
#251=ADVANCED_FACE('',(#497),#399,.F.);
#252=ADVANCED_FACE('',(#498),#400,.F.);
#253=ADVANCED_FACE('',(#499),#401,.F.);
#254=ADVANCED_FACE('',(#500),#402,.F.);
#255=ADVANCED_FACE('',(#501),#403,.F.);
#256=ADVANCED_FACE('',(#502),#404,.F.);
#257=ADVANCED_FACE('',(#503),#405,.F.);
#258=ADVANCED_FACE('',(#504),#406,.F.);
#259=ADVANCED_FACE('',(#505),#407,.F.);
#260=ADVANCED_FACE('',(#506),#408,.F.);
#261=ADVANCED_FACE('',(#507),#409,.F.);
#262=ADVANCED_FACE('',(#508),#410,.F.);
#263=ADVANCED_FACE('',(#509),#411,.F.);
#264=ADVANCED_FACE('',(#510),#412,.F.);
#265=ADVANCED_FACE('',(#511),#413,.F.);
#266=ADVANCED_FACE('',(#512),#414,.F.);
#267=ADVANCED_FACE('',(#513),#415,.F.);
#268=ADVANCED_FACE('',(#514),#416,.F.);
#269=ADVANCED_FACE('',(#515),#417,.F.);
#270=ADVANCED_FACE('',(#516),#418,.F.);
#271=ADVANCED_FACE('',(#517),#419,.F.);
#272=ADVANCED_FACE('',(#518),#420,.F.);
#273=ADVANCED_FACE('',(#519),#421,.F.);
#274=ADVANCED_FACE('',(#520),#422,.F.);
#275=ADVANCED_FACE('',(#521),#423,.F.);
#276=ADVANCED_FACE('',(#522),#424,.F.);
#277=ADVANCED_FACE('',(#523),#425,.F.);
#278=ADVANCED_FACE('',(#524),#426,.F.);
#279=ADVANCED_FACE('',(#525),#427,.F.);
#280=ADVANCED_FACE('',(#526),#428,.F.);
#281=ADVANCED_FACE('',(#527),#429,.F.);
#282=ADVANCED_FACE('',(#528),#430,.F.);
#283=ADVANCED_FACE('',(#529),#431,.F.);
#284=ADVANCED_FACE('',(#530),#432,.F.);
#285=ADVANCED_FACE('',(#531),#433,.F.);
#286=ADVANCED_FACE('',(#532),#434,.F.);
#287=ADVANCED_FACE('',(#533),#435,.F.);
#288=ADVANCED_FACE('',(#534),#436,.F.);
#289=ADVANCED_FACE('',(#535),#437,.F.);
#290=ADVANCED_FACE('',(#536),#438,.F.);
#291=ADVANCED_FACE('',(#537),#439,.F.);
#292=ADVANCED_FACE('',(#538),#440,.F.);
#293=ADVANCED_FACE('',(#539),#441,.F.);
#294=ADVANCED_FACE('',(#540),#442,.F.);
#295=ADVANCED_FACE('',(#541),#443,.F.);
#296=ADVANCED_FACE('',(#542),#444,.F.);
#297=ADVANCED_FACE('',(#543),#445,.F.);
#298=ADVANCED_FACE('',(#544),#446,.F.);
#299=ADVANCED_FACE('',(#545),#447,.F.);
#300=ADVANCED_FACE('',(#546),#448,.F.);
#301=ADVANCED_FACE('',(#547),#449,.F.);
#302=ADVANCED_FACE('',(#548),#450,.F.);
#303=ADVANCED_FACE('',(#549),#451,.F.);
#304=ADVANCED_FACE('',(#550),#452,.F.);
#305=ADVANCED_FACE('',(#551),#453,.F.);
#306=ADVANCED_FACE('',(#552),#454,.F.);
#307=ADVANCED_FACE('',(#553),#455,.F.);
#308=ADVANCED_FACE('',(#554),#456,.F.);
#309=ADVANCED_FACE('',(#555),#457,.F.);
#310=ADVANCED_FACE('',(#556),#458,.F.);
#311=ADVANCED_FACE('',(#557),#459,.F.);
#312=ADVANCED_FACE('',(#558),#460,.F.);
#313=ADVANCED_FACE('',(#559),#461,.F.);
#314=ADVANCED_FACE('',(#560),#462,.F.);
#315=ADVANCED_FACE('',(#561),#463,.F.);
#316=ADVANCED_FACE('',(#562),#464,.F.);
#317=ADVANCED_FACE('',(#563),#465,.F.);
#318=ADVANCED_FACE('',(#564),#466,.F.);
#319=ADVANCED_FACE('',(#565),#467,.F.);
#320=ADVANCED_FACE('',(#566),#468,.F.);
#321=ADVANCED_FACE('',(#567),#469,.F.);
#322=ADVANCED_FACE('',(#568),#470,.F.);
#323=ADVANCED_FACE('',(#569),#471,.F.);
#324=ADVANCED_FACE('',(#570),#472,.F.);
#325=ADVANCED_FACE('',(#571),#473,.F.);
#326=ADVANCED_FACE('',(#572),#474,.F.);
#327=ADVANCED_FACE('',(#34,#35),#57,.F.);
#328=ADVANCED_FACE('',(#36,#37),#58,.F.);
#329=ADVANCED_FACE('',(#573),#59,.T.);
#330=ADVANCED_FACE('',(#574),#475,.F.);
#331=ADVANCED_FACE('',(#38,#39),#60,.F.);
#332=ADVANCED_FACE('',(#40,#41,#42,#43,#44,#45),#476,.F.);
#333=ADVANCED_FACE('',(#46,#47,#48,#49,#50,#51),#477,.T.);
#334=ADVANCED_FACE('',(#575),#61,.F.);
#335=ADVANCED_FACE('',(#576),#62,.F.);
#336=ADVANCED_FACE('',(#577),#63,.F.);
#337=ADVANCED_FACE('',(#578),#64,.F.);
#338=ADVANCED_FACE('',(#579),#65,.F.);
#339=ADVANCED_FACE('',(#580),#66,.F.);
#340=ADVANCED_FACE('',(#581),#67,.F.);
#341=ADVANCED_FACE('',(#582),#68,.F.);
#342=ADVANCED_FACE('',(#583),#69,.F.);
#343=ADVANCED_FACE('',(#584),#70,.T.);
#344=ADVANCED_FACE('',(#585),#71,.T.);
#345=ADVANCED_FACE('',(#586),#72,.T.);
#346=ADVANCED_FACE('',(#587),#73,.T.);
#347=ADVANCED_FACE('',(#588),#74,.T.);
#348=ADVANCED_FACE('',(#589),#75,.T.);
#349=ADVANCED_FACE('',(#590),#76,.T.);
#350=ADVANCED_FACE('',(#591),#77,.T.);
#351=ADVANCED_FACE('',(#592),#78,.T.);
#352=ADVANCED_FACE('',(#593),#79,.T.);
#353=ADVANCED_FACE('',(#594),#80,.T.);
#354=ADVANCED_FACE('',(#595),#81,.T.);
#355=ADVANCED_FACE('',(#596),#82,.T.);
#356=ADVANCED_FACE('',(#597),#83,.T.);
#357=ADVANCED_FACE('',(#598),#84,.T.);
#358=ADVANCED_FACE('',(#599),#85,.T.);
#359=ADVANCED_FACE('',(#600),#86,.T.);
#360=ADVANCED_FACE('',(#601),#87,.T.);
#361=ADVANCED_FACE('',(#602),#88,.T.);
#362=ADVANCED_FACE('',(#603),#89,.T.);
#363=ADVANCED_FACE('',(#604),#90,.T.);
#364=ADVANCED_FACE('',(#605),#91,.T.);
#365=ADVANCED_FACE('',(#606),#92,.T.);
#366=ADVANCED_FACE('',(#607),#93,.T.);
#367=ADVANCED_FACE('',(#608),#94,.T.);
#368=ADVANCED_FACE('',(#609),#95,.T.);
#369=ADVANCED_FACE('',(#610),#96,.T.);
#370=ADVANCED_FACE('',(#611),#97,.T.);
#371=ADVANCED_FACE('',(#612),#98,.T.);
#372=ADVANCED_FACE('',(#613),#99,.T.);
#373=ADVANCED_FACE('',(#614),#100,.T.);
#374=ADVANCED_FACE('',(#615),#101,.T.);
#375=ADVANCED_FACE('',(#616),#102,.T.);
#376=ADVANCED_FACE('',(#617),#103,.T.);
#377=ADVANCED_FACE('',(#618),#104,.T.);
#378=ADVANCED_FACE('',(#619),#105,.T.);
#379=ADVANCED_FACE('',(#620),#106,.T.);
#380=ADVANCED_FACE('',(#621),#107,.T.);
#381=ADVANCED_FACE('',(#622),#108,.T.);
#382=ADVANCED_FACE('',(#623),#109,.T.);
#383=ADVANCED_FACE('',(#624),#110,.T.);
#384=ADVANCED_FACE('',(#625),#111,.T.);
#385=PLANE('',#3105);
#386=PLANE('',#3106);
#387=PLANE('',#3116);
#388=PLANE('',#3117);
#389=PLANE('',#3118);
#390=PLANE('',#3122);
#391=PLANE('',#3123);
#392=PLANE('',#3124);
#393=PLANE('',#3125);
#394=PLANE('',#3126);
#395=PLANE('',#3130);
#396=PLANE('',#3131);
#397=PLANE('',#3132);
#398=PLANE('',#3133);
#399=PLANE('',#3134);
#400=PLANE('',#3135);
#401=PLANE('',#3136);
#402=PLANE('',#3137);
#403=PLANE('',#3138);
#404=PLANE('',#3139);
#405=PLANE('',#3140);
#406=PLANE('',#3141);
#407=PLANE('',#3142);
#408=PLANE('',#3143);
#409=PLANE('',#3144);
#410=PLANE('',#3145);
#411=PLANE('',#3146);
#412=PLANE('',#3147);
#413=PLANE('',#3148);
#414=PLANE('',#3149);
#415=PLANE('',#3150);
#416=PLANE('',#3151);
#417=PLANE('',#3152);
#418=PLANE('',#3153);
#419=PLANE('',#3154);
#420=PLANE('',#3155);
#421=PLANE('',#3156);
#422=PLANE('',#3157);
#423=PLANE('',#3158);
#424=PLANE('',#3159);
#425=PLANE('',#3160);
#426=PLANE('',#3161);
#427=PLANE('',#3162);
#428=PLANE('',#3163);
#429=PLANE('',#3164);
#430=PLANE('',#3165);
#431=PLANE('',#3166);
#432=PLANE('',#3167);
#433=PLANE('',#3168);
#434=PLANE('',#3169);
#435=PLANE('',#3170);
#436=PLANE('',#3171);
#437=PLANE('',#3172);
#438=PLANE('',#3173);
#439=PLANE('',#3174);
#440=PLANE('',#3175);
#441=PLANE('',#3176);
#442=PLANE('',#3177);
#443=PLANE('',#3178);
#444=PLANE('',#3179);
#445=PLANE('',#3180);
#446=PLANE('',#3181);
#447=PLANE('',#3182);
#448=PLANE('',#3183);
#449=PLANE('',#3184);
#450=PLANE('',#3185);
#451=PLANE('',#3186);
#452=PLANE('',#3187);
#453=PLANE('',#3188);
#454=PLANE('',#3189);
#455=PLANE('',#3190);
#456=PLANE('',#3191);
#457=PLANE('',#3192);
#458=PLANE('',#3193);
#459=PLANE('',#3194);
#460=PLANE('',#3195);
#461=PLANE('',#3196);
#462=PLANE('',#3197);
#463=PLANE('',#3198);
#464=PLANE('',#3199);
#465=PLANE('',#3200);
#466=PLANE('',#3201);
#467=PLANE('',#3202);
#468=PLANE('',#3203);
#469=PLANE('',#3204);
#470=PLANE('',#3205);
#471=PLANE('',#3206);
#472=PLANE('',#3207);
#473=PLANE('',#3208);
#474=PLANE('',#3209);
#475=PLANE('',#3219);
#476=PLANE('',#3274);
#477=PLANE('',#3326);
#478=FACE_OUTER_BOUND('',#626,.T.);
#479=FACE_OUTER_BOUND('',#627,.T.);
#480=FACE_OUTER_BOUND('',#628,.T.);
#481=FACE_OUTER_BOUND('',#629,.T.);
#482=FACE_OUTER_BOUND('',#630,.T.);
#483=FACE_OUTER_BOUND('',#631,.T.);
#484=FACE_OUTER_BOUND('',#632,.T.);
#485=FACE_OUTER_BOUND('',#633,.T.);
#486=FACE_OUTER_BOUND('',#634,.T.);
#487=FACE_OUTER_BOUND('',#635,.T.);
#488=FACE_OUTER_BOUND('',#636,.T.);
#489=FACE_OUTER_BOUND('',#637,.T.);
#490=FACE_OUTER_BOUND('',#638,.T.);
#491=FACE_OUTER_BOUND('',#639,.T.);
#492=FACE_OUTER_BOUND('',#640,.T.);
#493=FACE_OUTER_BOUND('',#641,.T.);
#494=FACE_OUTER_BOUND('',#642,.T.);
#495=FACE_OUTER_BOUND('',#643,.T.);
#496=FACE_OUTER_BOUND('',#644,.T.);
#497=FACE_OUTER_BOUND('',#645,.T.);
#498=FACE_OUTER_BOUND('',#646,.T.);
#499=FACE_OUTER_BOUND('',#647,.T.);
#500=FACE_OUTER_BOUND('',#648,.T.);
#501=FACE_OUTER_BOUND('',#649,.T.);
#502=FACE_OUTER_BOUND('',#650,.T.);
#503=FACE_OUTER_BOUND('',#651,.T.);
#504=FACE_OUTER_BOUND('',#652,.T.);
#505=FACE_OUTER_BOUND('',#653,.T.);
#506=FACE_OUTER_BOUND('',#654,.T.);
#507=FACE_OUTER_BOUND('',#655,.T.);
#508=FACE_OUTER_BOUND('',#656,.T.);
#509=FACE_OUTER_BOUND('',#657,.T.);
#510=FACE_OUTER_BOUND('',#658,.T.);
#511=FACE_OUTER_BOUND('',#659,.T.);
#512=FACE_OUTER_BOUND('',#660,.T.);
#513=FACE_OUTER_BOUND('',#661,.T.);
#514=FACE_OUTER_BOUND('',#662,.T.);
#515=FACE_OUTER_BOUND('',#663,.T.);
#516=FACE_OUTER_BOUND('',#664,.T.);
#517=FACE_OUTER_BOUND('',#665,.T.);
#518=FACE_OUTER_BOUND('',#666,.T.);
#519=FACE_OUTER_BOUND('',#667,.T.);
#520=FACE_OUTER_BOUND('',#668,.T.);
#521=FACE_OUTER_BOUND('',#669,.T.);
#522=FACE_OUTER_BOUND('',#670,.T.);
#523=FACE_OUTER_BOUND('',#671,.T.);
#524=FACE_OUTER_BOUND('',#672,.T.);
#525=FACE_OUTER_BOUND('',#673,.T.);
#526=FACE_OUTER_BOUND('',#674,.T.);
#527=FACE_OUTER_BOUND('',#675,.T.);
#528=FACE_OUTER_BOUND('',#676,.T.);
#529=FACE_OUTER_BOUND('',#677,.T.);
#530=FACE_OUTER_BOUND('',#678,.T.);
#531=FACE_OUTER_BOUND('',#679,.T.);
#532=FACE_OUTER_BOUND('',#680,.T.);
#533=FACE_OUTER_BOUND('',#681,.T.);
#534=FACE_OUTER_BOUND('',#682,.T.);
#535=FACE_OUTER_BOUND('',#683,.T.);
#536=FACE_OUTER_BOUND('',#684,.T.);
#537=FACE_OUTER_BOUND('',#685,.T.);
#538=FACE_OUTER_BOUND('',#686,.T.);
#539=FACE_OUTER_BOUND('',#687,.T.);
#540=FACE_OUTER_BOUND('',#688,.T.);
#541=FACE_OUTER_BOUND('',#689,.T.);
#542=FACE_OUTER_BOUND('',#690,.T.);
#543=FACE_OUTER_BOUND('',#691,.T.);
#544=FACE_OUTER_BOUND('',#692,.T.);
#545=FACE_OUTER_BOUND('',#693,.T.);
#546=FACE_OUTER_BOUND('',#694,.T.);
#547=FACE_OUTER_BOUND('',#695,.T.);
#548=FACE_OUTER_BOUND('',#696,.T.);
#549=FACE_OUTER_BOUND('',#697,.T.);
#550=FACE_OUTER_BOUND('',#698,.T.);
#551=FACE_OUTER_BOUND('',#699,.T.);
#552=FACE_OUTER_BOUND('',#700,.T.);
#553=FACE_OUTER_BOUND('',#701,.T.);
#554=FACE_OUTER_BOUND('',#702,.T.);
#555=FACE_OUTER_BOUND('',#703,.T.);
#556=FACE_OUTER_BOUND('',#704,.T.);
#557=FACE_OUTER_BOUND('',#705,.T.);
#558=FACE_OUTER_BOUND('',#706,.T.);
#559=FACE_OUTER_BOUND('',#707,.T.);
#560=FACE_OUTER_BOUND('',#708,.T.);
#561=FACE_OUTER_BOUND('',#709,.T.);
#562=FACE_OUTER_BOUND('',#710,.T.);
#563=FACE_OUTER_BOUND('',#711,.T.);
#564=FACE_OUTER_BOUND('',#712,.T.);
#565=FACE_OUTER_BOUND('',#713,.T.);
#566=FACE_OUTER_BOUND('',#714,.T.);
#567=FACE_OUTER_BOUND('',#715,.T.);
#568=FACE_OUTER_BOUND('',#716,.T.);
#569=FACE_OUTER_BOUND('',#717,.T.);
#570=FACE_OUTER_BOUND('',#718,.T.);
#571=FACE_OUTER_BOUND('',#719,.T.);
#572=FACE_OUTER_BOUND('',#720,.T.);
#573=FACE_OUTER_BOUND('',#725,.T.);
#574=FACE_OUTER_BOUND('',#726,.T.);
#575=FACE_OUTER_BOUND('',#741,.T.);
#576=FACE_OUTER_BOUND('',#742,.T.);
#577=FACE_OUTER_BOUND('',#743,.T.);
#578=FACE_OUTER_BOUND('',#744,.T.);
#579=FACE_OUTER_BOUND('',#745,.T.);
#580=FACE_OUTER_BOUND('',#746,.T.);
#581=FACE_OUTER_BOUND('',#747,.T.);
#582=FACE_OUTER_BOUND('',#748,.T.);
#583=FACE_OUTER_BOUND('',#749,.T.);
#584=FACE_OUTER_BOUND('',#750,.T.);
#585=FACE_OUTER_BOUND('',#751,.T.);
#586=FACE_OUTER_BOUND('',#752,.T.);
#587=FACE_OUTER_BOUND('',#753,.T.);
#588=FACE_OUTER_BOUND('',#754,.T.);
#589=FACE_OUTER_BOUND('',#755,.T.);
#590=FACE_OUTER_BOUND('',#756,.T.);
#591=FACE_OUTER_BOUND('',#757,.T.);
#592=FACE_OUTER_BOUND('',#758,.T.);
#593=FACE_OUTER_BOUND('',#759,.T.);
#594=FACE_OUTER_BOUND('',#760,.T.);
#595=FACE_OUTER_BOUND('',#761,.T.);
#596=FACE_OUTER_BOUND('',#762,.T.);
#597=FACE_OUTER_BOUND('',#763,.T.);
#598=FACE_OUTER_BOUND('',#764,.T.);
#599=FACE_OUTER_BOUND('',#765,.T.);
#600=FACE_OUTER_BOUND('',#766,.T.);
#601=FACE_OUTER_BOUND('',#767,.T.);
#602=FACE_OUTER_BOUND('',#768,.T.);
#603=FACE_OUTER_BOUND('',#769,.T.);
#604=FACE_OUTER_BOUND('',#770,.T.);
#605=FACE_OUTER_BOUND('',#771,.T.);
#606=FACE_OUTER_BOUND('',#772,.T.);
#607=FACE_OUTER_BOUND('',#773,.T.);
#608=FACE_OUTER_BOUND('',#774,.T.);
#609=FACE_OUTER_BOUND('',#775,.T.);
#610=FACE_OUTER_BOUND('',#776,.T.);
#611=FACE_OUTER_BOUND('',#777,.T.);
#612=FACE_OUTER_BOUND('',#778,.T.);
#613=FACE_OUTER_BOUND('',#779,.T.);
#614=FACE_OUTER_BOUND('',#780,.T.);
#615=FACE_OUTER_BOUND('',#781,.T.);
#616=FACE_OUTER_BOUND('',#782,.T.);
#617=FACE_OUTER_BOUND('',#783,.T.);
#618=FACE_OUTER_BOUND('',#784,.T.);
#619=FACE_OUTER_BOUND('',#785,.T.);
#620=FACE_OUTER_BOUND('',#786,.T.);
#621=FACE_OUTER_BOUND('',#787,.T.);
#622=FACE_OUTER_BOUND('',#788,.T.);
#623=FACE_OUTER_BOUND('',#789,.T.);
#624=FACE_OUTER_BOUND('',#790,.T.);
#625=FACE_OUTER_BOUND('',#791,.T.);
#626=EDGE_LOOP('',(#792,#793,#794,#795));
#627=EDGE_LOOP('',(#796,#797,#798,#799));
#628=EDGE_LOOP('',(#800,#801,#802,#803));
#629=EDGE_LOOP('',(#804,#805,#806,#807));
#630=EDGE_LOOP('',(#808,#809,#810,#811));
#631=EDGE_LOOP('',(#812,#813,#814,#815));
#632=EDGE_LOOP('',(#816,#817,#818,#819));
#633=EDGE_LOOP('',(#820,#821,#822,#823));
#634=EDGE_LOOP('',(#824,#825,#826,#827));
#635=EDGE_LOOP('',(#828,#829,#830,#831));
#636=EDGE_LOOP('',(#832,#833,#834,#835));
#637=EDGE_LOOP('',(#836,#837,#838,#839));
#638=EDGE_LOOP('',(#840,#841,#842,#843));
#639=EDGE_LOOP('',(#844,#845,#846,#847));
#640=EDGE_LOOP('',(#848,#849,#850,#851));
#641=EDGE_LOOP('',(#852,#853,#854,#855));
#642=EDGE_LOOP('',(#856,#857,#858,#859));
#643=EDGE_LOOP('',(#860,#861,#862,#863));
#644=EDGE_LOOP('',(#864,#865,#866,#867));
#645=EDGE_LOOP('',(#868,#869,#870,#871));
#646=EDGE_LOOP('',(#872,#873,#874,#875));
#647=EDGE_LOOP('',(#876,#877,#878,#879));
#648=EDGE_LOOP('',(#880,#881,#882,#883));
#649=EDGE_LOOP('',(#884,#885,#886,#887));
#650=EDGE_LOOP('',(#888,#889,#890,#891));
#651=EDGE_LOOP('',(#892,#893,#894,#895));
#652=EDGE_LOOP('',(#896,#897,#898,#899));
#653=EDGE_LOOP('',(#900,#901,#902,#903));
#654=EDGE_LOOP('',(#904,#905,#906,#907));
#655=EDGE_LOOP('',(#908,#909,#910,#911));
#656=EDGE_LOOP('',(#912,#913,#914,#915));
#657=EDGE_LOOP('',(#916,#917,#918,#919));
#658=EDGE_LOOP('',(#920,#921,#922,#923));
#659=EDGE_LOOP('',(#924,#925,#926,#927));
#660=EDGE_LOOP('',(#928,#929,#930,#931));
#661=EDGE_LOOP('',(#932,#933,#934,#935));
#662=EDGE_LOOP('',(#936,#937,#938,#939));
#663=EDGE_LOOP('',(#940,#941,#942,#943));
#664=EDGE_LOOP('',(#944,#945,#946,#947));
#665=EDGE_LOOP('',(#948,#949,#950,#951));
#666=EDGE_LOOP('',(#952,#953,#954,#955));
#667=EDGE_LOOP('',(#956,#957,#958,#959));
#668=EDGE_LOOP('',(#960,#961,#962,#963));
#669=EDGE_LOOP('',(#964,#965,#966,#967));
#670=EDGE_LOOP('',(#968,#969,#970,#971));
#671=EDGE_LOOP('',(#972,#973,#974,#975));
#672=EDGE_LOOP('',(#976,#977,#978,#979));
#673=EDGE_LOOP('',(#980,#981,#982,#983));
#674=EDGE_LOOP('',(#984,#985,#986,#987));
#675=EDGE_LOOP('',(#988,#989,#990,#991));
#676=EDGE_LOOP('',(#992,#993,#994,#995));
#677=EDGE_LOOP('',(#996,#997,#998,#999));
#678=EDGE_LOOP('',(#1000,#1001,#1002,#1003));
#679=EDGE_LOOP('',(#1004,#1005,#1006,#1007));
#680=EDGE_LOOP('',(#1008,#1009,#1010,#1011));
#681=EDGE_LOOP('',(#1012,#1013,#1014,#1015));
#682=EDGE_LOOP('',(#1016,#1017,#1018,#1019));
#683=EDGE_LOOP('',(#1020,#1021,#1022,#1023));
#684=EDGE_LOOP('',(#1024,#1025,#1026,#1027));
#685=EDGE_LOOP('',(#1028,#1029,#1030,#1031));
#686=EDGE_LOOP('',(#1032,#1033,#1034,#1035));
#687=EDGE_LOOP('',(#1036,#1037,#1038,#1039));
#688=EDGE_LOOP('',(#1040,#1041,#1042,#1043));
#689=EDGE_LOOP('',(#1044,#1045,#1046,#1047));
#690=EDGE_LOOP('',(#1048,#1049,#1050,#1051));
#691=EDGE_LOOP('',(#1052,#1053,#1054,#1055));
#692=EDGE_LOOP('',(#1056,#1057,#1058,#1059));
#693=EDGE_LOOP('',(#1060,#1061,#1062,#1063));
#694=EDGE_LOOP('',(#1064,#1065,#1066,#1067));
#695=EDGE_LOOP('',(#1068,#1069,#1070,#1071));
#696=EDGE_LOOP('',(#1072,#1073,#1074,#1075));
#697=EDGE_LOOP('',(#1076,#1077,#1078,#1079));
#698=EDGE_LOOP('',(#1080,#1081,#1082,#1083));
#699=EDGE_LOOP('',(#1084,#1085,#1086,#1087));
#700=EDGE_LOOP('',(#1088,#1089,#1090,#1091));
#701=EDGE_LOOP('',(#1092,#1093,#1094,#1095));
#702=EDGE_LOOP('',(#1096,#1097,#1098,#1099));
#703=EDGE_LOOP('',(#1100,#1101,#1102,#1103));
#704=EDGE_LOOP('',(#1104,#1105,#1106,#1107));
#705=EDGE_LOOP('',(#1108,#1109,#1110,#1111));
#706=EDGE_LOOP('',(#1112,#1113,#1114,#1115));
#707=EDGE_LOOP('',(#1116,#1117,#1118,#1119));
#708=EDGE_LOOP('',(#1120,#1121,#1122,#1123));
#709=EDGE_LOOP('',(#1124,#1125,#1126,#1127));
#710=EDGE_LOOP('',(#1128,#1129,#1130,#1131));
#711=EDGE_LOOP('',(#1132,#1133,#1134,#1135));
#712=EDGE_LOOP('',(#1136,#1137,#1138,#1139));
#713=EDGE_LOOP('',(#1140,#1141,#1142,#1143));
#714=EDGE_LOOP('',(#1144,#1145,#1146,#1147));
#715=EDGE_LOOP('',(#1148,#1149,#1150,#1151));
#716=EDGE_LOOP('',(#1152,#1153,#1154,#1155));
#717=EDGE_LOOP('',(#1156,#1157,#1158,#1159));
#718=EDGE_LOOP('',(#1160,#1161,#1162,#1163));
#719=EDGE_LOOP('',(#1164,#1165,#1166,#1167));
#720=EDGE_LOOP('',(#1168,#1169,#1170,#1171));
#721=EDGE_LOOP('',(#1172));
#722=EDGE_LOOP('',(#1173));
#723=EDGE_LOOP('',(#1174));
#724=EDGE_LOOP('',(#1175));
#725=EDGE_LOOP('',(#1176,#1177,#1178,#1179));
#726=EDGE_LOOP('',(#1180,#1181,#1182,#1183));
#727=EDGE_LOOP('',(#1184));
#728=EDGE_LOOP('',(#1185));
#729=EDGE_LOOP('',(#1186,#1187,#1188,#1189,#1190,#1191,#1192,#1193,#1194,
#1195,#1196,#1197,#1198,#1199,#1200,#1201,#1202,#1203,#1204,#1205,#1206,
#1207,#1208,#1209,#1210,#1211,#1212,#1213,#1214,#1215,#1216,#1217,#1218,
#1219,#1220,#1221,#1222,#1223,#1224,#1225,#1226,#1227,#1228,#1229,#1230,
#1231,#1232,#1233,#1234,#1235,#1236,#1237,#1238,#1239,#1240,#1241,#1242,
#1243,#1244,#1245,#1246,#1247,#1248,#1249,#1250,#1251,#1252,#1253,#1254,
#1255,#1256,#1257,#1258,#1259,#1260,#1261,#1262,#1263,#1264,#1265,#1266,
#1267,#1268,#1269,#1270,#1271,#1272,#1273,#1274,#1275,#1276,#1277,#1278,
#1279,#1280,#1281,#1282,#1283,#1284,#1285,#1286,#1287,#1288,#1289,#1290,
#1291,#1292,#1293,#1294,#1295,#1296,#1297,#1298,#1299,#1300,#1301,#1302,
#1303,#1304,#1305,#1306,#1307));
#730=EDGE_LOOP('',(#1308,#1309,#1310,#1311,#1312,#1313));
#731=EDGE_LOOP('',(#1314,#1315,#1316,#1317,#1318,#1319,#1320,#1321,#1322,
#1323,#1324,#1325,#1326,#1327,#1328,#1329,#1330,#1331,#1332,#1333));
#732=EDGE_LOOP('',(#1334));
#733=EDGE_LOOP('',(#1335));
#734=EDGE_LOOP('',(#1336));
#735=EDGE_LOOP('',(#1337,#1338,#1339,#1340,#1341,#1342,#1343,#1344,#1345,
#1346,#1347,#1348,#1349,#1350,#1351,#1352,#1353,#1354,#1355,#1356,#1357,
#1358,#1359,#1360,#1361,#1362,#1363,#1364,#1365,#1366,#1367,#1368,#1369,
#1370,#1371,#1372,#1373,#1374,#1375,#1376,#1377,#1378,#1379,#1380,#1381,
#1382,#1383,#1384,#1385,#1386,#1387,#1388,#1389,#1390,#1391,#1392,#1393,
#1394,#1395,#1396,#1397,#1398,#1399,#1400,#1401,#1402,#1403,#1404,#1405,
#1406,#1407,#1408,#1409,#1410,#1411,#1412,#1413,#1414,#1415,#1416,#1417,
#1418,#1419,#1420,#1421,#1422,#1423,#1424,#1425,#1426,#1427,#1428,#1429,
#1430,#1431,#1432,#1433,#1434,#1435,#1436,#1437,#1438,#1439,#1440,#1441,
#1442,#1443,#1444,#1445,#1446,#1447,#1448,#1449,#1450,#1451,#1452,#1453,
#1454,#1455,#1456,#1457,#1458));
#736=EDGE_LOOP('',(#1459,#1460,#1461,#1462,#1463,#1464));
#737=EDGE_LOOP('',(#1465,#1466,#1467,#1468,#1469,#1470,#1471,#1472,#1473,
#1474,#1475,#1476,#1477,#1478,#1479,#1480,#1481,#1482,#1483,#1484));
#738=EDGE_LOOP('',(#1485));
#739=EDGE_LOOP('',(#1486));
#740=EDGE_LOOP('',(#1487));
#741=EDGE_LOOP('',(#1488,#1489,#1490,#1491));
#742=EDGE_LOOP('',(#1492,#1493,#1494,#1495));
#743=EDGE_LOOP('',(#1496,#1497,#1498,#1499));
#744=EDGE_LOOP('',(#1500,#1501,#1502,#1503));
#745=EDGE_LOOP('',(#1504,#1505,#1506,#1507));
#746=EDGE_LOOP('',(#1508,#1509,#1510,#1511));
#747=EDGE_LOOP('',(#1512,#1513,#1514,#1515));
#748=EDGE_LOOP('',(#1516,#1517,#1518,#1519));
#749=EDGE_LOOP('',(#1520,#1521,#1522,#1523));
#750=EDGE_LOOP('',(#1524,#1525,#1526,#1527));
#751=EDGE_LOOP('',(#1528,#1529,#1530,#1531));
#752=EDGE_LOOP('',(#1532,#1533,#1534,#1535));
#753=EDGE_LOOP('',(#1536,#1537,#1538,#1539));
#754=EDGE_LOOP('',(#1540,#1541,#1542,#1543));
#755=EDGE_LOOP('',(#1544,#1545,#1546,#1547));
#756=EDGE_LOOP('',(#1548,#1549,#1550,#1551));
#757=EDGE_LOOP('',(#1552,#1553,#1554,#1555));
#758=EDGE_LOOP('',(#1556,#1557,#1558,#1559));
#759=EDGE_LOOP('',(#1560,#1561,#1562,#1563));
#760=EDGE_LOOP('',(#1564,#1565,#1566,#1567));
#761=EDGE_LOOP('',(#1568,#1569,#1570,#1571));
#762=EDGE_LOOP('',(#1572,#1573,#1574,#1575));
#763=EDGE_LOOP('',(#1576,#1577,#1578,#1579));
#764=EDGE_LOOP('',(#1580,#1581,#1582,#1583));
#765=EDGE_LOOP('',(#1584,#1585,#1586,#1587));
#766=EDGE_LOOP('',(#1588,#1589,#1590,#1591));
#767=EDGE_LOOP('',(#1592,#1593,#1594,#1595));
#768=EDGE_LOOP('',(#1596,#1597,#1598,#1599));
#769=EDGE_LOOP('',(#1600,#1601,#1602,#1603));
#770=EDGE_LOOP('',(#1604,#1605,#1606,#1607));
#771=EDGE_LOOP('',(#1608,#1609,#1610,#1611));
#772=EDGE_LOOP('',(#1612,#1613,#1614,#1615));
#773=EDGE_LOOP('',(#1616,#1617,#1618,#1619));
#774=EDGE_LOOP('',(#1620,#1621,#1622,#1623));
#775=EDGE_LOOP('',(#1624,#1625,#1626,#1627));
#776=EDGE_LOOP('',(#1628,#1629,#1630,#1631));
#777=EDGE_LOOP('',(#1632,#1633,#1634,#1635));
#778=EDGE_LOOP('',(#1636,#1637,#1638,#1639));
#779=EDGE_LOOP('',(#1640,#1641,#1642,#1643));
#780=EDGE_LOOP('',(#1644,#1645,#1646,#1647));
#781=EDGE_LOOP('',(#1648,#1649,#1650,#1651));
#782=EDGE_LOOP('',(#1652,#1653,#1654,#1655));
#783=EDGE_LOOP('',(#1656,#1657,#1658,#1659));
#784=EDGE_LOOP('',(#1660,#1661,#1662,#1663));
#785=EDGE_LOOP('',(#1664,#1665,#1666,#1667));
#786=EDGE_LOOP('',(#1668,#1669,#1670,#1671));
#787=EDGE_LOOP('',(#1672,#1673,#1674,#1675));
#788=EDGE_LOOP('',(#1676,#1677,#1678,#1679));
#789=EDGE_LOOP('',(#1680,#1681,#1682,#1683));
#790=EDGE_LOOP('',(#1684,#1685,#1686,#1687));
#791=EDGE_LOOP('',(#1688,#1689,#1690,#1691));
#792=ORIENTED_EDGE('',*,*,#1994,.T.);
#793=ORIENTED_EDGE('',*,*,#1995,.T.);
#794=ORIENTED_EDGE('',*,*,#1996,.F.);
#795=ORIENTED_EDGE('',*,*,#1997,.T.);
#796=ORIENTED_EDGE('',*,*,#1998,.F.);
#797=ORIENTED_EDGE('',*,*,#1999,.T.);
#798=ORIENTED_EDGE('',*,*,#2000,.T.);
#799=ORIENTED_EDGE('',*,*,#2001,.F.);
#800=ORIENTED_EDGE('',*,*,#2002,.T.);
#801=ORIENTED_EDGE('',*,*,#2003,.F.);
#802=ORIENTED_EDGE('',*,*,#2004,.F.);
#803=ORIENTED_EDGE('',*,*,#2001,.T.);
#804=ORIENTED_EDGE('',*,*,#2005,.T.);
#805=ORIENTED_EDGE('',*,*,#2006,.F.);
#806=ORIENTED_EDGE('',*,*,#2007,.F.);
#807=ORIENTED_EDGE('',*,*,#2003,.T.);
#808=ORIENTED_EDGE('',*,*,#2008,.T.);
#809=ORIENTED_EDGE('',*,*,#2009,.F.);
#810=ORIENTED_EDGE('',*,*,#2010,.F.);
#811=ORIENTED_EDGE('',*,*,#2006,.T.);
#812=ORIENTED_EDGE('',*,*,#2011,.T.);
#813=ORIENTED_EDGE('',*,*,#2012,.T.);
#814=ORIENTED_EDGE('',*,*,#2013,.F.);
#815=ORIENTED_EDGE('',*,*,#2009,.T.);
#816=ORIENTED_EDGE('',*,*,#2014,.T.);
#817=ORIENTED_EDGE('',*,*,#2015,.T.);
#818=ORIENTED_EDGE('',*,*,#2016,.F.);
#819=ORIENTED_EDGE('',*,*,#2017,.T.);
#820=ORIENTED_EDGE('',*,*,#2018,.F.);
#821=ORIENTED_EDGE('',*,*,#2019,.T.);
#822=ORIENTED_EDGE('',*,*,#2020,.T.);
#823=ORIENTED_EDGE('',*,*,#2021,.F.);
#824=ORIENTED_EDGE('',*,*,#2022,.T.);
#825=ORIENTED_EDGE('',*,*,#2023,.F.);
#826=ORIENTED_EDGE('',*,*,#2024,.F.);
#827=ORIENTED_EDGE('',*,*,#2021,.T.);
#828=ORIENTED_EDGE('',*,*,#2025,.T.);
#829=ORIENTED_EDGE('',*,*,#2026,.T.);
#830=ORIENTED_EDGE('',*,*,#2027,.F.);
#831=ORIENTED_EDGE('',*,*,#2023,.T.);
#832=ORIENTED_EDGE('',*,*,#2028,.F.);
#833=ORIENTED_EDGE('',*,*,#2029,.T.);
#834=ORIENTED_EDGE('',*,*,#2030,.T.);
#835=ORIENTED_EDGE('',*,*,#2031,.T.);
#836=ORIENTED_EDGE('',*,*,#2032,.T.);
#837=ORIENTED_EDGE('',*,*,#2033,.T.);
#838=ORIENTED_EDGE('',*,*,#2034,.F.);
#839=ORIENTED_EDGE('',*,*,#2035,.T.);
#840=ORIENTED_EDGE('',*,*,#2036,.T.);
#841=ORIENTED_EDGE('',*,*,#2037,.T.);
#842=ORIENTED_EDGE('',*,*,#2038,.F.);
#843=ORIENTED_EDGE('',*,*,#2039,.T.);
#844=ORIENTED_EDGE('',*,*,#2040,.F.);
#845=ORIENTED_EDGE('',*,*,#2041,.T.);
#846=ORIENTED_EDGE('',*,*,#2042,.T.);
#847=ORIENTED_EDGE('',*,*,#2043,.F.);
#848=ORIENTED_EDGE('',*,*,#2044,.T.);
#849=ORIENTED_EDGE('',*,*,#2045,.F.);
#850=ORIENTED_EDGE('',*,*,#2046,.F.);
#851=ORIENTED_EDGE('',*,*,#2043,.T.);
#852=ORIENTED_EDGE('',*,*,#2047,.F.);
#853=ORIENTED_EDGE('',*,*,#2048,.T.);
#854=ORIENTED_EDGE('',*,*,#2049,.T.);
#855=ORIENTED_EDGE('',*,*,#2050,.F.);
#856=ORIENTED_EDGE('',*,*,#2051,.T.);
#857=ORIENTED_EDGE('',*,*,#2052,.T.);
#858=ORIENTED_EDGE('',*,*,#2053,.F.);
#859=ORIENTED_EDGE('',*,*,#2050,.T.);
#860=ORIENTED_EDGE('',*,*,#2054,.T.);
#861=ORIENTED_EDGE('',*,*,#2055,.T.);
#862=ORIENTED_EDGE('',*,*,#2056,.F.);
#863=ORIENTED_EDGE('',*,*,#2057,.T.);
#864=ORIENTED_EDGE('',*,*,#2058,.F.);
#865=ORIENTED_EDGE('',*,*,#2059,.T.);
#866=ORIENTED_EDGE('',*,*,#2060,.T.);
#867=ORIENTED_EDGE('',*,*,#2061,.F.);
#868=ORIENTED_EDGE('',*,*,#2062,.T.);
#869=ORIENTED_EDGE('',*,*,#2063,.F.);
#870=ORIENTED_EDGE('',*,*,#2064,.F.);
#871=ORIENTED_EDGE('',*,*,#2061,.T.);
#872=ORIENTED_EDGE('',*,*,#2065,.T.);
#873=ORIENTED_EDGE('',*,*,#2066,.T.);
#874=ORIENTED_EDGE('',*,*,#2067,.F.);
#875=ORIENTED_EDGE('',*,*,#2063,.T.);
#876=ORIENTED_EDGE('',*,*,#2068,.T.);
#877=ORIENTED_EDGE('',*,*,#2069,.T.);
#878=ORIENTED_EDGE('',*,*,#2070,.F.);
#879=ORIENTED_EDGE('',*,*,#2071,.T.);
#880=ORIENTED_EDGE('',*,*,#2072,.F.);
#881=ORIENTED_EDGE('',*,*,#2073,.T.);
#882=ORIENTED_EDGE('',*,*,#2074,.T.);
#883=ORIENTED_EDGE('',*,*,#2075,.F.);
#884=ORIENTED_EDGE('',*,*,#2076,.T.);
#885=ORIENTED_EDGE('',*,*,#2077,.F.);
#886=ORIENTED_EDGE('',*,*,#2078,.F.);
#887=ORIENTED_EDGE('',*,*,#2075,.T.);
#888=ORIENTED_EDGE('',*,*,#2079,.T.);
#889=ORIENTED_EDGE('',*,*,#2080,.T.);
#890=ORIENTED_EDGE('',*,*,#2081,.F.);
#891=ORIENTED_EDGE('',*,*,#2077,.T.);
#892=ORIENTED_EDGE('',*,*,#2082,.T.);
#893=ORIENTED_EDGE('',*,*,#2083,.T.);
#894=ORIENTED_EDGE('',*,*,#2084,.F.);
#895=ORIENTED_EDGE('',*,*,#2085,.T.);
#896=ORIENTED_EDGE('',*,*,#2086,.F.);
#897=ORIENTED_EDGE('',*,*,#2087,.T.);
#898=ORIENTED_EDGE('',*,*,#2088,.T.);
#899=ORIENTED_EDGE('',*,*,#2089,.F.);
#900=ORIENTED_EDGE('',*,*,#2090,.T.);
#901=ORIENTED_EDGE('',*,*,#2091,.F.);
#902=ORIENTED_EDGE('',*,*,#2092,.F.);
#903=ORIENTED_EDGE('',*,*,#2089,.T.);
#904=ORIENTED_EDGE('',*,*,#2093,.T.);
#905=ORIENTED_EDGE('',*,*,#2094,.T.);
#906=ORIENTED_EDGE('',*,*,#2095,.F.);
#907=ORIENTED_EDGE('',*,*,#2091,.T.);
#908=ORIENTED_EDGE('',*,*,#2096,.T.);
#909=ORIENTED_EDGE('',*,*,#2097,.T.);
#910=ORIENTED_EDGE('',*,*,#2098,.F.);
#911=ORIENTED_EDGE('',*,*,#2099,.T.);
#912=ORIENTED_EDGE('',*,*,#2100,.F.);
#913=ORIENTED_EDGE('',*,*,#2101,.T.);
#914=ORIENTED_EDGE('',*,*,#2102,.T.);
#915=ORIENTED_EDGE('',*,*,#2103,.F.);
#916=ORIENTED_EDGE('',*,*,#2104,.T.);
#917=ORIENTED_EDGE('',*,*,#2105,.F.);
#918=ORIENTED_EDGE('',*,*,#2106,.F.);
#919=ORIENTED_EDGE('',*,*,#2103,.T.);
#920=ORIENTED_EDGE('',*,*,#2107,.T.);
#921=ORIENTED_EDGE('',*,*,#2108,.T.);
#922=ORIENTED_EDGE('',*,*,#2109,.F.);
#923=ORIENTED_EDGE('',*,*,#2105,.T.);
#924=ORIENTED_EDGE('',*,*,#2110,.T.);
#925=ORIENTED_EDGE('',*,*,#2111,.T.);
#926=ORIENTED_EDGE('',*,*,#2112,.F.);
#927=ORIENTED_EDGE('',*,*,#2113,.T.);
#928=ORIENTED_EDGE('',*,*,#2114,.F.);
#929=ORIENTED_EDGE('',*,*,#2115,.T.);
#930=ORIENTED_EDGE('',*,*,#2116,.T.);
#931=ORIENTED_EDGE('',*,*,#2117,.F.);
#932=ORIENTED_EDGE('',*,*,#2118,.T.);
#933=ORIENTED_EDGE('',*,*,#2119,.F.);
#934=ORIENTED_EDGE('',*,*,#2120,.F.);
#935=ORIENTED_EDGE('',*,*,#2117,.T.);
#936=ORIENTED_EDGE('',*,*,#2121,.T.);
#937=ORIENTED_EDGE('',*,*,#2122,.T.);
#938=ORIENTED_EDGE('',*,*,#2123,.F.);
#939=ORIENTED_EDGE('',*,*,#2119,.T.);
#940=ORIENTED_EDGE('',*,*,#2124,.T.);
#941=ORIENTED_EDGE('',*,*,#2125,.T.);
#942=ORIENTED_EDGE('',*,*,#2126,.F.);
#943=ORIENTED_EDGE('',*,*,#2127,.T.);
#944=ORIENTED_EDGE('',*,*,#2128,.F.);
#945=ORIENTED_EDGE('',*,*,#2129,.T.);
#946=ORIENTED_EDGE('',*,*,#2130,.T.);
#947=ORIENTED_EDGE('',*,*,#2131,.F.);
#948=ORIENTED_EDGE('',*,*,#2132,.T.);
#949=ORIENTED_EDGE('',*,*,#2133,.F.);
#950=ORIENTED_EDGE('',*,*,#2134,.F.);
#951=ORIENTED_EDGE('',*,*,#2131,.T.);
#952=ORIENTED_EDGE('',*,*,#2135,.T.);
#953=ORIENTED_EDGE('',*,*,#2136,.T.);
#954=ORIENTED_EDGE('',*,*,#2137,.F.);
#955=ORIENTED_EDGE('',*,*,#2133,.T.);
#956=ORIENTED_EDGE('',*,*,#2138,.T.);
#957=ORIENTED_EDGE('',*,*,#2139,.T.);
#958=ORIENTED_EDGE('',*,*,#2140,.F.);
#959=ORIENTED_EDGE('',*,*,#2141,.T.);
#960=ORIENTED_EDGE('',*,*,#2142,.T.);
#961=ORIENTED_EDGE('',*,*,#2143,.T.);
#962=ORIENTED_EDGE('',*,*,#2144,.F.);
#963=ORIENTED_EDGE('',*,*,#2145,.T.);
#964=ORIENTED_EDGE('',*,*,#2146,.F.);
#965=ORIENTED_EDGE('',*,*,#2147,.T.);
#966=ORIENTED_EDGE('',*,*,#2148,.T.);
#967=ORIENTED_EDGE('',*,*,#2149,.F.);
#968=ORIENTED_EDGE('',*,*,#2150,.T.);
#969=ORIENTED_EDGE('',*,*,#2151,.F.);
#970=ORIENTED_EDGE('',*,*,#2152,.F.);
#971=ORIENTED_EDGE('',*,*,#2149,.T.);
#972=ORIENTED_EDGE('',*,*,#2153,.T.);
#973=ORIENTED_EDGE('',*,*,#2154,.T.);
#974=ORIENTED_EDGE('',*,*,#2155,.F.);
#975=ORIENTED_EDGE('',*,*,#2151,.T.);
#976=ORIENTED_EDGE('',*,*,#2156,.T.);
#977=ORIENTED_EDGE('',*,*,#2157,.T.);
#978=ORIENTED_EDGE('',*,*,#2158,.F.);
#979=ORIENTED_EDGE('',*,*,#2159,.T.);
#980=ORIENTED_EDGE('',*,*,#2160,.F.);
#981=ORIENTED_EDGE('',*,*,#2161,.T.);
#982=ORIENTED_EDGE('',*,*,#2162,.T.);
#983=ORIENTED_EDGE('',*,*,#2163,.F.);
#984=ORIENTED_EDGE('',*,*,#2164,.T.);
#985=ORIENTED_EDGE('',*,*,#2165,.F.);
#986=ORIENTED_EDGE('',*,*,#2166,.F.);
#987=ORIENTED_EDGE('',*,*,#2163,.T.);
#988=ORIENTED_EDGE('',*,*,#2167,.T.);
#989=ORIENTED_EDGE('',*,*,#2168,.T.);
#990=ORIENTED_EDGE('',*,*,#2169,.F.);
#991=ORIENTED_EDGE('',*,*,#2165,.T.);
#992=ORIENTED_EDGE('',*,*,#2170,.T.);
#993=ORIENTED_EDGE('',*,*,#2171,.T.);
#994=ORIENTED_EDGE('',*,*,#2172,.F.);
#995=ORIENTED_EDGE('',*,*,#2173,.T.);
#996=ORIENTED_EDGE('',*,*,#2174,.F.);
#997=ORIENTED_EDGE('',*,*,#2175,.T.);
#998=ORIENTED_EDGE('',*,*,#2176,.T.);
#999=ORIENTED_EDGE('',*,*,#2177,.F.);
#1000=ORIENTED_EDGE('',*,*,#2178,.T.);
#1001=ORIENTED_EDGE('',*,*,#2179,.F.);
#1002=ORIENTED_EDGE('',*,*,#2180,.F.);
#1003=ORIENTED_EDGE('',*,*,#2177,.T.);
#1004=ORIENTED_EDGE('',*,*,#2181,.T.);
#1005=ORIENTED_EDGE('',*,*,#2182,.T.);
#1006=ORIENTED_EDGE('',*,*,#2183,.F.);
#1007=ORIENTED_EDGE('',*,*,#2179,.T.);
#1008=ORIENTED_EDGE('',*,*,#2184,.T.);
#1009=ORIENTED_EDGE('',*,*,#2185,.T.);
#1010=ORIENTED_EDGE('',*,*,#2186,.F.);
#1011=ORIENTED_EDGE('',*,*,#2187,.T.);
#1012=ORIENTED_EDGE('',*,*,#2188,.F.);
#1013=ORIENTED_EDGE('',*,*,#2189,.T.);
#1014=ORIENTED_EDGE('',*,*,#2190,.T.);
#1015=ORIENTED_EDGE('',*,*,#2191,.F.);
#1016=ORIENTED_EDGE('',*,*,#2192,.T.);
#1017=ORIENTED_EDGE('',*,*,#2193,.F.);
#1018=ORIENTED_EDGE('',*,*,#2194,.F.);
#1019=ORIENTED_EDGE('',*,*,#2191,.T.);
#1020=ORIENTED_EDGE('',*,*,#2195,.T.);
#1021=ORIENTED_EDGE('',*,*,#2196,.T.);
#1022=ORIENTED_EDGE('',*,*,#2197,.F.);
#1023=ORIENTED_EDGE('',*,*,#2193,.T.);
#1024=ORIENTED_EDGE('',*,*,#2198,.T.);
#1025=ORIENTED_EDGE('',*,*,#2199,.T.);
#1026=ORIENTED_EDGE('',*,*,#2200,.F.);
#1027=ORIENTED_EDGE('',*,*,#2201,.T.);
#1028=ORIENTED_EDGE('',*,*,#2202,.F.);
#1029=ORIENTED_EDGE('',*,*,#2203,.T.);
#1030=ORIENTED_EDGE('',*,*,#2204,.T.);
#1031=ORIENTED_EDGE('',*,*,#2205,.F.);
#1032=ORIENTED_EDGE('',*,*,#2206,.T.);
#1033=ORIENTED_EDGE('',*,*,#2207,.F.);
#1034=ORIENTED_EDGE('',*,*,#2208,.F.);
#1035=ORIENTED_EDGE('',*,*,#2205,.T.);
#1036=ORIENTED_EDGE('',*,*,#2209,.T.);
#1037=ORIENTED_EDGE('',*,*,#2210,.T.);
#1038=ORIENTED_EDGE('',*,*,#2211,.F.);
#1039=ORIENTED_EDGE('',*,*,#2207,.T.);
#1040=ORIENTED_EDGE('',*,*,#2212,.T.);
#1041=ORIENTED_EDGE('',*,*,#2213,.T.);
#1042=ORIENTED_EDGE('',*,*,#2214,.F.);
#1043=ORIENTED_EDGE('',*,*,#2215,.T.);
#1044=ORIENTED_EDGE('',*,*,#2216,.F.);
#1045=ORIENTED_EDGE('',*,*,#2217,.T.);
#1046=ORIENTED_EDGE('',*,*,#2218,.T.);
#1047=ORIENTED_EDGE('',*,*,#2219,.F.);
#1048=ORIENTED_EDGE('',*,*,#2220,.T.);
#1049=ORIENTED_EDGE('',*,*,#2221,.F.);
#1050=ORIENTED_EDGE('',*,*,#2222,.F.);
#1051=ORIENTED_EDGE('',*,*,#2219,.T.);
#1052=ORIENTED_EDGE('',*,*,#2223,.T.);
#1053=ORIENTED_EDGE('',*,*,#2224,.T.);
#1054=ORIENTED_EDGE('',*,*,#2225,.F.);
#1055=ORIENTED_EDGE('',*,*,#2221,.T.);
#1056=ORIENTED_EDGE('',*,*,#2226,.T.);
#1057=ORIENTED_EDGE('',*,*,#2227,.T.);
#1058=ORIENTED_EDGE('',*,*,#2228,.F.);
#1059=ORIENTED_EDGE('',*,*,#2229,.T.);
#1060=ORIENTED_EDGE('',*,*,#2230,.T.);
#1061=ORIENTED_EDGE('',*,*,#2231,.T.);
#1062=ORIENTED_EDGE('',*,*,#2232,.F.);
#1063=ORIENTED_EDGE('',*,*,#2233,.T.);
#1064=ORIENTED_EDGE('',*,*,#2234,.F.);
#1065=ORIENTED_EDGE('',*,*,#2235,.T.);
#1066=ORIENTED_EDGE('',*,*,#2236,.T.);
#1067=ORIENTED_EDGE('',*,*,#2237,.F.);
#1068=ORIENTED_EDGE('',*,*,#2238,.T.);
#1069=ORIENTED_EDGE('',*,*,#2239,.F.);
#1070=ORIENTED_EDGE('',*,*,#2240,.F.);
#1071=ORIENTED_EDGE('',*,*,#2237,.T.);
#1072=ORIENTED_EDGE('',*,*,#2241,.T.);
#1073=ORIENTED_EDGE('',*,*,#2242,.T.);
#1074=ORIENTED_EDGE('',*,*,#2243,.F.);
#1075=ORIENTED_EDGE('',*,*,#2239,.T.);
#1076=ORIENTED_EDGE('',*,*,#2244,.T.);
#1077=ORIENTED_EDGE('',*,*,#2245,.T.);
#1078=ORIENTED_EDGE('',*,*,#2246,.F.);
#1079=ORIENTED_EDGE('',*,*,#2247,.T.);
#1080=ORIENTED_EDGE('',*,*,#2248,.F.);
#1081=ORIENTED_EDGE('',*,*,#2249,.T.);
#1082=ORIENTED_EDGE('',*,*,#2250,.T.);
#1083=ORIENTED_EDGE('',*,*,#2251,.F.);
#1084=ORIENTED_EDGE('',*,*,#2252,.T.);
#1085=ORIENTED_EDGE('',*,*,#2253,.F.);
#1086=ORIENTED_EDGE('',*,*,#2254,.F.);
#1087=ORIENTED_EDGE('',*,*,#2251,.T.);
#1088=ORIENTED_EDGE('',*,*,#2255,.T.);
#1089=ORIENTED_EDGE('',*,*,#2256,.T.);
#1090=ORIENTED_EDGE('',*,*,#2257,.F.);
#1091=ORIENTED_EDGE('',*,*,#2253,.T.);
#1092=ORIENTED_EDGE('',*,*,#2258,.T.);
#1093=ORIENTED_EDGE('',*,*,#2259,.T.);
#1094=ORIENTED_EDGE('',*,*,#2260,.F.);
#1095=ORIENTED_EDGE('',*,*,#2261,.T.);
#1096=ORIENTED_EDGE('',*,*,#2262,.F.);
#1097=ORIENTED_EDGE('',*,*,#2263,.T.);
#1098=ORIENTED_EDGE('',*,*,#2264,.T.);
#1099=ORIENTED_EDGE('',*,*,#2265,.F.);
#1100=ORIENTED_EDGE('',*,*,#2266,.T.);
#1101=ORIENTED_EDGE('',*,*,#2267,.F.);
#1102=ORIENTED_EDGE('',*,*,#2268,.F.);
#1103=ORIENTED_EDGE('',*,*,#2265,.T.);
#1104=ORIENTED_EDGE('',*,*,#2269,.T.);
#1105=ORIENTED_EDGE('',*,*,#2270,.T.);
#1106=ORIENTED_EDGE('',*,*,#2271,.F.);
#1107=ORIENTED_EDGE('',*,*,#2267,.T.);
#1108=ORIENTED_EDGE('',*,*,#2272,.T.);
#1109=ORIENTED_EDGE('',*,*,#2273,.T.);
#1110=ORIENTED_EDGE('',*,*,#2274,.F.);
#1111=ORIENTED_EDGE('',*,*,#2275,.T.);
#1112=ORIENTED_EDGE('',*,*,#2276,.F.);
#1113=ORIENTED_EDGE('',*,*,#2277,.T.);
#1114=ORIENTED_EDGE('',*,*,#2278,.T.);
#1115=ORIENTED_EDGE('',*,*,#2279,.F.);
#1116=ORIENTED_EDGE('',*,*,#2280,.T.);
#1117=ORIENTED_EDGE('',*,*,#2281,.F.);
#1118=ORIENTED_EDGE('',*,*,#2282,.F.);
#1119=ORIENTED_EDGE('',*,*,#2279,.T.);
#1120=ORIENTED_EDGE('',*,*,#2283,.T.);
#1121=ORIENTED_EDGE('',*,*,#2284,.T.);
#1122=ORIENTED_EDGE('',*,*,#2285,.F.);
#1123=ORIENTED_EDGE('',*,*,#2281,.T.);
#1124=ORIENTED_EDGE('',*,*,#2286,.T.);
#1125=ORIENTED_EDGE('',*,*,#2287,.T.);
#1126=ORIENTED_EDGE('',*,*,#2288,.F.);
#1127=ORIENTED_EDGE('',*,*,#2289,.T.);
#1128=ORIENTED_EDGE('',*,*,#2290,.F.);
#1129=ORIENTED_EDGE('',*,*,#2291,.T.);
#1130=ORIENTED_EDGE('',*,*,#2292,.T.);
#1131=ORIENTED_EDGE('',*,*,#2293,.F.);
#1132=ORIENTED_EDGE('',*,*,#2294,.T.);
#1133=ORIENTED_EDGE('',*,*,#2295,.F.);
#1134=ORIENTED_EDGE('',*,*,#2296,.F.);
#1135=ORIENTED_EDGE('',*,*,#2293,.T.);
#1136=ORIENTED_EDGE('',*,*,#2297,.T.);
#1137=ORIENTED_EDGE('',*,*,#2298,.T.);
#1138=ORIENTED_EDGE('',*,*,#2299,.F.);
#1139=ORIENTED_EDGE('',*,*,#2295,.T.);
#1140=ORIENTED_EDGE('',*,*,#2300,.T.);
#1141=ORIENTED_EDGE('',*,*,#2301,.T.);
#1142=ORIENTED_EDGE('',*,*,#2302,.F.);
#1143=ORIENTED_EDGE('',*,*,#2303,.T.);
#1144=ORIENTED_EDGE('',*,*,#2304,.F.);
#1145=ORIENTED_EDGE('',*,*,#2305,.T.);
#1146=ORIENTED_EDGE('',*,*,#2306,.T.);
#1147=ORIENTED_EDGE('',*,*,#2307,.F.);
#1148=ORIENTED_EDGE('',*,*,#2308,.T.);
#1149=ORIENTED_EDGE('',*,*,#2309,.F.);
#1150=ORIENTED_EDGE('',*,*,#2310,.F.);
#1151=ORIENTED_EDGE('',*,*,#2307,.T.);
#1152=ORIENTED_EDGE('',*,*,#2311,.T.);
#1153=ORIENTED_EDGE('',*,*,#2312,.T.);
#1154=ORIENTED_EDGE('',*,*,#2313,.F.);
#1155=ORIENTED_EDGE('',*,*,#2309,.T.);
#1156=ORIENTED_EDGE('',*,*,#2314,.T.);
#1157=ORIENTED_EDGE('',*,*,#2315,.T.);
#1158=ORIENTED_EDGE('',*,*,#2316,.F.);
#1159=ORIENTED_EDGE('',*,*,#2317,.T.);
#1160=ORIENTED_EDGE('',*,*,#2318,.F.);
#1161=ORIENTED_EDGE('',*,*,#2319,.T.);
#1162=ORIENTED_EDGE('',*,*,#2320,.T.);
#1163=ORIENTED_EDGE('',*,*,#2321,.F.);
#1164=ORIENTED_EDGE('',*,*,#2322,.T.);
#1165=ORIENTED_EDGE('',*,*,#2323,.T.);
#1166=ORIENTED_EDGE('',*,*,#2324,.F.);
#1167=ORIENTED_EDGE('',*,*,#2321,.T.);
#1168=ORIENTED_EDGE('',*,*,#2325,.T.);
#1169=ORIENTED_EDGE('',*,*,#2326,.T.);
#1170=ORIENTED_EDGE('',*,*,#2327,.F.);
#1171=ORIENTED_EDGE('',*,*,#2328,.T.);
#1172=ORIENTED_EDGE('',*,*,#2329,.T.);
#1173=ORIENTED_EDGE('',*,*,#2330,.F.);
#1174=ORIENTED_EDGE('',*,*,#2331,.T.);
#1175=ORIENTED_EDGE('',*,*,#2332,.F.);
#1176=ORIENTED_EDGE('',*,*,#2333,.T.);
#1177=ORIENTED_EDGE('',*,*,#2334,.T.);
#1178=ORIENTED_EDGE('',*,*,#2335,.F.);
#1179=ORIENTED_EDGE('',*,*,#2336,.T.);
#1180=ORIENTED_EDGE('',*,*,#2337,.T.);
#1181=ORIENTED_EDGE('',*,*,#2338,.T.);
#1182=ORIENTED_EDGE('',*,*,#2339,.F.);
#1183=ORIENTED_EDGE('',*,*,#2045,.T.);
#1184=ORIENTED_EDGE('',*,*,#2340,.T.);
#1185=ORIENTED_EDGE('',*,*,#2341,.F.);
#1186=ORIENTED_EDGE('',*,*,#2327,.T.);
#1187=ORIENTED_EDGE('',*,*,#2342,.T.);
#1188=ORIENTED_EDGE('',*,*,#2047,.T.);
#1189=ORIENTED_EDGE('',*,*,#2053,.T.);
#1190=ORIENTED_EDGE('',*,*,#2343,.T.);
#1191=ORIENTED_EDGE('',*,*,#2056,.T.);
#1192=ORIENTED_EDGE('',*,*,#2344,.T.);
#1193=ORIENTED_EDGE('',*,*,#2058,.T.);
#1194=ORIENTED_EDGE('',*,*,#2064,.T.);
#1195=ORIENTED_EDGE('',*,*,#2067,.T.);
#1196=ORIENTED_EDGE('',*,*,#2345,.T.);
#1197=ORIENTED_EDGE('',*,*,#2070,.T.);
#1198=ORIENTED_EDGE('',*,*,#2346,.T.);
#1199=ORIENTED_EDGE('',*,*,#2072,.T.);
#1200=ORIENTED_EDGE('',*,*,#2078,.T.);
#1201=ORIENTED_EDGE('',*,*,#2081,.T.);
#1202=ORIENTED_EDGE('',*,*,#2347,.T.);
#1203=ORIENTED_EDGE('',*,*,#2084,.T.);
#1204=ORIENTED_EDGE('',*,*,#2348,.T.);
#1205=ORIENTED_EDGE('',*,*,#2086,.T.);
#1206=ORIENTED_EDGE('',*,*,#2092,.T.);
#1207=ORIENTED_EDGE('',*,*,#2095,.T.);
#1208=ORIENTED_EDGE('',*,*,#2349,.T.);
#1209=ORIENTED_EDGE('',*,*,#2098,.T.);
#1210=ORIENTED_EDGE('',*,*,#2350,.T.);
#1211=ORIENTED_EDGE('',*,*,#2100,.T.);
#1212=ORIENTED_EDGE('',*,*,#2106,.T.);
#1213=ORIENTED_EDGE('',*,*,#2109,.T.);
#1214=ORIENTED_EDGE('',*,*,#2351,.T.);
#1215=ORIENTED_EDGE('',*,*,#2112,.T.);
#1216=ORIENTED_EDGE('',*,*,#2352,.T.);
#1217=ORIENTED_EDGE('',*,*,#2114,.T.);
#1218=ORIENTED_EDGE('',*,*,#2120,.T.);
#1219=ORIENTED_EDGE('',*,*,#2123,.T.);
#1220=ORIENTED_EDGE('',*,*,#2353,.T.);
#1221=ORIENTED_EDGE('',*,*,#2126,.T.);
#1222=ORIENTED_EDGE('',*,*,#2354,.T.);
#1223=ORIENTED_EDGE('',*,*,#2128,.T.);
#1224=ORIENTED_EDGE('',*,*,#2134,.T.);
#1225=ORIENTED_EDGE('',*,*,#2137,.T.);
#1226=ORIENTED_EDGE('',*,*,#2355,.T.);
#1227=ORIENTED_EDGE('',*,*,#2140,.T.);
#1228=ORIENTED_EDGE('',*,*,#2356,.T.);
#1229=ORIENTED_EDGE('',*,*,#2144,.T.);
#1230=ORIENTED_EDGE('',*,*,#2357,.T.);
#1231=ORIENTED_EDGE('',*,*,#2146,.T.);
#1232=ORIENTED_EDGE('',*,*,#2152,.T.);
#1233=ORIENTED_EDGE('',*,*,#2155,.T.);
#1234=ORIENTED_EDGE('',*,*,#2358,.T.);
#1235=ORIENTED_EDGE('',*,*,#2158,.T.);
#1236=ORIENTED_EDGE('',*,*,#2359,.T.);
#1237=ORIENTED_EDGE('',*,*,#2160,.T.);
#1238=ORIENTED_EDGE('',*,*,#2166,.T.);
#1239=ORIENTED_EDGE('',*,*,#2169,.T.);
#1240=ORIENTED_EDGE('',*,*,#2360,.T.);
#1241=ORIENTED_EDGE('',*,*,#2172,.T.);
#1242=ORIENTED_EDGE('',*,*,#2361,.T.);
#1243=ORIENTED_EDGE('',*,*,#2174,.T.);
#1244=ORIENTED_EDGE('',*,*,#2180,.T.);
#1245=ORIENTED_EDGE('',*,*,#2183,.T.);
#1246=ORIENTED_EDGE('',*,*,#2362,.T.);
#1247=ORIENTED_EDGE('',*,*,#2186,.T.);
#1248=ORIENTED_EDGE('',*,*,#2363,.T.);
#1249=ORIENTED_EDGE('',*,*,#2188,.T.);
#1250=ORIENTED_EDGE('',*,*,#2194,.T.);
#1251=ORIENTED_EDGE('',*,*,#2197,.T.);
#1252=ORIENTED_EDGE('',*,*,#2364,.T.);
#1253=ORIENTED_EDGE('',*,*,#2200,.T.);
#1254=ORIENTED_EDGE('',*,*,#2365,.T.);
#1255=ORIENTED_EDGE('',*,*,#2202,.T.);
#1256=ORIENTED_EDGE('',*,*,#2208,.T.);
#1257=ORIENTED_EDGE('',*,*,#2211,.T.);
#1258=ORIENTED_EDGE('',*,*,#2366,.T.);
#1259=ORIENTED_EDGE('',*,*,#2214,.T.);
#1260=ORIENTED_EDGE('',*,*,#2367,.T.);
#1261=ORIENTED_EDGE('',*,*,#2216,.T.);
#1262=ORIENTED_EDGE('',*,*,#2222,.T.);
#1263=ORIENTED_EDGE('',*,*,#2225,.T.);
#1264=ORIENTED_EDGE('',*,*,#2368,.T.);
#1265=ORIENTED_EDGE('',*,*,#2228,.T.);
#1266=ORIENTED_EDGE('',*,*,#2369,.T.);
#1267=ORIENTED_EDGE('',*,*,#2232,.T.);
#1268=ORIENTED_EDGE('',*,*,#2370,.T.);
#1269=ORIENTED_EDGE('',*,*,#2234,.T.);
#1270=ORIENTED_EDGE('',*,*,#2240,.T.);
#1271=ORIENTED_EDGE('',*,*,#2243,.T.);
#1272=ORIENTED_EDGE('',*,*,#2371,.T.);
#1273=ORIENTED_EDGE('',*,*,#2246,.T.);
#1274=ORIENTED_EDGE('',*,*,#2372,.T.);
#1275=ORIENTED_EDGE('',*,*,#2248,.T.);
#1276=ORIENTED_EDGE('',*,*,#2254,.T.);
#1277=ORIENTED_EDGE('',*,*,#2257,.T.);
#1278=ORIENTED_EDGE('',*,*,#2373,.T.);
#1279=ORIENTED_EDGE('',*,*,#2260,.T.);
#1280=ORIENTED_EDGE('',*,*,#2374,.T.);
#1281=ORIENTED_EDGE('',*,*,#2262,.T.);
#1282=ORIENTED_EDGE('',*,*,#2268,.T.);
#1283=ORIENTED_EDGE('',*,*,#2271,.T.);
#1284=ORIENTED_EDGE('',*,*,#2375,.T.);
#1285=ORIENTED_EDGE('',*,*,#2274,.T.);
#1286=ORIENTED_EDGE('',*,*,#2376,.T.);
#1287=ORIENTED_EDGE('',*,*,#2276,.T.);
#1288=ORIENTED_EDGE('',*,*,#2282,.T.);
#1289=ORIENTED_EDGE('',*,*,#2285,.T.);
#1290=ORIENTED_EDGE('',*,*,#2377,.T.);
#1291=ORIENTED_EDGE('',*,*,#2288,.T.);
#1292=ORIENTED_EDGE('',*,*,#2378,.T.);
#1293=ORIENTED_EDGE('',*,*,#2290,.T.);
#1294=ORIENTED_EDGE('',*,*,#2296,.T.);
#1295=ORIENTED_EDGE('',*,*,#2299,.T.);
#1296=ORIENTED_EDGE('',*,*,#2379,.T.);
#1297=ORIENTED_EDGE('',*,*,#2302,.T.);
#1298=ORIENTED_EDGE('',*,*,#2380,.T.);
#1299=ORIENTED_EDGE('',*,*,#2304,.T.);
#1300=ORIENTED_EDGE('',*,*,#2310,.T.);
#1301=ORIENTED_EDGE('',*,*,#2313,.T.);
#1302=ORIENTED_EDGE('',*,*,#2381,.T.);
#1303=ORIENTED_EDGE('',*,*,#2316,.T.);
#1304=ORIENTED_EDGE('',*,*,#2382,.T.);
#1305=ORIENTED_EDGE('',*,*,#2318,.T.);
#1306=ORIENTED_EDGE('',*,*,#2324,.T.);
#1307=ORIENTED_EDGE('',*,*,#2383,.T.);
#1308=ORIENTED_EDGE('',*,*,#2339,.T.);
#1309=ORIENTED_EDGE('',*,*,#2384,.T.);
#1310=ORIENTED_EDGE('',*,*,#2038,.T.);
#1311=ORIENTED_EDGE('',*,*,#2385,.T.);
#1312=ORIENTED_EDGE('',*,*,#2040,.T.);
#1313=ORIENTED_EDGE('',*,*,#2046,.T.);
#1314=ORIENTED_EDGE('',*,*,#2335,.T.);
#1315=ORIENTED_EDGE('',*,*,#2386,.T.);
#1316=ORIENTED_EDGE('',*,*,#1996,.T.);
#1317=ORIENTED_EDGE('',*,*,#2387,.T.);
#1318=ORIENTED_EDGE('',*,*,#1998,.T.);
#1319=ORIENTED_EDGE('',*,*,#2004,.T.);
#1320=ORIENTED_EDGE('',*,*,#2007,.T.);
#1321=ORIENTED_EDGE('',*,*,#2010,.T.);
#1322=ORIENTED_EDGE('',*,*,#2013,.T.);
#1323=ORIENTED_EDGE('',*,*,#2388,.T.);
#1324=ORIENTED_EDGE('',*,*,#2016,.T.);
#1325=ORIENTED_EDGE('',*,*,#2389,.T.);
#1326=ORIENTED_EDGE('',*,*,#2018,.T.);
#1327=ORIENTED_EDGE('',*,*,#2024,.T.);
#1328=ORIENTED_EDGE('',*,*,#2027,.T.);
#1329=ORIENTED_EDGE('',*,*,#2390,.T.);
#1330=ORIENTED_EDGE('',*,*,#2028,.T.);
#1331=ORIENTED_EDGE('',*,*,#2391,.T.);
#1332=ORIENTED_EDGE('',*,*,#2034,.T.);
#1333=ORIENTED_EDGE('',*,*,#2392,.T.);
#1334=ORIENTED_EDGE('',*,*,#2331,.F.);
#1335=ORIENTED_EDGE('',*,*,#2329,.F.);
#1336=ORIENTED_EDGE('',*,*,#2340,.F.);
#1337=ORIENTED_EDGE('',*,*,#2049,.F.);
#1338=ORIENTED_EDGE('',*,*,#2393,.T.);
#1339=ORIENTED_EDGE('',*,*,#2325,.F.);
#1340=ORIENTED_EDGE('',*,*,#2394,.T.);
#1341=ORIENTED_EDGE('',*,*,#2322,.F.);
#1342=ORIENTED_EDGE('',*,*,#2320,.F.);
#1343=ORIENTED_EDGE('',*,*,#2395,.T.);
#1344=ORIENTED_EDGE('',*,*,#2314,.F.);
#1345=ORIENTED_EDGE('',*,*,#2396,.T.);
#1346=ORIENTED_EDGE('',*,*,#2311,.F.);
#1347=ORIENTED_EDGE('',*,*,#2308,.F.);
#1348=ORIENTED_EDGE('',*,*,#2306,.F.);
#1349=ORIENTED_EDGE('',*,*,#2397,.T.);
#1350=ORIENTED_EDGE('',*,*,#2300,.F.);
#1351=ORIENTED_EDGE('',*,*,#2398,.T.);
#1352=ORIENTED_EDGE('',*,*,#2297,.F.);
#1353=ORIENTED_EDGE('',*,*,#2294,.F.);
#1354=ORIENTED_EDGE('',*,*,#2292,.F.);
#1355=ORIENTED_EDGE('',*,*,#2399,.T.);
#1356=ORIENTED_EDGE('',*,*,#2286,.F.);
#1357=ORIENTED_EDGE('',*,*,#2400,.T.);
#1358=ORIENTED_EDGE('',*,*,#2283,.F.);
#1359=ORIENTED_EDGE('',*,*,#2280,.F.);
#1360=ORIENTED_EDGE('',*,*,#2278,.F.);
#1361=ORIENTED_EDGE('',*,*,#2401,.T.);
#1362=ORIENTED_EDGE('',*,*,#2272,.F.);
#1363=ORIENTED_EDGE('',*,*,#2402,.T.);
#1364=ORIENTED_EDGE('',*,*,#2269,.F.);
#1365=ORIENTED_EDGE('',*,*,#2266,.F.);
#1366=ORIENTED_EDGE('',*,*,#2264,.F.);
#1367=ORIENTED_EDGE('',*,*,#2403,.T.);
#1368=ORIENTED_EDGE('',*,*,#2258,.F.);
#1369=ORIENTED_EDGE('',*,*,#2404,.T.);
#1370=ORIENTED_EDGE('',*,*,#2255,.F.);
#1371=ORIENTED_EDGE('',*,*,#2252,.F.);
#1372=ORIENTED_EDGE('',*,*,#2250,.F.);
#1373=ORIENTED_EDGE('',*,*,#2405,.T.);
#1374=ORIENTED_EDGE('',*,*,#2244,.F.);
#1375=ORIENTED_EDGE('',*,*,#2406,.T.);
#1376=ORIENTED_EDGE('',*,*,#2241,.F.);
#1377=ORIENTED_EDGE('',*,*,#2238,.F.);
#1378=ORIENTED_EDGE('',*,*,#2236,.F.);
#1379=ORIENTED_EDGE('',*,*,#2407,.T.);
#1380=ORIENTED_EDGE('',*,*,#2230,.F.);
#1381=ORIENTED_EDGE('',*,*,#2408,.T.);
#1382=ORIENTED_EDGE('',*,*,#2226,.F.);
#1383=ORIENTED_EDGE('',*,*,#2409,.T.);
#1384=ORIENTED_EDGE('',*,*,#2223,.F.);
#1385=ORIENTED_EDGE('',*,*,#2220,.F.);
#1386=ORIENTED_EDGE('',*,*,#2218,.F.);
#1387=ORIENTED_EDGE('',*,*,#2410,.T.);
#1388=ORIENTED_EDGE('',*,*,#2212,.F.);
#1389=ORIENTED_EDGE('',*,*,#2411,.T.);
#1390=ORIENTED_EDGE('',*,*,#2209,.F.);
#1391=ORIENTED_EDGE('',*,*,#2206,.F.);
#1392=ORIENTED_EDGE('',*,*,#2204,.F.);
#1393=ORIENTED_EDGE('',*,*,#2412,.T.);
#1394=ORIENTED_EDGE('',*,*,#2198,.F.);
#1395=ORIENTED_EDGE('',*,*,#2413,.T.);
#1396=ORIENTED_EDGE('',*,*,#2195,.F.);
#1397=ORIENTED_EDGE('',*,*,#2192,.F.);
#1398=ORIENTED_EDGE('',*,*,#2190,.F.);
#1399=ORIENTED_EDGE('',*,*,#2414,.T.);
#1400=ORIENTED_EDGE('',*,*,#2184,.F.);
#1401=ORIENTED_EDGE('',*,*,#2415,.T.);
#1402=ORIENTED_EDGE('',*,*,#2181,.F.);
#1403=ORIENTED_EDGE('',*,*,#2178,.F.);
#1404=ORIENTED_EDGE('',*,*,#2176,.F.);
#1405=ORIENTED_EDGE('',*,*,#2416,.T.);
#1406=ORIENTED_EDGE('',*,*,#2170,.F.);
#1407=ORIENTED_EDGE('',*,*,#2417,.T.);
#1408=ORIENTED_EDGE('',*,*,#2167,.F.);
#1409=ORIENTED_EDGE('',*,*,#2164,.F.);
#1410=ORIENTED_EDGE('',*,*,#2162,.F.);
#1411=ORIENTED_EDGE('',*,*,#2418,.T.);
#1412=ORIENTED_EDGE('',*,*,#2156,.F.);
#1413=ORIENTED_EDGE('',*,*,#2419,.T.);
#1414=ORIENTED_EDGE('',*,*,#2153,.F.);
#1415=ORIENTED_EDGE('',*,*,#2150,.F.);
#1416=ORIENTED_EDGE('',*,*,#2148,.F.);
#1417=ORIENTED_EDGE('',*,*,#2420,.T.);
#1418=ORIENTED_EDGE('',*,*,#2142,.F.);
#1419=ORIENTED_EDGE('',*,*,#2421,.T.);
#1420=ORIENTED_EDGE('',*,*,#2138,.F.);
#1421=ORIENTED_EDGE('',*,*,#2422,.T.);
#1422=ORIENTED_EDGE('',*,*,#2135,.F.);
#1423=ORIENTED_EDGE('',*,*,#2132,.F.);
#1424=ORIENTED_EDGE('',*,*,#2130,.F.);
#1425=ORIENTED_EDGE('',*,*,#2423,.T.);
#1426=ORIENTED_EDGE('',*,*,#2124,.F.);
#1427=ORIENTED_EDGE('',*,*,#2424,.T.);
#1428=ORIENTED_EDGE('',*,*,#2121,.F.);
#1429=ORIENTED_EDGE('',*,*,#2118,.F.);
#1430=ORIENTED_EDGE('',*,*,#2116,.F.);
#1431=ORIENTED_EDGE('',*,*,#2425,.T.);
#1432=ORIENTED_EDGE('',*,*,#2110,.F.);
#1433=ORIENTED_EDGE('',*,*,#2426,.T.);
#1434=ORIENTED_EDGE('',*,*,#2107,.F.);
#1435=ORIENTED_EDGE('',*,*,#2104,.F.);
#1436=ORIENTED_EDGE('',*,*,#2102,.F.);
#1437=ORIENTED_EDGE('',*,*,#2427,.T.);
#1438=ORIENTED_EDGE('',*,*,#2096,.F.);
#1439=ORIENTED_EDGE('',*,*,#2428,.T.);
#1440=ORIENTED_EDGE('',*,*,#2093,.F.);
#1441=ORIENTED_EDGE('',*,*,#2090,.F.);
#1442=ORIENTED_EDGE('',*,*,#2088,.F.);
#1443=ORIENTED_EDGE('',*,*,#2429,.T.);
#1444=ORIENTED_EDGE('',*,*,#2082,.F.);
#1445=ORIENTED_EDGE('',*,*,#2430,.T.);
#1446=ORIENTED_EDGE('',*,*,#2079,.F.);
#1447=ORIENTED_EDGE('',*,*,#2076,.F.);
#1448=ORIENTED_EDGE('',*,*,#2074,.F.);
#1449=ORIENTED_EDGE('',*,*,#2431,.T.);
#1450=ORIENTED_EDGE('',*,*,#2068,.F.);
#1451=ORIENTED_EDGE('',*,*,#2432,.T.);
#1452=ORIENTED_EDGE('',*,*,#2065,.F.);
#1453=ORIENTED_EDGE('',*,*,#2062,.F.);
#1454=ORIENTED_EDGE('',*,*,#2060,.F.);
#1455=ORIENTED_EDGE('',*,*,#2433,.T.);
#1456=ORIENTED_EDGE('',*,*,#2054,.F.);
#1457=ORIENTED_EDGE('',*,*,#2434,.T.);
#1458=ORIENTED_EDGE('',*,*,#2051,.F.);
#1459=ORIENTED_EDGE('',*,*,#2036,.F.);
#1460=ORIENTED_EDGE('',*,*,#2435,.T.);
#1461=ORIENTED_EDGE('',*,*,#2337,.F.);
#1462=ORIENTED_EDGE('',*,*,#2044,.F.);
#1463=ORIENTED_EDGE('',*,*,#2042,.F.);
#1464=ORIENTED_EDGE('',*,*,#2436,.T.);
#1465=ORIENTED_EDGE('',*,*,#1994,.F.);
#1466=ORIENTED_EDGE('',*,*,#2437,.T.);
#1467=ORIENTED_EDGE('',*,*,#2333,.F.);
#1468=ORIENTED_EDGE('',*,*,#2438,.T.);
#1469=ORIENTED_EDGE('',*,*,#2032,.F.);
#1470=ORIENTED_EDGE('',*,*,#2439,.T.);
#1471=ORIENTED_EDGE('',*,*,#2030,.F.);
#1472=ORIENTED_EDGE('',*,*,#2440,.T.);
#1473=ORIENTED_EDGE('',*,*,#2025,.F.);
#1474=ORIENTED_EDGE('',*,*,#2022,.F.);
#1475=ORIENTED_EDGE('',*,*,#2020,.F.);
#1476=ORIENTED_EDGE('',*,*,#2441,.T.);
#1477=ORIENTED_EDGE('',*,*,#2014,.F.);
#1478=ORIENTED_EDGE('',*,*,#2442,.T.);
#1479=ORIENTED_EDGE('',*,*,#2011,.F.);
#1480=ORIENTED_EDGE('',*,*,#2008,.F.);
#1481=ORIENTED_EDGE('',*,*,#2005,.F.);
#1482=ORIENTED_EDGE('',*,*,#2002,.F.);
#1483=ORIENTED_EDGE('',*,*,#2000,.F.);
#1484=ORIENTED_EDGE('',*,*,#2443,.T.);
#1485=ORIENTED_EDGE('',*,*,#2332,.T.);
#1486=ORIENTED_EDGE('',*,*,#2330,.T.);
#1487=ORIENTED_EDGE('',*,*,#2341,.T.);
#1488=ORIENTED_EDGE('',*,*,#2387,.F.);
#1489=ORIENTED_EDGE('',*,*,#1995,.F.);
#1490=ORIENTED_EDGE('',*,*,#2443,.F.);
#1491=ORIENTED_EDGE('',*,*,#1999,.F.);
#1492=ORIENTED_EDGE('',*,*,#2388,.F.);
#1493=ORIENTED_EDGE('',*,*,#2012,.F.);
#1494=ORIENTED_EDGE('',*,*,#2442,.F.);
#1495=ORIENTED_EDGE('',*,*,#2017,.F.);
#1496=ORIENTED_EDGE('',*,*,#2386,.F.);
#1497=ORIENTED_EDGE('',*,*,#2334,.F.);
#1498=ORIENTED_EDGE('',*,*,#2437,.F.);
#1499=ORIENTED_EDGE('',*,*,#1997,.F.);
#1500=ORIENTED_EDGE('',*,*,#2392,.F.);
#1501=ORIENTED_EDGE('',*,*,#2033,.F.);
#1502=ORIENTED_EDGE('',*,*,#2438,.F.);
#1503=ORIENTED_EDGE('',*,*,#2336,.F.);
#1504=ORIENTED_EDGE('',*,*,#2391,.F.);
#1505=ORIENTED_EDGE('',*,*,#2031,.F.);
#1506=ORIENTED_EDGE('',*,*,#2439,.F.);
#1507=ORIENTED_EDGE('',*,*,#2035,.F.);
#1508=ORIENTED_EDGE('',*,*,#2385,.F.);
#1509=ORIENTED_EDGE('',*,*,#2037,.F.);
#1510=ORIENTED_EDGE('',*,*,#2436,.F.);
#1511=ORIENTED_EDGE('',*,*,#2041,.F.);
#1512=ORIENTED_EDGE('',*,*,#2384,.F.);
#1513=ORIENTED_EDGE('',*,*,#2338,.F.);
#1514=ORIENTED_EDGE('',*,*,#2435,.F.);
#1515=ORIENTED_EDGE('',*,*,#2039,.F.);
#1516=ORIENTED_EDGE('',*,*,#2389,.F.);
#1517=ORIENTED_EDGE('',*,*,#2015,.F.);
#1518=ORIENTED_EDGE('',*,*,#2441,.F.);
#1519=ORIENTED_EDGE('',*,*,#2019,.F.);
#1520=ORIENTED_EDGE('',*,*,#2390,.F.);
#1521=ORIENTED_EDGE('',*,*,#2026,.F.);
#1522=ORIENTED_EDGE('',*,*,#2440,.F.);
#1523=ORIENTED_EDGE('',*,*,#2029,.F.);
#1524=ORIENTED_EDGE('',*,*,#2393,.F.);
#1525=ORIENTED_EDGE('',*,*,#2048,.F.);
#1526=ORIENTED_EDGE('',*,*,#2342,.F.);
#1527=ORIENTED_EDGE('',*,*,#2326,.F.);
#1528=ORIENTED_EDGE('',*,*,#2394,.F.);
#1529=ORIENTED_EDGE('',*,*,#2328,.F.);
#1530=ORIENTED_EDGE('',*,*,#2383,.F.);
#1531=ORIENTED_EDGE('',*,*,#2323,.F.);
#1532=ORIENTED_EDGE('',*,*,#2382,.F.);
#1533=ORIENTED_EDGE('',*,*,#2315,.F.);
#1534=ORIENTED_EDGE('',*,*,#2395,.F.);
#1535=ORIENTED_EDGE('',*,*,#2319,.F.);
#1536=ORIENTED_EDGE('',*,*,#2381,.F.);
#1537=ORIENTED_EDGE('',*,*,#2312,.F.);
#1538=ORIENTED_EDGE('',*,*,#2396,.F.);
#1539=ORIENTED_EDGE('',*,*,#2317,.F.);
#1540=ORIENTED_EDGE('',*,*,#2380,.F.);
#1541=ORIENTED_EDGE('',*,*,#2301,.F.);
#1542=ORIENTED_EDGE('',*,*,#2397,.F.);
#1543=ORIENTED_EDGE('',*,*,#2305,.F.);
#1544=ORIENTED_EDGE('',*,*,#2379,.F.);
#1545=ORIENTED_EDGE('',*,*,#2298,.F.);
#1546=ORIENTED_EDGE('',*,*,#2398,.F.);
#1547=ORIENTED_EDGE('',*,*,#2303,.F.);
#1548=ORIENTED_EDGE('',*,*,#2378,.F.);
#1549=ORIENTED_EDGE('',*,*,#2287,.F.);
#1550=ORIENTED_EDGE('',*,*,#2399,.F.);
#1551=ORIENTED_EDGE('',*,*,#2291,.F.);
#1552=ORIENTED_EDGE('',*,*,#2377,.F.);
#1553=ORIENTED_EDGE('',*,*,#2284,.F.);
#1554=ORIENTED_EDGE('',*,*,#2400,.F.);
#1555=ORIENTED_EDGE('',*,*,#2289,.F.);
#1556=ORIENTED_EDGE('',*,*,#2376,.F.);
#1557=ORIENTED_EDGE('',*,*,#2273,.F.);
#1558=ORIENTED_EDGE('',*,*,#2401,.F.);
#1559=ORIENTED_EDGE('',*,*,#2277,.F.);
#1560=ORIENTED_EDGE('',*,*,#2375,.F.);
#1561=ORIENTED_EDGE('',*,*,#2270,.F.);
#1562=ORIENTED_EDGE('',*,*,#2402,.F.);
#1563=ORIENTED_EDGE('',*,*,#2275,.F.);
#1564=ORIENTED_EDGE('',*,*,#2374,.F.);
#1565=ORIENTED_EDGE('',*,*,#2259,.F.);
#1566=ORIENTED_EDGE('',*,*,#2403,.F.);
#1567=ORIENTED_EDGE('',*,*,#2263,.F.);
#1568=ORIENTED_EDGE('',*,*,#2373,.F.);
#1569=ORIENTED_EDGE('',*,*,#2256,.F.);
#1570=ORIENTED_EDGE('',*,*,#2404,.F.);
#1571=ORIENTED_EDGE('',*,*,#2261,.F.);
#1572=ORIENTED_EDGE('',*,*,#2372,.F.);
#1573=ORIENTED_EDGE('',*,*,#2245,.F.);
#1574=ORIENTED_EDGE('',*,*,#2405,.F.);
#1575=ORIENTED_EDGE('',*,*,#2249,.F.);
#1576=ORIENTED_EDGE('',*,*,#2371,.F.);
#1577=ORIENTED_EDGE('',*,*,#2242,.F.);
#1578=ORIENTED_EDGE('',*,*,#2406,.F.);
#1579=ORIENTED_EDGE('',*,*,#2247,.F.);
#1580=ORIENTED_EDGE('',*,*,#2370,.F.);
#1581=ORIENTED_EDGE('',*,*,#2231,.F.);
#1582=ORIENTED_EDGE('',*,*,#2407,.F.);
#1583=ORIENTED_EDGE('',*,*,#2235,.F.);
#1584=ORIENTED_EDGE('',*,*,#2369,.F.);
#1585=ORIENTED_EDGE('',*,*,#2227,.F.);
#1586=ORIENTED_EDGE('',*,*,#2408,.F.);
#1587=ORIENTED_EDGE('',*,*,#2233,.F.);
#1588=ORIENTED_EDGE('',*,*,#2368,.F.);
#1589=ORIENTED_EDGE('',*,*,#2224,.F.);
#1590=ORIENTED_EDGE('',*,*,#2409,.F.);
#1591=ORIENTED_EDGE('',*,*,#2229,.F.);
#1592=ORIENTED_EDGE('',*,*,#2367,.F.);
#1593=ORIENTED_EDGE('',*,*,#2213,.F.);
#1594=ORIENTED_EDGE('',*,*,#2410,.F.);
#1595=ORIENTED_EDGE('',*,*,#2217,.F.);
#1596=ORIENTED_EDGE('',*,*,#2366,.F.);
#1597=ORIENTED_EDGE('',*,*,#2210,.F.);
#1598=ORIENTED_EDGE('',*,*,#2411,.F.);
#1599=ORIENTED_EDGE('',*,*,#2215,.F.);
#1600=ORIENTED_EDGE('',*,*,#2365,.F.);
#1601=ORIENTED_EDGE('',*,*,#2199,.F.);
#1602=ORIENTED_EDGE('',*,*,#2412,.F.);
#1603=ORIENTED_EDGE('',*,*,#2203,.F.);
#1604=ORIENTED_EDGE('',*,*,#2364,.F.);
#1605=ORIENTED_EDGE('',*,*,#2196,.F.);
#1606=ORIENTED_EDGE('',*,*,#2413,.F.);
#1607=ORIENTED_EDGE('',*,*,#2201,.F.);
#1608=ORIENTED_EDGE('',*,*,#2363,.F.);
#1609=ORIENTED_EDGE('',*,*,#2185,.F.);
#1610=ORIENTED_EDGE('',*,*,#2414,.F.);
#1611=ORIENTED_EDGE('',*,*,#2189,.F.);
#1612=ORIENTED_EDGE('',*,*,#2362,.F.);
#1613=ORIENTED_EDGE('',*,*,#2182,.F.);
#1614=ORIENTED_EDGE('',*,*,#2415,.F.);
#1615=ORIENTED_EDGE('',*,*,#2187,.F.);
#1616=ORIENTED_EDGE('',*,*,#2361,.F.);
#1617=ORIENTED_EDGE('',*,*,#2171,.F.);
#1618=ORIENTED_EDGE('',*,*,#2416,.F.);
#1619=ORIENTED_EDGE('',*,*,#2175,.F.);
#1620=ORIENTED_EDGE('',*,*,#2360,.F.);
#1621=ORIENTED_EDGE('',*,*,#2168,.F.);
#1622=ORIENTED_EDGE('',*,*,#2417,.F.);
#1623=ORIENTED_EDGE('',*,*,#2173,.F.);
#1624=ORIENTED_EDGE('',*,*,#2359,.F.);
#1625=ORIENTED_EDGE('',*,*,#2157,.F.);
#1626=ORIENTED_EDGE('',*,*,#2418,.F.);
#1627=ORIENTED_EDGE('',*,*,#2161,.F.);
#1628=ORIENTED_EDGE('',*,*,#2358,.F.);
#1629=ORIENTED_EDGE('',*,*,#2154,.F.);
#1630=ORIENTED_EDGE('',*,*,#2419,.F.);
#1631=ORIENTED_EDGE('',*,*,#2159,.F.);
#1632=ORIENTED_EDGE('',*,*,#2357,.F.);
#1633=ORIENTED_EDGE('',*,*,#2143,.F.);
#1634=ORIENTED_EDGE('',*,*,#2420,.F.);
#1635=ORIENTED_EDGE('',*,*,#2147,.F.);
#1636=ORIENTED_EDGE('',*,*,#2356,.F.);
#1637=ORIENTED_EDGE('',*,*,#2139,.F.);
#1638=ORIENTED_EDGE('',*,*,#2421,.F.);
#1639=ORIENTED_EDGE('',*,*,#2145,.F.);
#1640=ORIENTED_EDGE('',*,*,#2355,.F.);
#1641=ORIENTED_EDGE('',*,*,#2136,.F.);
#1642=ORIENTED_EDGE('',*,*,#2422,.F.);
#1643=ORIENTED_EDGE('',*,*,#2141,.F.);
#1644=ORIENTED_EDGE('',*,*,#2354,.F.);
#1645=ORIENTED_EDGE('',*,*,#2125,.F.);
#1646=ORIENTED_EDGE('',*,*,#2423,.F.);
#1647=ORIENTED_EDGE('',*,*,#2129,.F.);
#1648=ORIENTED_EDGE('',*,*,#2353,.F.);
#1649=ORIENTED_EDGE('',*,*,#2122,.F.);
#1650=ORIENTED_EDGE('',*,*,#2424,.F.);
#1651=ORIENTED_EDGE('',*,*,#2127,.F.);
#1652=ORIENTED_EDGE('',*,*,#2352,.F.);
#1653=ORIENTED_EDGE('',*,*,#2111,.F.);
#1654=ORIENTED_EDGE('',*,*,#2425,.F.);
#1655=ORIENTED_EDGE('',*,*,#2115,.F.);
#1656=ORIENTED_EDGE('',*,*,#2351,.F.);
#1657=ORIENTED_EDGE('',*,*,#2108,.F.);
#1658=ORIENTED_EDGE('',*,*,#2426,.F.);
#1659=ORIENTED_EDGE('',*,*,#2113,.F.);
#1660=ORIENTED_EDGE('',*,*,#2350,.F.);
#1661=ORIENTED_EDGE('',*,*,#2097,.F.);
#1662=ORIENTED_EDGE('',*,*,#2427,.F.);
#1663=ORIENTED_EDGE('',*,*,#2101,.F.);
#1664=ORIENTED_EDGE('',*,*,#2349,.F.);
#1665=ORIENTED_EDGE('',*,*,#2094,.F.);
#1666=ORIENTED_EDGE('',*,*,#2428,.F.);
#1667=ORIENTED_EDGE('',*,*,#2099,.F.);
#1668=ORIENTED_EDGE('',*,*,#2348,.F.);
#1669=ORIENTED_EDGE('',*,*,#2083,.F.);
#1670=ORIENTED_EDGE('',*,*,#2429,.F.);
#1671=ORIENTED_EDGE('',*,*,#2087,.F.);
#1672=ORIENTED_EDGE('',*,*,#2347,.F.);
#1673=ORIENTED_EDGE('',*,*,#2080,.F.);
#1674=ORIENTED_EDGE('',*,*,#2430,.F.);
#1675=ORIENTED_EDGE('',*,*,#2085,.F.);
#1676=ORIENTED_EDGE('',*,*,#2346,.F.);
#1677=ORIENTED_EDGE('',*,*,#2069,.F.);
#1678=ORIENTED_EDGE('',*,*,#2431,.F.);
#1679=ORIENTED_EDGE('',*,*,#2073,.F.);
#1680=ORIENTED_EDGE('',*,*,#2345,.F.);
#1681=ORIENTED_EDGE('',*,*,#2066,.F.);
#1682=ORIENTED_EDGE('',*,*,#2432,.F.);
#1683=ORIENTED_EDGE('',*,*,#2071,.F.);
#1684=ORIENTED_EDGE('',*,*,#2344,.F.);
#1685=ORIENTED_EDGE('',*,*,#2055,.F.);
#1686=ORIENTED_EDGE('',*,*,#2433,.F.);
#1687=ORIENTED_EDGE('',*,*,#2059,.F.);
#1688=ORIENTED_EDGE('',*,*,#2343,.F.);
#1689=ORIENTED_EDGE('',*,*,#2052,.F.);
#1690=ORIENTED_EDGE('',*,*,#2434,.F.);
#1691=ORIENTED_EDGE('',*,*,#2057,.F.);
#1692=VERTEX_POINT('',#4258);
#1693=VERTEX_POINT('',#4259);
#1694=VERTEX_POINT('',#4261);
#1695=VERTEX_POINT('',#4263);
#1696=VERTEX_POINT('',#4267);
#1697=VERTEX_POINT('',#4268);
#1698=VERTEX_POINT('',#4270);
#1699=VERTEX_POINT('',#4272);
#1700=VERTEX_POINT('',#4276);
#1701=VERTEX_POINT('',#4278);
#1702=VERTEX_POINT('',#4282);
#1703=VERTEX_POINT('',#4284);
#1704=VERTEX_POINT('',#4288);
#1705=VERTEX_POINT('',#4290);
#1706=VERTEX_POINT('',#4294);
#1707=VERTEX_POINT('',#4296);
#1708=VERTEX_POINT('',#4300);
#1709=VERTEX_POINT('',#4301);
#1710=VERTEX_POINT('',#4303);
#1711=VERTEX_POINT('',#4305);
#1712=VERTEX_POINT('',#4309);
#1713=VERTEX_POINT('',#4310);
#1714=VERTEX_POINT('',#4312);
#1715=VERTEX_POINT('',#4314);
#1716=VERTEX_POINT('',#4318);
#1717=VERTEX_POINT('',#4320);
#1718=VERTEX_POINT('',#4324);
#1719=VERTEX_POINT('',#4326);
#1720=VERTEX_POINT('',#4330);
#1721=VERTEX_POINT('',#4331);
#1722=VERTEX_POINT('',#4333);
#1723=VERTEX_POINT('',#4335);
#1724=VERTEX_POINT('',#4339);
#1725=VERTEX_POINT('',#4340);
#1726=VERTEX_POINT('',#4342);
#1727=VERTEX_POINT('',#4344);
#1728=VERTEX_POINT('',#4348);
#1729=VERTEX_POINT('',#4349);
#1730=VERTEX_POINT('',#4351);
#1731=VERTEX_POINT('',#4353);
#1732=VERTEX_POINT('',#4357);
#1733=VERTEX_POINT('',#4358);
#1734=VERTEX_POINT('',#4360);
#1735=VERTEX_POINT('',#4362);
#1736=VERTEX_POINT('',#4366);
#1737=VERTEX_POINT('',#4368);
#1738=VERTEX_POINT('',#4372);
#1739=VERTEX_POINT('',#4373);
#1740=VERTEX_POINT('',#4375);
#1741=VERTEX_POINT('',#4377);
#1742=VERTEX_POINT('',#4381);
#1743=VERTEX_POINT('',#4383);
#1744=VERTEX_POINT('',#4387);
#1745=VERTEX_POINT('',#4388);
#1746=VERTEX_POINT('',#4390);
#1747=VERTEX_POINT('',#4392);
#1748=VERTEX_POINT('',#4396);
#1749=VERTEX_POINT('',#4397);
#1750=VERTEX_POINT('',#4399);
#1751=VERTEX_POINT('',#4401);
#1752=VERTEX_POINT('',#4405);
#1753=VERTEX_POINT('',#4407);
#1754=VERTEX_POINT('',#4411);
#1755=VERTEX_POINT('',#4413);
#1756=VERTEX_POINT('',#4417);
#1757=VERTEX_POINT('',#4418);
#1758=VERTEX_POINT('',#4420);
#1759=VERTEX_POINT('',#4422);
#1760=VERTEX_POINT('',#4426);
#1761=VERTEX_POINT('',#4427);
#1762=VERTEX_POINT('',#4429);
#1763=VERTEX_POINT('',#4431);
#1764=VERTEX_POINT('',#4435);
#1765=VERTEX_POINT('',#4437);
#1766=VERTEX_POINT('',#4441);
#1767=VERTEX_POINT('',#4443);
#1768=VERTEX_POINT('',#4447);
#1769=VERTEX_POINT('',#4448);
#1770=VERTEX_POINT('',#4450);
#1771=VERTEX_POINT('',#4452);
#1772=VERTEX_POINT('',#4456);
#1773=VERTEX_POINT('',#4457);
#1774=VERTEX_POINT('',#4459);
#1775=VERTEX_POINT('',#4461);
#1776=VERTEX_POINT('',#4465);
#1777=VERTEX_POINT('',#4467);
#1778=VERTEX_POINT('',#4471);
#1779=VERTEX_POINT('',#4473);
#1780=VERTEX_POINT('',#4477);
#1781=VERTEX_POINT('',#4478);
#1782=VERTEX_POINT('',#4480);
#1783=VERTEX_POINT('',#4482);
#1784=VERTEX_POINT('',#4486);
#1785=VERTEX_POINT('',#4487);
#1786=VERTEX_POINT('',#4489);
#1787=VERTEX_POINT('',#4491);
#1788=VERTEX_POINT('',#4495);
#1789=VERTEX_POINT('',#4497);
#1790=VERTEX_POINT('',#4501);
#1791=VERTEX_POINT('',#4503);
#1792=VERTEX_POINT('',#4507);
#1793=VERTEX_POINT('',#4508);
#1794=VERTEX_POINT('',#4510);
#1795=VERTEX_POINT('',#4512);
#1796=VERTEX_POINT('',#4516);
#1797=VERTEX_POINT('',#4517);
#1798=VERTEX_POINT('',#4519);
#1799=VERTEX_POINT('',#4521);
#1800=VERTEX_POINT('',#4525);
#1801=VERTEX_POINT('',#4527);
#1802=VERTEX_POINT('',#4531);
#1803=VERTEX_POINT('',#4533);
#1804=VERTEX_POINT('',#4537);
#1805=VERTEX_POINT('',#4538);
#1806=VERTEX_POINT('',#4540);
#1807=VERTEX_POINT('',#4542);
#1808=VERTEX_POINT('',#4546);
#1809=VERTEX_POINT('',#4547);
#1810=VERTEX_POINT('',#4549);
#1811=VERTEX_POINT('',#4551);
#1812=VERTEX_POINT('',#4555);
#1813=VERTEX_POINT('',#4557);
#1814=VERTEX_POINT('',#4561);
#1815=VERTEX_POINT('',#4563);
#1816=VERTEX_POINT('',#4567);
#1817=VERTEX_POINT('',#4568);
#1818=VERTEX_POINT('',#4570);
#1819=VERTEX_POINT('',#4572);
#1820=VERTEX_POINT('',#4576);
#1821=VERTEX_POINT('',#4577);
#1822=VERTEX_POINT('',#4579);
#1823=VERTEX_POINT('',#4581);
#1824=VERTEX_POINT('',#4585);
#1825=VERTEX_POINT('',#4586);
#1826=VERTEX_POINT('',#4588);
#1827=VERTEX_POINT('',#4590);
#1828=VERTEX_POINT('',#4594);
#1829=VERTEX_POINT('',#4596);
#1830=VERTEX_POINT('',#4600);
#1831=VERTEX_POINT('',#4602);
#1832=VERTEX_POINT('',#4606);
#1833=VERTEX_POINT('',#4607);
#1834=VERTEX_POINT('',#4609);
#1835=VERTEX_POINT('',#4611);
#1836=VERTEX_POINT('',#4615);
#1837=VERTEX_POINT('',#4616);
#1838=VERTEX_POINT('',#4618);
#1839=VERTEX_POINT('',#4620);
#1840=VERTEX_POINT('',#4624);
#1841=VERTEX_POINT('',#4626);
#1842=VERTEX_POINT('',#4630);
#1843=VERTEX_POINT('',#4632);
#1844=VERTEX_POINT('',#4636);
#1845=VERTEX_POINT('',#4637);
#1846=VERTEX_POINT('',#4639);
#1847=VERTEX_POINT('',#4641);
#1848=VERTEX_POINT('',#4645);
#1849=VERTEX_POINT('',#4646);
#1850=VERTEX_POINT('',#4648);
#1851=VERTEX_POINT('',#4650);
#1852=VERTEX_POINT('',#4654);
#1853=VERTEX_POINT('',#4656);
#1854=VERTEX_POINT('',#4660);
#1855=VERTEX_POINT('',#4662);
#1856=VERTEX_POINT('',#4666);
#1857=VERTEX_POINT('',#4667);
#1858=VERTEX_POINT('',#4669);
#1859=VERTEX_POINT('',#4671);
#1860=VERTEX_POINT('',#4675);
#1861=VERTEX_POINT('',#4676);
#1862=VERTEX_POINT('',#4678);
#1863=VERTEX_POINT('',#4680);
#1864=VERTEX_POINT('',#4684);
#1865=VERTEX_POINT('',#4686);
#1866=VERTEX_POINT('',#4690);
#1867=VERTEX_POINT('',#4692);
#1868=VERTEX_POINT('',#4696);
#1869=VERTEX_POINT('',#4697);
#1870=VERTEX_POINT('',#4699);
#1871=VERTEX_POINT('',#4701);
#1872=VERTEX_POINT('',#4705);
#1873=VERTEX_POINT('',#4706);
#1874=VERTEX_POINT('',#4708);
#1875=VERTEX_POINT('',#4710);
#1876=VERTEX_POINT('',#4714);
#1877=VERTEX_POINT('',#4716);
#1878=VERTEX_POINT('',#4720);
#1879=VERTEX_POINT('',#4722);
#1880=VERTEX_POINT('',#4726);
#1881=VERTEX_POINT('',#4727);
#1882=VERTEX_POINT('',#4729);
#1883=VERTEX_POINT('',#4731);
#1884=VERTEX_POINT('',#4735);
#1885=VERTEX_POINT('',#4736);
#1886=VERTEX_POINT('',#4738);
#1887=VERTEX_POINT('',#4740);
#1888=VERTEX_POINT('',#4744);
#1889=VERTEX_POINT('',#4746);
#1890=VERTEX_POINT('',#4750);
#1891=VERTEX_POINT('',#4752);
#1892=VERTEX_POINT('',#4756);
#1893=VERTEX_POINT('',#4757);
#1894=VERTEX_POINT('',#4759);
#1895=VERTEX_POINT('',#4761);
#1896=VERTEX_POINT('',#4765);
#1897=VERTEX_POINT('',#4766);
#1898=VERTEX_POINT('',#4768);
#1899=VERTEX_POINT('',#4770);
#1900=VERTEX_POINT('',#4774);
#1901=VERTEX_POINT('',#4775);
#1902=VERTEX_POINT('',#4777);
#1903=VERTEX_POINT('',#4779);
#1904=VERTEX_POINT('',#4783);
#1905=VERTEX_POINT('',#4785);
#1906=VERTEX_POINT('',#4789);
#1907=VERTEX_POINT('',#4791);
#1908=VERTEX_POINT('',#4795);
#1909=VERTEX_POINT('',#4796);
#1910=VERTEX_POINT('',#4798);
#1911=VERTEX_POINT('',#4800);
#1912=VERTEX_POINT('',#4804);
#1913=VERTEX_POINT('',#4805);
#1914=VERTEX_POINT('',#4807);
#1915=VERTEX_POINT('',#4809);
#1916=VERTEX_POINT('',#4813);
#1917=VERTEX_POINT('',#4815);
#1918=VERTEX_POINT('',#4819);
#1919=VERTEX_POINT('',#4821);
#1920=VERTEX_POINT('',#4825);
#1921=VERTEX_POINT('',#4826);
#1922=VERTEX_POINT('',#4828);
#1923=VERTEX_POINT('',#4830);
#1924=VERTEX_POINT('',#4834);
#1925=VERTEX_POINT('',#4835);
#1926=VERTEX_POINT('',#4837);
#1927=VERTEX_POINT('',#4839);
#1928=VERTEX_POINT('',#4843);
#1929=VERTEX_POINT('',#4845);
#1930=VERTEX_POINT('',#4849);
#1931=VERTEX_POINT('',#4851);
#1932=VERTEX_POINT('',#4855);
#1933=VERTEX_POINT('',#4856);
#1934=VERTEX_POINT('',#4858);
#1935=VERTEX_POINT('',#4860);
#1936=VERTEX_POINT('',#4864);
#1937=VERTEX_POINT('',#4865);
#1938=VERTEX_POINT('',#4867);
#1939=VERTEX_POINT('',#4869);
#1940=VERTEX_POINT('',#4873);
#1941=VERTEX_POINT('',#4875);
#1942=VERTEX_POINT('',#4879);
#1943=VERTEX_POINT('',#4881);
#1944=VERTEX_POINT('',#4885);
#1945=VERTEX_POINT('',#4886);
#1946=VERTEX_POINT('',#4888);
#1947=VERTEX_POINT('',#4890);
#1948=VERTEX_POINT('',#4894);
#1949=VERTEX_POINT('',#4895);
#1950=VERTEX_POINT('',#4897);
#1951=VERTEX_POINT('',#4899);
#1952=VERTEX_POINT('',#4903);
#1953=VERTEX_POINT('',#4905);
#1954=VERTEX_POINT('',#4909);
#1955=VERTEX_POINT('',#4911);
#1956=VERTEX_POINT('',#4915);
#1957=VERTEX_POINT('',#4916);
#1958=VERTEX_POINT('',#4918);
#1959=VERTEX_POINT('',#4920);
#1960=VERTEX_POINT('',#4924);
#1961=VERTEX_POINT('',#4925);
#1962=VERTEX_POINT('',#4927);
#1963=VERTEX_POINT('',#4929);
#1964=VERTEX_POINT('',#4933);
#1965=VERTEX_POINT('',#4935);
#1966=VERTEX_POINT('',#4939);
#1967=VERTEX_POINT('',#4941);
#1968=VERTEX_POINT('',#4945);
#1969=VERTEX_POINT('',#4946);
#1970=VERTEX_POINT('',#4948);
#1971=VERTEX_POINT('',#4950);
#1972=VERTEX_POINT('',#4954);
#1973=VERTEX_POINT('',#4955);
#1974=VERTEX_POINT('',#4957);
#1975=VERTEX_POINT('',#4959);
#1976=VERTEX_POINT('',#4963);
#1977=VERTEX_POINT('',#4965);
#1978=VERTEX_POINT('',#4969);
#1979=VERTEX_POINT('',#4970);
#1980=VERTEX_POINT('',#4972);
#1981=VERTEX_POINT('',#4974);
#1982=VERTEX_POINT('',#4978);
#1983=VERTEX_POINT('',#4980);
#1984=VERTEX_POINT('',#4983);
#1985=VERTEX_POINT('',#4985);
#1986=VERTEX_POINT('',#4988);
#1987=VERTEX_POINT('',#4989);
#1988=VERTEX_POINT('',#4991);
#1989=VERTEX_POINT('',#4993);
#1990=VERTEX_POINT('',#4997);
#1991=VERTEX_POINT('',#4999);
#1992=VERTEX_POINT('',#5003);
#1993=VERTEX_POINT('',#5005);
#1994=EDGE_CURVE('',#1692,#1693,#2444,.T.);
#1995=EDGE_CURVE('',#1693,#1694,#2445,.T.);
#1996=EDGE_CURVE('',#1695,#1694,#2446,.T.);
#1997=EDGE_CURVE('',#1695,#1692,#2447,.T.);
#1998=EDGE_CURVE('',#1696,#1697,#2448,.T.);
#1999=EDGE_CURVE('',#1696,#1698,#2449,.T.);
#2000=EDGE_CURVE('',#1698,#1699,#2450,.T.);
#2001=EDGE_CURVE('',#1697,#1699,#2451,.T.);
#2002=EDGE_CURVE('',#1699,#1700,#112,.T.);
#2003=EDGE_CURVE('',#1701,#1700,#2452,.T.);
#2004=EDGE_CURVE('',#1697,#1701,#113,.T.);
#2005=EDGE_CURVE('',#1700,#1702,#114,.T.);
#2006=EDGE_CURVE('',#1703,#1702,#2453,.T.);
#2007=EDGE_CURVE('',#1701,#1703,#115,.T.);
#2008=EDGE_CURVE('',#1702,#1704,#116,.T.);
#2009=EDGE_CURVE('',#1705,#1704,#2454,.T.);
#2010=EDGE_CURVE('',#1703,#1705,#117,.T.);
#2011=EDGE_CURVE('',#1704,#1706,#2455,.T.);
#2012=EDGE_CURVE('',#1706,#1707,#2456,.T.);
#2013=EDGE_CURVE('',#1705,#1707,#2457,.T.);
#2014=EDGE_CURVE('',#1708,#1709,#2458,.T.);
#2015=EDGE_CURVE('',#1709,#1710,#2459,.T.);
#2016=EDGE_CURVE('',#1711,#1710,#2460,.T.);
#2017=EDGE_CURVE('',#1711,#1708,#2461,.T.);
#2018=EDGE_CURVE('',#1712,#1713,#2462,.T.);
#2019=EDGE_CURVE('',#1712,#1714,#2463,.T.);
#2020=EDGE_CURVE('',#1714,#1715,#2464,.T.);
#2021=EDGE_CURVE('',#1713,#1715,#2465,.T.);
#2022=EDGE_CURVE('',#1715,#1716,#118,.T.);
#2023=EDGE_CURVE('',#1717,#1716,#2466,.T.);
#2024=EDGE_CURVE('',#1713,#1717,#119,.T.);
#2025=EDGE_CURVE('',#1716,#1718,#2467,.T.);
#2026=EDGE_CURVE('',#1718,#1719,#2468,.T.);
#2027=EDGE_CURVE('',#1717,#1719,#2469,.T.);
#2028=EDGE_CURVE('',#1720,#1721,#2470,.T.);
#2029=EDGE_CURVE('',#1720,#1722,#2471,.T.);
#2030=EDGE_CURVE('',#1722,#1723,#2472,.T.);
#2031=EDGE_CURVE('',#1723,#1721,#2473,.T.);
#2032=EDGE_CURVE('',#1724,#1725,#2474,.T.);
#2033=EDGE_CURVE('',#1725,#1726,#2475,.T.);
#2034=EDGE_CURVE('',#1727,#1726,#2476,.T.);
#2035=EDGE_CURVE('',#1727,#1724,#2477,.T.);
#2036=EDGE_CURVE('',#1728,#1729,#2478,.T.);
#2037=EDGE_CURVE('',#1729,#1730,#2479,.T.);
#2038=EDGE_CURVE('',#1731,#1730,#2480,.T.);
#2039=EDGE_CURVE('',#1731,#1728,#2481,.T.);
#2040=EDGE_CURVE('',#1732,#1733,#2482,.T.);
#2041=EDGE_CURVE('',#1732,#1734,#2483,.T.);
#2042=EDGE_CURVE('',#1734,#1735,#2484,.T.);
#2043=EDGE_CURVE('',#1733,#1735,#2485,.T.);
#2044=EDGE_CURVE('',#1735,#1736,#120,.T.);
#2045=EDGE_CURVE('',#1737,#1736,#2486,.T.);
#2046=EDGE_CURVE('',#1733,#1737,#121,.T.);
#2047=EDGE_CURVE('',#1738,#1739,#2487,.T.);
#2048=EDGE_CURVE('',#1738,#1740,#2488,.T.);
#2049=EDGE_CURVE('',#1740,#1741,#2489,.T.);
#2050=EDGE_CURVE('',#1739,#1741,#2490,.T.);
#2051=EDGE_CURVE('',#1741,#1742,#2491,.T.);
#2052=EDGE_CURVE('',#1742,#1743,#2492,.T.);
#2053=EDGE_CURVE('',#1739,#1743,#2493,.T.);
#2054=EDGE_CURVE('',#1744,#1745,#2494,.T.);
#2055=EDGE_CURVE('',#1745,#1746,#2495,.T.);
#2056=EDGE_CURVE('',#1747,#1746,#2496,.T.);
#2057=EDGE_CURVE('',#1747,#1744,#2497,.T.);
#2058=EDGE_CURVE('',#1748,#1749,#2498,.T.);
#2059=EDGE_CURVE('',#1748,#1750,#2499,.T.);
#2060=EDGE_CURVE('',#1750,#1751,#2500,.T.);
#2061=EDGE_CURVE('',#1749,#1751,#2501,.T.);
#2062=EDGE_CURVE('',#1751,#1752,#2502,.T.);
#2063=EDGE_CURVE('',#1753,#1752,#2503,.T.);
#2064=EDGE_CURVE('',#1749,#1753,#2504,.T.);
#2065=EDGE_CURVE('',#1752,#1754,#2505,.T.);
#2066=EDGE_CURVE('',#1754,#1755,#2506,.T.);
#2067=EDGE_CURVE('',#1753,#1755,#2507,.T.);
#2068=EDGE_CURVE('',#1756,#1757,#2508,.T.);
#2069=EDGE_CURVE('',#1757,#1758,#2509,.T.);
#2070=EDGE_CURVE('',#1759,#1758,#2510,.T.);
#2071=EDGE_CURVE('',#1759,#1756,#2511,.T.);
#2072=EDGE_CURVE('',#1760,#1761,#2512,.T.);
#2073=EDGE_CURVE('',#1760,#1762,#2513,.T.);
#2074=EDGE_CURVE('',#1762,#1763,#2514,.T.);
#2075=EDGE_CURVE('',#1761,#1763,#2515,.T.);
#2076=EDGE_CURVE('',#1763,#1764,#2516,.T.);
#2077=EDGE_CURVE('',#1765,#1764,#2517,.T.);
#2078=EDGE_CURVE('',#1761,#1765,#2518,.T.);
#2079=EDGE_CURVE('',#1764,#1766,#2519,.T.);
#2080=EDGE_CURVE('',#1766,#1767,#2520,.T.);
#2081=EDGE_CURVE('',#1765,#1767,#2521,.T.);
#2082=EDGE_CURVE('',#1768,#1769,#2522,.T.);
#2083=EDGE_CURVE('',#1769,#1770,#2523,.T.);
#2084=EDGE_CURVE('',#1771,#1770,#2524,.T.);
#2085=EDGE_CURVE('',#1771,#1768,#2525,.T.);
#2086=EDGE_CURVE('',#1772,#1773,#2526,.T.);
#2087=EDGE_CURVE('',#1772,#1774,#2527,.T.);
#2088=EDGE_CURVE('',#1774,#1775,#2528,.T.);
#2089=EDGE_CURVE('',#1773,#1775,#2529,.T.);
#2090=EDGE_CURVE('',#1775,#1776,#2530,.T.);
#2091=EDGE_CURVE('',#1777,#1776,#2531,.T.);
#2092=EDGE_CURVE('',#1773,#1777,#2532,.T.);
#2093=EDGE_CURVE('',#1776,#1778,#2533,.T.);
#2094=EDGE_CURVE('',#1778,#1779,#2534,.T.);
#2095=EDGE_CURVE('',#1777,#1779,#2535,.T.);
#2096=EDGE_CURVE('',#1780,#1781,#2536,.T.);
#2097=EDGE_CURVE('',#1781,#1782,#2537,.T.);
#2098=EDGE_CURVE('',#1783,#1782,#2538,.T.);
#2099=EDGE_CURVE('',#1783,#1780,#2539,.T.);
#2100=EDGE_CURVE('',#1784,#1785,#2540,.T.);
#2101=EDGE_CURVE('',#1784,#1786,#2541,.T.);
#2102=EDGE_CURVE('',#1786,#1787,#2542,.T.);
#2103=EDGE_CURVE('',#1785,#1787,#2543,.T.);
#2104=EDGE_CURVE('',#1787,#1788,#2544,.T.);
#2105=EDGE_CURVE('',#1789,#1788,#2545,.T.);
#2106=EDGE_CURVE('',#1785,#1789,#2546,.T.);
#2107=EDGE_CURVE('',#1788,#1790,#2547,.T.);
#2108=EDGE_CURVE('',#1790,#1791,#2548,.T.);
#2109=EDGE_CURVE('',#1789,#1791,#2549,.T.);
#2110=EDGE_CURVE('',#1792,#1793,#2550,.T.);
#2111=EDGE_CURVE('',#1793,#1794,#2551,.T.);
#2112=EDGE_CURVE('',#1795,#1794,#2552,.T.);
#2113=EDGE_CURVE('',#1795,#1792,#2553,.T.);
#2114=EDGE_CURVE('',#1796,#1797,#2554,.T.);
#2115=EDGE_CURVE('',#1796,#1798,#2555,.T.);
#2116=EDGE_CURVE('',#1798,#1799,#2556,.T.);
#2117=EDGE_CURVE('',#1797,#1799,#2557,.T.);
#2118=EDGE_CURVE('',#1799,#1800,#2558,.T.);
#2119=EDGE_CURVE('',#1801,#1800,#2559,.T.);
#2120=EDGE_CURVE('',#1797,#1801,#2560,.T.);
#2121=EDGE_CURVE('',#1800,#1802,#2561,.T.);
#2122=EDGE_CURVE('',#1802,#1803,#2562,.T.);
#2123=EDGE_CURVE('',#1801,#1803,#2563,.T.);
#2124=EDGE_CURVE('',#1804,#1805,#2564,.T.);
#2125=EDGE_CURVE('',#1805,#1806,#2565,.T.);
#2126=EDGE_CURVE('',#1807,#1806,#2566,.T.);
#2127=EDGE_CURVE('',#1807,#1804,#2567,.T.);
#2128=EDGE_CURVE('',#1808,#1809,#2568,.T.);
#2129=EDGE_CURVE('',#1808,#1810,#2569,.T.);
#2130=EDGE_CURVE('',#1810,#1811,#2570,.T.);
#2131=EDGE_CURVE('',#1809,#1811,#2571,.T.);
#2132=EDGE_CURVE('',#1811,#1812,#2572,.T.);
#2133=EDGE_CURVE('',#1813,#1812,#2573,.T.);
#2134=EDGE_CURVE('',#1809,#1813,#2574,.T.);
#2135=EDGE_CURVE('',#1812,#1814,#2575,.T.);
#2136=EDGE_CURVE('',#1814,#1815,#2576,.T.);
#2137=EDGE_CURVE('',#1813,#1815,#2577,.T.);
#2138=EDGE_CURVE('',#1816,#1817,#2578,.T.);
#2139=EDGE_CURVE('',#1817,#1818,#2579,.T.);
#2140=EDGE_CURVE('',#1819,#1818,#2580,.T.);
#2141=EDGE_CURVE('',#1819,#1816,#2581,.T.);
#2142=EDGE_CURVE('',#1820,#1821,#2582,.T.);
#2143=EDGE_CURVE('',#1821,#1822,#2583,.T.);
#2144=EDGE_CURVE('',#1823,#1822,#2584,.T.);
#2145=EDGE_CURVE('',#1823,#1820,#2585,.T.);
#2146=EDGE_CURVE('',#1824,#1825,#2586,.T.);
#2147=EDGE_CURVE('',#1824,#1826,#2587,.T.);
#2148=EDGE_CURVE('',#1826,#1827,#2588,.T.);
#2149=EDGE_CURVE('',#1825,#1827,#2589,.T.);
#2150=EDGE_CURVE('',#1827,#1828,#2590,.T.);
#2151=EDGE_CURVE('',#1829,#1828,#2591,.T.);
#2152=EDGE_CURVE('',#1825,#1829,#2592,.T.);
#2153=EDGE_CURVE('',#1828,#1830,#2593,.T.);
#2154=EDGE_CURVE('',#1830,#1831,#2594,.T.);
#2155=EDGE_CURVE('',#1829,#1831,#2595,.T.);
#2156=EDGE_CURVE('',#1832,#1833,#2596,.T.);
#2157=EDGE_CURVE('',#1833,#1834,#2597,.T.);
#2158=EDGE_CURVE('',#1835,#1834,#2598,.T.);
#2159=EDGE_CURVE('',#1835,#1832,#2599,.T.);
#2160=EDGE_CURVE('',#1836,#1837,#2600,.T.);
#2161=EDGE_CURVE('',#1836,#1838,#2601,.T.);
#2162=EDGE_CURVE('',#1838,#1839,#2602,.T.);
#2163=EDGE_CURVE('',#1837,#1839,#2603,.T.);
#2164=EDGE_CURVE('',#1839,#1840,#2604,.T.);
#2165=EDGE_CURVE('',#1841,#1840,#2605,.T.);
#2166=EDGE_CURVE('',#1837,#1841,#2606,.T.);
#2167=EDGE_CURVE('',#1840,#1842,#2607,.T.);
#2168=EDGE_CURVE('',#1842,#1843,#2608,.T.);
#2169=EDGE_CURVE('',#1841,#1843,#2609,.T.);
#2170=EDGE_CURVE('',#1844,#1845,#2610,.T.);
#2171=EDGE_CURVE('',#1845,#1846,#2611,.T.);
#2172=EDGE_CURVE('',#1847,#1846,#2612,.T.);
#2173=EDGE_CURVE('',#1847,#1844,#2613,.T.);
#2174=EDGE_CURVE('',#1848,#1849,#2614,.T.);
#2175=EDGE_CURVE('',#1848,#1850,#2615,.T.);
#2176=EDGE_CURVE('',#1850,#1851,#2616,.T.);
#2177=EDGE_CURVE('',#1849,#1851,#2617,.T.);
#2178=EDGE_CURVE('',#1851,#1852,#2618,.T.);
#2179=EDGE_CURVE('',#1853,#1852,#2619,.T.);
#2180=EDGE_CURVE('',#1849,#1853,#2620,.T.);
#2181=EDGE_CURVE('',#1852,#1854,#2621,.T.);
#2182=EDGE_CURVE('',#1854,#1855,#2622,.T.);
#2183=EDGE_CURVE('',#1853,#1855,#2623,.T.);
#2184=EDGE_CURVE('',#1856,#1857,#2624,.T.);
#2185=EDGE_CURVE('',#1857,#1858,#2625,.T.);
#2186=EDGE_CURVE('',#1859,#1858,#2626,.T.);
#2187=EDGE_CURVE('',#1859,#1856,#2627,.T.);
#2188=EDGE_CURVE('',#1860,#1861,#2628,.T.);
#2189=EDGE_CURVE('',#1860,#1862,#2629,.T.);
#2190=EDGE_CURVE('',#1862,#1863,#2630,.T.);
#2191=EDGE_CURVE('',#1861,#1863,#2631,.T.);
#2192=EDGE_CURVE('',#1863,#1864,#2632,.T.);
#2193=EDGE_CURVE('',#1865,#1864,#2633,.T.);
#2194=EDGE_CURVE('',#1861,#1865,#2634,.T.);
#2195=EDGE_CURVE('',#1864,#1866,#2635,.T.);
#2196=EDGE_CURVE('',#1866,#1867,#2636,.T.);
#2197=EDGE_CURVE('',#1865,#1867,#2637,.T.);
#2198=EDGE_CURVE('',#1868,#1869,#2638,.T.);
#2199=EDGE_CURVE('',#1869,#1870,#2639,.T.);
#2200=EDGE_CURVE('',#1871,#1870,#2640,.T.);
#2201=EDGE_CURVE('',#1871,#1868,#2641,.T.);
#2202=EDGE_CURVE('',#1872,#1873,#2642,.T.);
#2203=EDGE_CURVE('',#1872,#1874,#2643,.T.);
#2204=EDGE_CURVE('',#1874,#1875,#2644,.T.);
#2205=EDGE_CURVE('',#1873,#1875,#2645,.T.);
#2206=EDGE_CURVE('',#1875,#1876,#2646,.T.);
#2207=EDGE_CURVE('',#1877,#1876,#2647,.T.);
#2208=EDGE_CURVE('',#1873,#1877,#2648,.T.);
#2209=EDGE_CURVE('',#1876,#1878,#2649,.T.);
#2210=EDGE_CURVE('',#1878,#1879,#2650,.T.);
#2211=EDGE_CURVE('',#1877,#1879,#2651,.T.);
#2212=EDGE_CURVE('',#1880,#1881,#2652,.T.);
#2213=EDGE_CURVE('',#1881,#1882,#2653,.T.);
#2214=EDGE_CURVE('',#1883,#1882,#2654,.T.);
#2215=EDGE_CURVE('',#1883,#1880,#2655,.T.);
#2216=EDGE_CURVE('',#1884,#1885,#2656,.T.);
#2217=EDGE_CURVE('',#1884,#1886,#2657,.T.);
#2218=EDGE_CURVE('',#1886,#1887,#2658,.T.);
#2219=EDGE_CURVE('',#1885,#1887,#2659,.T.);
#2220=EDGE_CURVE('',#1887,#1888,#2660,.T.);
#2221=EDGE_CURVE('',#1889,#1888,#2661,.T.);
#2222=EDGE_CURVE('',#1885,#1889,#2662,.T.);
#2223=EDGE_CURVE('',#1888,#1890,#2663,.T.);
#2224=EDGE_CURVE('',#1890,#1891,#2664,.T.);
#2225=EDGE_CURVE('',#1889,#1891,#2665,.T.);
#2226=EDGE_CURVE('',#1892,#1893,#2666,.T.);
#2227=EDGE_CURVE('',#1893,#1894,#2667,.T.);
#2228=EDGE_CURVE('',#1895,#1894,#2668,.T.);
#2229=EDGE_CURVE('',#1895,#1892,#2669,.T.);
#2230=EDGE_CURVE('',#1896,#1897,#2670,.T.);
#2231=EDGE_CURVE('',#1897,#1898,#2671,.T.);
#2232=EDGE_CURVE('',#1899,#1898,#2672,.T.);
#2233=EDGE_CURVE('',#1899,#1896,#2673,.T.);
#2234=EDGE_CURVE('',#1900,#1901,#2674,.T.);
#2235=EDGE_CURVE('',#1900,#1902,#2675,.T.);
#2236=EDGE_CURVE('',#1902,#1903,#2676,.T.);
#2237=EDGE_CURVE('',#1901,#1903,#2677,.T.);
#2238=EDGE_CURVE('',#1903,#1904,#2678,.T.);
#2239=EDGE_CURVE('',#1905,#1904,#2679,.T.);
#2240=EDGE_CURVE('',#1901,#1905,#2680,.T.);
#2241=EDGE_CURVE('',#1904,#1906,#2681,.T.);
#2242=EDGE_CURVE('',#1906,#1907,#2682,.T.);
#2243=EDGE_CURVE('',#1905,#1907,#2683,.T.);
#2244=EDGE_CURVE('',#1908,#1909,#2684,.T.);
#2245=EDGE_CURVE('',#1909,#1910,#2685,.T.);
#2246=EDGE_CURVE('',#1911,#1910,#2686,.T.);
#2247=EDGE_CURVE('',#1911,#1908,#2687,.T.);
#2248=EDGE_CURVE('',#1912,#1913,#2688,.T.);
#2249=EDGE_CURVE('',#1912,#1914,#2689,.T.);
#2250=EDGE_CURVE('',#1914,#1915,#2690,.T.);
#2251=EDGE_CURVE('',#1913,#1915,#2691,.T.);
#2252=EDGE_CURVE('',#1915,#1916,#2692,.T.);
#2253=EDGE_CURVE('',#1917,#1916,#2693,.T.);
#2254=EDGE_CURVE('',#1913,#1917,#2694,.T.);
#2255=EDGE_CURVE('',#1916,#1918,#2695,.T.);
#2256=EDGE_CURVE('',#1918,#1919,#2696,.T.);
#2257=EDGE_CURVE('',#1917,#1919,#2697,.T.);
#2258=EDGE_CURVE('',#1920,#1921,#2698,.T.);
#2259=EDGE_CURVE('',#1921,#1922,#2699,.T.);
#2260=EDGE_CURVE('',#1923,#1922,#2700,.T.);
#2261=EDGE_CURVE('',#1923,#1920,#2701,.T.);
#2262=EDGE_CURVE('',#1924,#1925,#2702,.T.);
#2263=EDGE_CURVE('',#1924,#1926,#2703,.T.);
#2264=EDGE_CURVE('',#1926,#1927,#2704,.T.);
#2265=EDGE_CURVE('',#1925,#1927,#2705,.T.);
#2266=EDGE_CURVE('',#1927,#1928,#2706,.T.);
#2267=EDGE_CURVE('',#1929,#1928,#2707,.T.);
#2268=EDGE_CURVE('',#1925,#1929,#2708,.T.);
#2269=EDGE_CURVE('',#1928,#1930,#2709,.T.);
#2270=EDGE_CURVE('',#1930,#1931,#2710,.T.);
#2271=EDGE_CURVE('',#1929,#1931,#2711,.T.);
#2272=EDGE_CURVE('',#1932,#1933,#2712,.T.);
#2273=EDGE_CURVE('',#1933,#1934,#2713,.T.);
#2274=EDGE_CURVE('',#1935,#1934,#2714,.T.);
#2275=EDGE_CURVE('',#1935,#1932,#2715,.T.);
#2276=EDGE_CURVE('',#1936,#1937,#2716,.T.);
#2277=EDGE_CURVE('',#1936,#1938,#2717,.T.);
#2278=EDGE_CURVE('',#1938,#1939,#2718,.T.);
#2279=EDGE_CURVE('',#1937,#1939,#2719,.T.);
#2280=EDGE_CURVE('',#1939,#1940,#2720,.T.);
#2281=EDGE_CURVE('',#1941,#1940,#2721,.T.);
#2282=EDGE_CURVE('',#1937,#1941,#2722,.T.);
#2283=EDGE_CURVE('',#1940,#1942,#2723,.T.);
#2284=EDGE_CURVE('',#1942,#1943,#2724,.T.);
#2285=EDGE_CURVE('',#1941,#1943,#2725,.T.);
#2286=EDGE_CURVE('',#1944,#1945,#2726,.T.);
#2287=EDGE_CURVE('',#1945,#1946,#2727,.T.);
#2288=EDGE_CURVE('',#1947,#1946,#2728,.T.);
#2289=EDGE_CURVE('',#1947,#1944,#2729,.T.);
#2290=EDGE_CURVE('',#1948,#1949,#2730,.T.);
#2291=EDGE_CURVE('',#1948,#1950,#2731,.T.);
#2292=EDGE_CURVE('',#1950,#1951,#2732,.T.);
#2293=EDGE_CURVE('',#1949,#1951,#2733,.T.);
#2294=EDGE_CURVE('',#1951,#1952,#2734,.T.);
#2295=EDGE_CURVE('',#1953,#1952,#2735,.T.);
#2296=EDGE_CURVE('',#1949,#1953,#2736,.T.);
#2297=EDGE_CURVE('',#1952,#1954,#2737,.T.);
#2298=EDGE_CURVE('',#1954,#1955,#2738,.T.);
#2299=EDGE_CURVE('',#1953,#1955,#2739,.T.);
#2300=EDGE_CURVE('',#1956,#1957,#2740,.T.);
#2301=EDGE_CURVE('',#1957,#1958,#2741,.T.);
#2302=EDGE_CURVE('',#1959,#1958,#2742,.T.);
#2303=EDGE_CURVE('',#1959,#1956,#2743,.T.);
#2304=EDGE_CURVE('',#1960,#1961,#2744,.T.);
#2305=EDGE_CURVE('',#1960,#1962,#2745,.T.);
#2306=EDGE_CURVE('',#1962,#1963,#2746,.T.);
#2307=EDGE_CURVE('',#1961,#1963,#2747,.T.);
#2308=EDGE_CURVE('',#1963,#1964,#2748,.T.);
#2309=EDGE_CURVE('',#1965,#1964,#2749,.T.);
#2310=EDGE_CURVE('',#1961,#1965,#2750,.T.);
#2311=EDGE_CURVE('',#1964,#1966,#2751,.T.);
#2312=EDGE_CURVE('',#1966,#1967,#2752,.T.);
#2313=EDGE_CURVE('',#1965,#1967,#2753,.T.);
#2314=EDGE_CURVE('',#1968,#1969,#2754,.T.);
#2315=EDGE_CURVE('',#1969,#1970,#2755,.T.);
#2316=EDGE_CURVE('',#1971,#1970,#2756,.T.);
#2317=EDGE_CURVE('',#1971,#1968,#2757,.T.);
#2318=EDGE_CURVE('',#1972,#1973,#2758,.T.);
#2319=EDGE_CURVE('',#1972,#1974,#2759,.T.);
#2320=EDGE_CURVE('',#1974,#1975,#2760,.T.);
#2321=EDGE_CURVE('',#1973,#1975,#2761,.T.);
#2322=EDGE_CURVE('',#1975,#1976,#2762,.T.);
#2323=EDGE_CURVE('',#1976,#1977,#2763,.T.);
#2324=EDGE_CURVE('',#1973,#1977,#2764,.T.);
#2325=EDGE_CURVE('',#1978,#1979,#2765,.T.);
#2326=EDGE_CURVE('',#1979,#1980,#2766,.T.);
#2327=EDGE_CURVE('',#1981,#1980,#2767,.T.);
#2328=EDGE_CURVE('',#1981,#1978,#2768,.T.);
#2329=EDGE_CURVE('',#1982,#1982,#122,.T.);
#2330=EDGE_CURVE('',#1983,#1983,#123,.T.);
#2331=EDGE_CURVE('',#1984,#1984,#124,.T.);
#2332=EDGE_CURVE('',#1985,#1985,#125,.T.);
#2333=EDGE_CURVE('',#1986,#1987,#126,.T.);
#2334=EDGE_CURVE('',#1987,#1988,#2769,.T.);
#2335=EDGE_CURVE('',#1989,#1988,#127,.T.);
#2336=EDGE_CURVE('',#1989,#1986,#2770,.T.);
#2337=EDGE_CURVE('',#1736,#1990,#2771,.T.);
#2338=EDGE_CURVE('',#1990,#1991,#2772,.T.);
#2339=EDGE_CURVE('',#1737,#1991,#2773,.T.);
#2340=EDGE_CURVE('',#1992,#1992,#128,.T.);
#2341=EDGE_CURVE('',#1993,#1993,#129,.T.);
#2342=EDGE_CURVE('',#1980,#1738,#130,.T.);
#2343=EDGE_CURVE('',#1743,#1747,#131,.T.);
#2344=EDGE_CURVE('',#1746,#1748,#132,.T.);
#2345=EDGE_CURVE('',#1755,#1759,#133,.T.);
#2346=EDGE_CURVE('',#1758,#1760,#134,.T.);
#2347=EDGE_CURVE('',#1767,#1771,#135,.T.);
#2348=EDGE_CURVE('',#1770,#1772,#136,.T.);
#2349=EDGE_CURVE('',#1779,#1783,#137,.T.);
#2350=EDGE_CURVE('',#1782,#1784,#138,.T.);
#2351=EDGE_CURVE('',#1791,#1795,#139,.T.);
#2352=EDGE_CURVE('',#1794,#1796,#140,.T.);
#2353=EDGE_CURVE('',#1803,#1807,#141,.T.);
#2354=EDGE_CURVE('',#1806,#1808,#142,.T.);
#2355=EDGE_CURVE('',#1815,#1819,#143,.T.);
#2356=EDGE_CURVE('',#1818,#1823,#144,.T.);
#2357=EDGE_CURVE('',#1822,#1824,#145,.T.);
#2358=EDGE_CURVE('',#1831,#1835,#146,.T.);
#2359=EDGE_CURVE('',#1834,#1836,#147,.T.);
#2360=EDGE_CURVE('',#1843,#1847,#148,.T.);
#2361=EDGE_CURVE('',#1846,#1848,#149,.T.);
#2362=EDGE_CURVE('',#1855,#1859,#150,.T.);
#2363=EDGE_CURVE('',#1858,#1860,#151,.T.);
#2364=EDGE_CURVE('',#1867,#1871,#152,.T.);
#2365=EDGE_CURVE('',#1870,#1872,#153,.T.);
#2366=EDGE_CURVE('',#1879,#1883,#154,.T.);
#2367=EDGE_CURVE('',#1882,#1884,#155,.T.);
#2368=EDGE_CURVE('',#1891,#1895,#156,.T.);
#2369=EDGE_CURVE('',#1894,#1899,#157,.T.);
#2370=EDGE_CURVE('',#1898,#1900,#158,.T.);
#2371=EDGE_CURVE('',#1907,#1911,#159,.T.);
#2372=EDGE_CURVE('',#1910,#1912,#160,.T.);
#2373=EDGE_CURVE('',#1919,#1923,#161,.T.);
#2374=EDGE_CURVE('',#1922,#1924,#162,.T.);
#2375=EDGE_CURVE('',#1931,#1935,#163,.T.);
#2376=EDGE_CURVE('',#1934,#1936,#164,.T.);
#2377=EDGE_CURVE('',#1943,#1947,#165,.T.);
#2378=EDGE_CURVE('',#1946,#1948,#166,.T.);
#2379=EDGE_CURVE('',#1955,#1959,#167,.T.);
#2380=EDGE_CURVE('',#1958,#1960,#168,.T.);
#2381=EDGE_CURVE('',#1967,#1971,#169,.T.);
#2382=EDGE_CURVE('',#1970,#1972,#170,.T.);
#2383=EDGE_CURVE('',#1977,#1981,#171,.T.);
#2384=EDGE_CURVE('',#1991,#1731,#172,.T.);
#2385=EDGE_CURVE('',#1730,#1732,#173,.T.);
#2386=EDGE_CURVE('',#1988,#1695,#174,.T.);
#2387=EDGE_CURVE('',#1694,#1696,#175,.T.);
#2388=EDGE_CURVE('',#1707,#1711,#176,.T.);
#2389=EDGE_CURVE('',#1710,#1712,#177,.T.);
#2390=EDGE_CURVE('',#1719,#1720,#178,.T.);
#2391=EDGE_CURVE('',#1721,#1727,#179,.T.);
#2392=EDGE_CURVE('',#1726,#1989,#180,.T.);
#2393=EDGE_CURVE('',#1740,#1979,#181,.T.);
#2394=EDGE_CURVE('',#1978,#1976,#182,.T.);
#2395=EDGE_CURVE('',#1974,#1969,#183,.T.);
#2396=EDGE_CURVE('',#1968,#1966,#184,.T.);
#2397=EDGE_CURVE('',#1962,#1957,#185,.T.);
#2398=EDGE_CURVE('',#1956,#1954,#186,.T.);
#2399=EDGE_CURVE('',#1950,#1945,#187,.T.);
#2400=EDGE_CURVE('',#1944,#1942,#188,.T.);
#2401=EDGE_CURVE('',#1938,#1933,#189,.T.);
#2402=EDGE_CURVE('',#1932,#1930,#190,.T.);
#2403=EDGE_CURVE('',#1926,#1921,#191,.T.);
#2404=EDGE_CURVE('',#1920,#1918,#192,.T.);
#2405=EDGE_CURVE('',#1914,#1909,#193,.T.);
#2406=EDGE_CURVE('',#1908,#1906,#194,.T.);
#2407=EDGE_CURVE('',#1902,#1897,#195,.T.);
#2408=EDGE_CURVE('',#1896,#1893,#196,.T.);
#2409=EDGE_CURVE('',#1892,#1890,#197,.T.);
#2410=EDGE_CURVE('',#1886,#1881,#198,.T.);
#2411=EDGE_CURVE('',#1880,#1878,#199,.T.);
#2412=EDGE_CURVE('',#1874,#1869,#200,.T.);
#2413=EDGE_CURVE('',#1868,#1866,#201,.T.);
#2414=EDGE_CURVE('',#1862,#1857,#202,.T.);
#2415=EDGE_CURVE('',#1856,#1854,#203,.T.);
#2416=EDGE_CURVE('',#1850,#1845,#204,.T.);
#2417=EDGE_CURVE('',#1844,#1842,#205,.T.);
#2418=EDGE_CURVE('',#1838,#1833,#206,.T.);
#2419=EDGE_CURVE('',#1832,#1830,#207,.T.);
#2420=EDGE_CURVE('',#1826,#1821,#208,.T.);
#2421=EDGE_CURVE('',#1820,#1817,#209,.T.);
#2422=EDGE_CURVE('',#1816,#1814,#210,.T.);
#2423=EDGE_CURVE('',#1810,#1805,#211,.T.);
#2424=EDGE_CURVE('',#1804,#1802,#212,.T.);
#2425=EDGE_CURVE('',#1798,#1793,#213,.T.);
#2426=EDGE_CURVE('',#1792,#1790,#214,.T.);
#2427=EDGE_CURVE('',#1786,#1781,#215,.T.);
#2428=EDGE_CURVE('',#1780,#1778,#216,.T.);
#2429=EDGE_CURVE('',#1774,#1769,#217,.T.);
#2430=EDGE_CURVE('',#1768,#1766,#218,.T.);
#2431=EDGE_CURVE('',#1762,#1757,#219,.T.);
#2432=EDGE_CURVE('',#1756,#1754,#220,.T.);
#2433=EDGE_CURVE('',#1750,#1745,#221,.T.);
#2434=EDGE_CURVE('',#1744,#1742,#222,.T.);
#2435=EDGE_CURVE('',#1728,#1990,#223,.T.);
#2436=EDGE_CURVE('',#1734,#1729,#224,.T.);
#2437=EDGE_CURVE('',#1692,#1987,#225,.T.);
#2438=EDGE_CURVE('',#1986,#1725,#226,.T.);
#2439=EDGE_CURVE('',#1724,#1723,#227,.T.);
#2440=EDGE_CURVE('',#1722,#1718,#228,.T.);
#2441=EDGE_CURVE('',#1714,#1709,#229,.T.);
#2442=EDGE_CURVE('',#1708,#1706,#230,.T.);
#2443=EDGE_CURVE('',#1698,#1693,#231,.T.);
#2444=LINE('',#4257,#2774);
#2445=LINE('',#4260,#2775);
#2446=LINE('',#4262,#2776);
#2447=LINE('',#4264,#2777);
#2448=LINE('',#4266,#2778);
#2449=LINE('',#4269,#2779);
#2450=LINE('',#4271,#2780);
#2451=LINE('',#4273,#2781);
#2452=LINE('',#4277,#2782);
#2453=LINE('',#4283,#2783);
#2454=LINE('',#4289,#2784);
#2455=LINE('',#4293,#2785);
#2456=LINE('',#4295,#2786);
#2457=LINE('',#4297,#2787);
#2458=LINE('',#4299,#2788);
#2459=LINE('',#4302,#2789);
#2460=LINE('',#4304,#2790);
#2461=LINE('',#4306,#2791);
#2462=LINE('',#4308,#2792);
#2463=LINE('',#4311,#2793);
#2464=LINE('',#4313,#2794);
#2465=LINE('',#4315,#2795);
#2466=LINE('',#4319,#2796);
#2467=LINE('',#4323,#2797);
#2468=LINE('',#4325,#2798);
#2469=LINE('',#4327,#2799);
#2470=LINE('',#4329,#2800);
#2471=LINE('',#4332,#2801);
#2472=LINE('',#4334,#2802);
#2473=LINE('',#4336,#2803);
#2474=LINE('',#4338,#2804);
#2475=LINE('',#4341,#2805);
#2476=LINE('',#4343,#2806);
#2477=LINE('',#4345,#2807);
#2478=LINE('',#4347,#2808);
#2479=LINE('',#4350,#2809);
#2480=LINE('',#4352,#2810);
#2481=LINE('',#4354,#2811);
#2482=LINE('',#4356,#2812);
#2483=LINE('',#4359,#2813);
#2484=LINE('',#4361,#2814);
#2485=LINE('',#4363,#2815);
#2486=LINE('',#4367,#2816);
#2487=LINE('',#4371,#2817);
#2488=LINE('',#4374,#2818);
#2489=LINE('',#4376,#2819);
#2490=LINE('',#4378,#2820);
#2491=LINE('',#4380,#2821);
#2492=LINE('',#4382,#2822);
#2493=LINE('',#4384,#2823);
#2494=LINE('',#4386,#2824);
#2495=LINE('',#4389,#2825);
#2496=LINE('',#4391,#2826);
#2497=LINE('',#4393,#2827);
#2498=LINE('',#4395,#2828);
#2499=LINE('',#4398,#2829);
#2500=LINE('',#4400,#2830);
#2501=LINE('',#4402,#2831);
#2502=LINE('',#4404,#2832);
#2503=LINE('',#4406,#2833);
#2504=LINE('',#4408,#2834);
#2505=LINE('',#4410,#2835);
#2506=LINE('',#4412,#2836);
#2507=LINE('',#4414,#2837);
#2508=LINE('',#4416,#2838);
#2509=LINE('',#4419,#2839);
#2510=LINE('',#4421,#2840);
#2511=LINE('',#4423,#2841);
#2512=LINE('',#4425,#2842);
#2513=LINE('',#4428,#2843);
#2514=LINE('',#4430,#2844);
#2515=LINE('',#4432,#2845);
#2516=LINE('',#4434,#2846);
#2517=LINE('',#4436,#2847);
#2518=LINE('',#4438,#2848);
#2519=LINE('',#4440,#2849);
#2520=LINE('',#4442,#2850);
#2521=LINE('',#4444,#2851);
#2522=LINE('',#4446,#2852);
#2523=LINE('',#4449,#2853);
#2524=LINE('',#4451,#2854);
#2525=LINE('',#4453,#2855);
#2526=LINE('',#4455,#2856);
#2527=LINE('',#4458,#2857);
#2528=LINE('',#4460,#2858);
#2529=LINE('',#4462,#2859);
#2530=LINE('',#4464,#2860);
#2531=LINE('',#4466,#2861);
#2532=LINE('',#4468,#2862);
#2533=LINE('',#4470,#2863);
#2534=LINE('',#4472,#2864);
#2535=LINE('',#4474,#2865);
#2536=LINE('',#4476,#2866);
#2537=LINE('',#4479,#2867);
#2538=LINE('',#4481,#2868);
#2539=LINE('',#4483,#2869);
#2540=LINE('',#4485,#2870);
#2541=LINE('',#4488,#2871);
#2542=LINE('',#4490,#2872);
#2543=LINE('',#4492,#2873);
#2544=LINE('',#4494,#2874);
#2545=LINE('',#4496,#2875);
#2546=LINE('',#4498,#2876);
#2547=LINE('',#4500,#2877);
#2548=LINE('',#4502,#2878);
#2549=LINE('',#4504,#2879);
#2550=LINE('',#4506,#2880);
#2551=LINE('',#4509,#2881);
#2552=LINE('',#4511,#2882);
#2553=LINE('',#4513,#2883);
#2554=LINE('',#4515,#2884);
#2555=LINE('',#4518,#2885);
#2556=LINE('',#4520,#2886);
#2557=LINE('',#4522,#2887);
#2558=LINE('',#4524,#2888);
#2559=LINE('',#4526,#2889);
#2560=LINE('',#4528,#2890);
#2561=LINE('',#4530,#2891);
#2562=LINE('',#4532,#2892);
#2563=LINE('',#4534,#2893);
#2564=LINE('',#4536,#2894);
#2565=LINE('',#4539,#2895);
#2566=LINE('',#4541,#2896);
#2567=LINE('',#4543,#2897);
#2568=LINE('',#4545,#2898);
#2569=LINE('',#4548,#2899);
#2570=LINE('',#4550,#2900);
#2571=LINE('',#4552,#2901);
#2572=LINE('',#4554,#2902);
#2573=LINE('',#4556,#2903);
#2574=LINE('',#4558,#2904);
#2575=LINE('',#4560,#2905);
#2576=LINE('',#4562,#2906);
#2577=LINE('',#4564,#2907);
#2578=LINE('',#4566,#2908);
#2579=LINE('',#4569,#2909);
#2580=LINE('',#4571,#2910);
#2581=LINE('',#4573,#2911);
#2582=LINE('',#4575,#2912);
#2583=LINE('',#4578,#2913);
#2584=LINE('',#4580,#2914);
#2585=LINE('',#4582,#2915);
#2586=LINE('',#4584,#2916);
#2587=LINE('',#4587,#2917);
#2588=LINE('',#4589,#2918);
#2589=LINE('',#4591,#2919);
#2590=LINE('',#4593,#2920);
#2591=LINE('',#4595,#2921);
#2592=LINE('',#4597,#2922);
#2593=LINE('',#4599,#2923);
#2594=LINE('',#4601,#2924);
#2595=LINE('',#4603,#2925);
#2596=LINE('',#4605,#2926);
#2597=LINE('',#4608,#2927);
#2598=LINE('',#4610,#2928);
#2599=LINE('',#4612,#2929);
#2600=LINE('',#4614,#2930);
#2601=LINE('',#4617,#2931);
#2602=LINE('',#4619,#2932);
#2603=LINE('',#4621,#2933);
#2604=LINE('',#4623,#2934);
#2605=LINE('',#4625,#2935);
#2606=LINE('',#4627,#2936);
#2607=LINE('',#4629,#2937);
#2608=LINE('',#4631,#2938);
#2609=LINE('',#4633,#2939);
#2610=LINE('',#4635,#2940);
#2611=LINE('',#4638,#2941);
#2612=LINE('',#4640,#2942);
#2613=LINE('',#4642,#2943);
#2614=LINE('',#4644,#2944);
#2615=LINE('',#4647,#2945);
#2616=LINE('',#4649,#2946);
#2617=LINE('',#4651,#2947);
#2618=LINE('',#4653,#2948);
#2619=LINE('',#4655,#2949);
#2620=LINE('',#4657,#2950);
#2621=LINE('',#4659,#2951);
#2622=LINE('',#4661,#2952);
#2623=LINE('',#4663,#2953);
#2624=LINE('',#4665,#2954);
#2625=LINE('',#4668,#2955);
#2626=LINE('',#4670,#2956);
#2627=LINE('',#4672,#2957);
#2628=LINE('',#4674,#2958);
#2629=LINE('',#4677,#2959);
#2630=LINE('',#4679,#2960);
#2631=LINE('',#4681,#2961);
#2632=LINE('',#4683,#2962);
#2633=LINE('',#4685,#2963);
#2634=LINE('',#4687,#2964);
#2635=LINE('',#4689,#2965);
#2636=LINE('',#4691,#2966);
#2637=LINE('',#4693,#2967);
#2638=LINE('',#4695,#2968);
#2639=LINE('',#4698,#2969);
#2640=LINE('',#4700,#2970);
#2641=LINE('',#4702,#2971);
#2642=LINE('',#4704,#2972);
#2643=LINE('',#4707,#2973);
#2644=LINE('',#4709,#2974);
#2645=LINE('',#4711,#2975);
#2646=LINE('',#4713,#2976);
#2647=LINE('',#4715,#2977);
#2648=LINE('',#4717,#2978);
#2649=LINE('',#4719,#2979);
#2650=LINE('',#4721,#2980);
#2651=LINE('',#4723,#2981);
#2652=LINE('',#4725,#2982);
#2653=LINE('',#4728,#2983);
#2654=LINE('',#4730,#2984);
#2655=LINE('',#4732,#2985);
#2656=LINE('',#4734,#2986);
#2657=LINE('',#4737,#2987);
#2658=LINE('',#4739,#2988);
#2659=LINE('',#4741,#2989);
#2660=LINE('',#4743,#2990);
#2661=LINE('',#4745,#2991);
#2662=LINE('',#4747,#2992);
#2663=LINE('',#4749,#2993);
#2664=LINE('',#4751,#2994);
#2665=LINE('',#4753,#2995);
#2666=LINE('',#4755,#2996);
#2667=LINE('',#4758,#2997);
#2668=LINE('',#4760,#2998);
#2669=LINE('',#4762,#2999);
#2670=LINE('',#4764,#3000);
#2671=LINE('',#4767,#3001);
#2672=LINE('',#4769,#3002);
#2673=LINE('',#4771,#3003);
#2674=LINE('',#4773,#3004);
#2675=LINE('',#4776,#3005);
#2676=LINE('',#4778,#3006);
#2677=LINE('',#4780,#3007);
#2678=LINE('',#4782,#3008);
#2679=LINE('',#4784,#3009);
#2680=LINE('',#4786,#3010);
#2681=LINE('',#4788,#3011);
#2682=LINE('',#4790,#3012);
#2683=LINE('',#4792,#3013);
#2684=LINE('',#4794,#3014);
#2685=LINE('',#4797,#3015);
#2686=LINE('',#4799,#3016);
#2687=LINE('',#4801,#3017);
#2688=LINE('',#4803,#3018);
#2689=LINE('',#4806,#3019);
#2690=LINE('',#4808,#3020);
#2691=LINE('',#4810,#3021);
#2692=LINE('',#4812,#3022);
#2693=LINE('',#4814,#3023);
#2694=LINE('',#4816,#3024);
#2695=LINE('',#4818,#3025);
#2696=LINE('',#4820,#3026);
#2697=LINE('',#4822,#3027);
#2698=LINE('',#4824,#3028);
#2699=LINE('',#4827,#3029);
#2700=LINE('',#4829,#3030);
#2701=LINE('',#4831,#3031);
#2702=LINE('',#4833,#3032);
#2703=LINE('',#4836,#3033);
#2704=LINE('',#4838,#3034);
#2705=LINE('',#4840,#3035);
#2706=LINE('',#4842,#3036);
#2707=LINE('',#4844,#3037);
#2708=LINE('',#4846,#3038);
#2709=LINE('',#4848,#3039);
#2710=LINE('',#4850,#3040);
#2711=LINE('',#4852,#3041);
#2712=LINE('',#4854,#3042);
#2713=LINE('',#4857,#3043);
#2714=LINE('',#4859,#3044);
#2715=LINE('',#4861,#3045);
#2716=LINE('',#4863,#3046);
#2717=LINE('',#4866,#3047);
#2718=LINE('',#4868,#3048);
#2719=LINE('',#4870,#3049);
#2720=LINE('',#4872,#3050);
#2721=LINE('',#4874,#3051);
#2722=LINE('',#4876,#3052);
#2723=LINE('',#4878,#3053);
#2724=LINE('',#4880,#3054);
#2725=LINE('',#4882,#3055);
#2726=LINE('',#4884,#3056);
#2727=LINE('',#4887,#3057);
#2728=LINE('',#4889,#3058);
#2729=LINE('',#4891,#3059);
#2730=LINE('',#4893,#3060);
#2731=LINE('',#4896,#3061);
#2732=LINE('',#4898,#3062);
#2733=LINE('',#4900,#3063);
#2734=LINE('',#4902,#3064);
#2735=LINE('',#4904,#3065);
#2736=LINE('',#4906,#3066);
#2737=LINE('',#4908,#3067);
#2738=LINE('',#4910,#3068);
#2739=LINE('',#4912,#3069);
#2740=LINE('',#4914,#3070);
#2741=LINE('',#4917,#3071);
#2742=LINE('',#4919,#3072);
#2743=LINE('',#4921,#3073);
#2744=LINE('',#4923,#3074);
#2745=LINE('',#4926,#3075);
#2746=LINE('',#4928,#3076);
#2747=LINE('',#4930,#3077);
#2748=LINE('',#4932,#3078);
#2749=LINE('',#4934,#3079);
#2750=LINE('',#4936,#3080);
#2751=LINE('',#4938,#3081);
#2752=LINE('',#4940,#3082);
#2753=LINE('',#4942,#3083);
#2754=LINE('',#4944,#3084);
#2755=LINE('',#4947,#3085);
#2756=LINE('',#4949,#3086);
#2757=LINE('',#4951,#3087);
#2758=LINE('',#4953,#3088);
#2759=LINE('',#4956,#3089);
#2760=LINE('',#4958,#3090);
#2761=LINE('',#4960,#3091);
#2762=LINE('',#4962,#3092);
#2763=LINE('',#4964,#3093);
#2764=LINE('',#4966,#3094);
#2765=LINE('',#4968,#3095);
#2766=LINE('',#4971,#3096);
#2767=LINE('',#4973,#3097);
#2768=LINE('',#4975,#3098);
#2769=LINE('',#4990,#3099);
#2770=LINE('',#4994,#3100);
#2771=LINE('',#4996,#3101);
#2772=LINE('',#4998,#3102);
#2773=LINE('',#5000,#3103);
#2774=VECTOR('',#3380,1.);
#2775=VECTOR('',#3381,1.);
#2776=VECTOR('',#3382,1.);
#2777=VECTOR('',#3383,1.);
#2778=VECTOR('',#3386,1.);
#2779=VECTOR('',#3387,1.);
#2780=VECTOR('',#3388,1.);
#2781=VECTOR('',#3389,1.);
#2782=VECTOR('',#3394,1.);
#2783=VECTOR('',#3401,1.);
#2784=VECTOR('',#3408,1.);
#2785=VECTOR('',#3413,1.);
#2786=VECTOR('',#3414,1.);
#2787=VECTOR('',#3415,1.);
#2788=VECTOR('',#3418,1.);
#2789=VECTOR('',#3419,1.);
#2790=VECTOR('',#3420,1.);
#2791=VECTOR('',#3421,1.);
#2792=VECTOR('',#3424,1.);
#2793=VECTOR('',#3425,1.);
#2794=VECTOR('',#3426,1.);
#2795=VECTOR('',#3427,1.);
#2796=VECTOR('',#3432,1.);
#2797=VECTOR('',#3437,1.);
#2798=VECTOR('',#3438,1.);
#2799=VECTOR('',#3439,1.);
#2800=VECTOR('',#3442,1.);
#2801=VECTOR('',#3443,1.);
#2802=VECTOR('',#3444,1.);
#2803=VECTOR('',#3445,1.);
#2804=VECTOR('',#3448,1.);
#2805=VECTOR('',#3449,1.);
#2806=VECTOR('',#3450,1.);
#2807=VECTOR('',#3451,1.);
#2808=VECTOR('',#3454,1.);
#2809=VECTOR('',#3455,1.);
#2810=VECTOR('',#3456,1.);
#2811=VECTOR('',#3457,1.);
#2812=VECTOR('',#3460,1.);
#2813=VECTOR('',#3461,1.);
#2814=VECTOR('',#3462,1.);
#2815=VECTOR('',#3463,1.);
#2816=VECTOR('',#3468,1.);
#2817=VECTOR('',#3473,1.);
#2818=VECTOR('',#3474,1.);
#2819=VECTOR('',#3475,1.);
#2820=VECTOR('',#3476,1.);
#2821=VECTOR('',#3479,1.);
#2822=VECTOR('',#3480,1.);
#2823=VECTOR('',#3481,1.);
#2824=VECTOR('',#3484,1.);
#2825=VECTOR('',#3485,1.);
#2826=VECTOR('',#3486,1.);
#2827=VECTOR('',#3487,1.);
#2828=VECTOR('',#3490,1.);
#2829=VECTOR('',#3491,1.);
#2830=VECTOR('',#3492,1.);
#2831=VECTOR('',#3493,1.);
#2832=VECTOR('',#3496,1.);
#2833=VECTOR('',#3497,1.);
#2834=VECTOR('',#3498,1.);
#2835=VECTOR('',#3501,1.);
#2836=VECTOR('',#3502,1.);
#2837=VECTOR('',#3503,1.);
#2838=VECTOR('',#3506,1.);
#2839=VECTOR('',#3507,1.);
#2840=VECTOR('',#3508,1.);
#2841=VECTOR('',#3509,1.);
#2842=VECTOR('',#3512,1.);
#2843=VECTOR('',#3513,1.);
#2844=VECTOR('',#3514,1.);
#2845=VECTOR('',#3515,1.);
#2846=VECTOR('',#3518,1.);
#2847=VECTOR('',#3519,1.);
#2848=VECTOR('',#3520,1.);
#2849=VECTOR('',#3523,1.);
#2850=VECTOR('',#3524,1.);
#2851=VECTOR('',#3525,1.);
#2852=VECTOR('',#3528,1.);
#2853=VECTOR('',#3529,1.);
#2854=VECTOR('',#3530,1.);
#2855=VECTOR('',#3531,1.);
#2856=VECTOR('',#3534,1.);
#2857=VECTOR('',#3535,1.);
#2858=VECTOR('',#3536,1.);
#2859=VECTOR('',#3537,1.);
#2860=VECTOR('',#3540,1.);
#2861=VECTOR('',#3541,1.);
#2862=VECTOR('',#3542,1.);
#2863=VECTOR('',#3545,1.);
#2864=VECTOR('',#3546,1.);
#2865=VECTOR('',#3547,1.);
#2866=VECTOR('',#3550,1.);
#2867=VECTOR('',#3551,1.);
#2868=VECTOR('',#3552,1.);
#2869=VECTOR('',#3553,1.);
#2870=VECTOR('',#3556,1.);
#2871=VECTOR('',#3557,1.);
#2872=VECTOR('',#3558,1.);
#2873=VECTOR('',#3559,1.);
#2874=VECTOR('',#3562,1.);
#2875=VECTOR('',#3563,1.);
#2876=VECTOR('',#3564,1.);
#2877=VECTOR('',#3567,1.);
#2878=VECTOR('',#3568,1.);
#2879=VECTOR('',#3569,1.);
#2880=VECTOR('',#3572,1.);
#2881=VECTOR('',#3573,1.);
#2882=VECTOR('',#3574,1.);
#2883=VECTOR('',#3575,1.);
#2884=VECTOR('',#3578,1.);
#2885=VECTOR('',#3579,1.);
#2886=VECTOR('',#3580,1.);
#2887=VECTOR('',#3581,1.);
#2888=VECTOR('',#3584,1.);
#2889=VECTOR('',#3585,1.);
#2890=VECTOR('',#3586,1.);
#2891=VECTOR('',#3589,1.);
#2892=VECTOR('',#3590,1.);
#2893=VECTOR('',#3591,1.);
#2894=VECTOR('',#3594,1.);
#2895=VECTOR('',#3595,1.);
#2896=VECTOR('',#3596,1.);
#2897=VECTOR('',#3597,1.);
#2898=VECTOR('',#3600,1.);
#2899=VECTOR('',#3601,1.);
#2900=VECTOR('',#3602,1.);
#2901=VECTOR('',#3603,1.);
#2902=VECTOR('',#3606,1.);
#2903=VECTOR('',#3607,1.);
#2904=VECTOR('',#3608,1.);
#2905=VECTOR('',#3611,1.);
#2906=VECTOR('',#3612,1.);
#2907=VECTOR('',#3613,1.);
#2908=VECTOR('',#3616,1.);
#2909=VECTOR('',#3617,1.);
#2910=VECTOR('',#3618,1.);
#2911=VECTOR('',#3619,1.);
#2912=VECTOR('',#3622,1.);
#2913=VECTOR('',#3623,1.);
#2914=VECTOR('',#3624,1.);
#2915=VECTOR('',#3625,1.);
#2916=VECTOR('',#3628,1.);
#2917=VECTOR('',#3629,1.);
#2918=VECTOR('',#3630,1.);
#2919=VECTOR('',#3631,1.);
#2920=VECTOR('',#3634,1.);
#2921=VECTOR('',#3635,1.);
#2922=VECTOR('',#3636,1.);
#2923=VECTOR('',#3639,1.);
#2924=VECTOR('',#3640,1.);
#2925=VECTOR('',#3641,1.);
#2926=VECTOR('',#3644,1.);
#2927=VECTOR('',#3645,1.);
#2928=VECTOR('',#3646,1.);
#2929=VECTOR('',#3647,1.);
#2930=VECTOR('',#3650,1.);
#2931=VECTOR('',#3651,1.);
#2932=VECTOR('',#3652,1.);
#2933=VECTOR('',#3653,1.);
#2934=VECTOR('',#3656,1.);
#2935=VECTOR('',#3657,1.);
#2936=VECTOR('',#3658,1.);
#2937=VECTOR('',#3661,1.);
#2938=VECTOR('',#3662,1.);
#2939=VECTOR('',#3663,1.);
#2940=VECTOR('',#3666,1.);
#2941=VECTOR('',#3667,1.);
#2942=VECTOR('',#3668,1.);
#2943=VECTOR('',#3669,1.);
#2944=VECTOR('',#3672,1.);
#2945=VECTOR('',#3673,1.);
#2946=VECTOR('',#3674,1.);
#2947=VECTOR('',#3675,1.);
#2948=VECTOR('',#3678,1.);
#2949=VECTOR('',#3679,1.);
#2950=VECTOR('',#3680,1.);
#2951=VECTOR('',#3683,1.);
#2952=VECTOR('',#3684,1.);
#2953=VECTOR('',#3685,1.);
#2954=VECTOR('',#3688,1.);
#2955=VECTOR('',#3689,1.);
#2956=VECTOR('',#3690,1.);
#2957=VECTOR('',#3691,1.);
#2958=VECTOR('',#3694,1.);
#2959=VECTOR('',#3695,1.);
#2960=VECTOR('',#3696,1.);
#2961=VECTOR('',#3697,1.);
#2962=VECTOR('',#3700,1.);
#2963=VECTOR('',#3701,1.);
#2964=VECTOR('',#3702,1.);
#2965=VECTOR('',#3705,1.);
#2966=VECTOR('',#3706,1.);
#2967=VECTOR('',#3707,1.);
#2968=VECTOR('',#3710,1.);
#2969=VECTOR('',#3711,1.);
#2970=VECTOR('',#3712,1.);
#2971=VECTOR('',#3713,1.);
#2972=VECTOR('',#3716,1.);
#2973=VECTOR('',#3717,1.);
#2974=VECTOR('',#3718,1.);
#2975=VECTOR('',#3719,1.);
#2976=VECTOR('',#3722,1.);
#2977=VECTOR('',#3723,1.);
#2978=VECTOR('',#3724,1.);
#2979=VECTOR('',#3727,1.);
#2980=VECTOR('',#3728,1.);
#2981=VECTOR('',#3729,1.);
#2982=VECTOR('',#3732,1.);
#2983=VECTOR('',#3733,1.);
#2984=VECTOR('',#3734,1.);
#2985=VECTOR('',#3735,1.);
#2986=VECTOR('',#3738,1.);
#2987=VECTOR('',#3739,1.);
#2988=VECTOR('',#3740,1.);
#2989=VECTOR('',#3741,1.);
#2990=VECTOR('',#3744,1.);
#2991=VECTOR('',#3745,1.);
#2992=VECTOR('',#3746,1.);
#2993=VECTOR('',#3749,1.);
#2994=VECTOR('',#3750,1.);
#2995=VECTOR('',#3751,1.);
#2996=VECTOR('',#3754,1.);
#2997=VECTOR('',#3755,1.);
#2998=VECTOR('',#3756,1.);
#2999=VECTOR('',#3757,1.);
#3000=VECTOR('',#3760,1.);
#3001=VECTOR('',#3761,1.);
#3002=VECTOR('',#3762,1.);
#3003=VECTOR('',#3763,1.);
#3004=VECTOR('',#3766,1.);
#3005=VECTOR('',#3767,1.);
#3006=VECTOR('',#3768,1.);
#3007=VECTOR('',#3769,1.);
#3008=VECTOR('',#3772,1.);
#3009=VECTOR('',#3773,1.);
#3010=VECTOR('',#3774,1.);
#3011=VECTOR('',#3777,1.);
#3012=VECTOR('',#3778,1.);
#3013=VECTOR('',#3779,1.);
#3014=VECTOR('',#3782,1.);
#3015=VECTOR('',#3783,1.);
#3016=VECTOR('',#3784,1.);
#3017=VECTOR('',#3785,1.);
#3018=VECTOR('',#3788,1.);
#3019=VECTOR('',#3789,1.);
#3020=VECTOR('',#3790,1.);
#3021=VECTOR('',#3791,1.);
#3022=VECTOR('',#3794,1.);
#3023=VECTOR('',#3795,1.);
#3024=VECTOR('',#3796,1.);
#3025=VECTOR('',#3799,1.);
#3026=VECTOR('',#3800,1.);
#3027=VECTOR('',#3801,1.);
#3028=VECTOR('',#3804,1.);
#3029=VECTOR('',#3805,1.);
#3030=VECTOR('',#3806,1.);
#3031=VECTOR('',#3807,1.);
#3032=VECTOR('',#3810,1.);
#3033=VECTOR('',#3811,1.);
#3034=VECTOR('',#3812,1.);
#3035=VECTOR('',#3813,1.);
#3036=VECTOR('',#3816,1.);
#3037=VECTOR('',#3817,1.);
#3038=VECTOR('',#3818,1.);
#3039=VECTOR('',#3821,1.);
#3040=VECTOR('',#3822,1.);
#3041=VECTOR('',#3823,1.);
#3042=VECTOR('',#3826,1.);
#3043=VECTOR('',#3827,1.);
#3044=VECTOR('',#3828,1.);
#3045=VECTOR('',#3829,1.);
#3046=VECTOR('',#3832,1.);
#3047=VECTOR('',#3833,1.);
#3048=VECTOR('',#3834,1.);
#3049=VECTOR('',#3835,1.);
#3050=VECTOR('',#3838,1.);
#3051=VECTOR('',#3839,1.);
#3052=VECTOR('',#3840,1.);
#3053=VECTOR('',#3843,1.);
#3054=VECTOR('',#3844,1.);
#3055=VECTOR('',#3845,1.);
#3056=VECTOR('',#3848,1.);
#3057=VECTOR('',#3849,1.);
#3058=VECTOR('',#3850,1.);
#3059=VECTOR('',#3851,1.);
#3060=VECTOR('',#3854,1.);
#3061=VECTOR('',#3855,1.);
#3062=VECTOR('',#3856,1.);
#3063=VECTOR('',#3857,1.);
#3064=VECTOR('',#3860,1.);
#3065=VECTOR('',#3861,1.);
#3066=VECTOR('',#3862,1.);
#3067=VECTOR('',#3865,1.);
#3068=VECTOR('',#3866,1.);
#3069=VECTOR('',#3867,1.);
#3070=VECTOR('',#3870,1.);
#3071=VECTOR('',#3871,1.);
#3072=VECTOR('',#3872,1.);
#3073=VECTOR('',#3873,1.);
#3074=VECTOR('',#3876,1.);
#3075=VECTOR('',#3877,1.);
#3076=VECTOR('',#3878,1.);
#3077=VECTOR('',#3879,1.);
#3078=VECTOR('',#3882,1.);
#3079=VECTOR('',#3883,1.);
#3080=VECTOR('',#3884,1.);
#3081=VECTOR('',#3887,1.);
#3082=VECTOR('',#3888,1.);
#3083=VECTOR('',#3889,1.);
#3084=VECTOR('',#3892,1.);
#3085=VECTOR('',#3893,1.);
#3086=VECTOR('',#3894,1.);
#3087=VECTOR('',#3895,1.);
#3088=VECTOR('',#3898,1.);
#3089=VECTOR('',#3899,1.);
#3090=VECTOR('',#3900,1.);
#3091=VECTOR('',#3901,1.);
#3092=VECTOR('',#3904,1.);
#3093=VECTOR('',#3905,1.);
#3094=VECTOR('',#3906,1.);
#3095=VECTOR('',#3909,1.);
#3096=VECTOR('',#3910,1.);
#3097=VECTOR('',#3911,1.);
#3098=VECTOR('',#3912,1.);
#3099=VECTOR('',#3929,1.);
#3100=VECTOR('',#3932,1.);
#3101=VECTOR('',#3935,1.);
#3102=VECTOR('',#3936,1.);
#3103=VECTOR('',#3937,1.);
#3104=AXIS2_PLACEMENT_3D('',#4256,#3378,#3379);
#3105=AXIS2_PLACEMENT_3D('',#4265,#3384,#3385);
#3106=AXIS2_PLACEMENT_3D('',#4274,#3390,#3391);
#3107=AXIS2_PLACEMENT_3D('',#4275,#3392,#3393);
#3108=AXIS2_PLACEMENT_3D('',#4279,#3395,#3396);
#3109=AXIS2_PLACEMENT_3D('',#4280,#3397,#3398);
#3110=AXIS2_PLACEMENT_3D('',#4281,#3399,#3400);
#3111=AXIS2_PLACEMENT_3D('',#4285,#3402,#3403);
#3112=AXIS2_PLACEMENT_3D('',#4286,#3404,#3405);
#3113=AXIS2_PLACEMENT_3D('',#4287,#3406,#3407);
#3114=AXIS2_PLACEMENT_3D('',#4291,#3409,#3410);
#3115=AXIS2_PLACEMENT_3D('',#4292,#3411,#3412);
#3116=AXIS2_PLACEMENT_3D('',#4298,#3416,#3417);
#3117=AXIS2_PLACEMENT_3D('',#4307,#3422,#3423);
#3118=AXIS2_PLACEMENT_3D('',#4316,#3428,#3429);
#3119=AXIS2_PLACEMENT_3D('',#4317,#3430,#3431);
#3120=AXIS2_PLACEMENT_3D('',#4321,#3433,#3434);
#3121=AXIS2_PLACEMENT_3D('',#4322,#3435,#3436);
#3122=AXIS2_PLACEMENT_3D('',#4328,#3440,#3441);
#3123=AXIS2_PLACEMENT_3D('',#4337,#3446,#3447);
#3124=AXIS2_PLACEMENT_3D('',#4346,#3452,#3453);
#3125=AXIS2_PLACEMENT_3D('',#4355,#3458,#3459);
#3126=AXIS2_PLACEMENT_3D('',#4364,#3464,#3465);
#3127=AXIS2_PLACEMENT_3D('',#4365,#3466,#3467);
#3128=AXIS2_PLACEMENT_3D('',#4369,#3469,#3470);
#3129=AXIS2_PLACEMENT_3D('',#4370,#3471,#3472);
#3130=AXIS2_PLACEMENT_3D('',#4379,#3477,#3478);
#3131=AXIS2_PLACEMENT_3D('',#4385,#3482,#3483);
#3132=AXIS2_PLACEMENT_3D('',#4394,#3488,#3489);
#3133=AXIS2_PLACEMENT_3D('',#4403,#3494,#3495);
#3134=AXIS2_PLACEMENT_3D('',#4409,#3499,#3500);
#3135=AXIS2_PLACEMENT_3D('',#4415,#3504,#3505);
#3136=AXIS2_PLACEMENT_3D('',#4424,#3510,#3511);
#3137=AXIS2_PLACEMENT_3D('',#4433,#3516,#3517);
#3138=AXIS2_PLACEMENT_3D('',#4439,#3521,#3522);
#3139=AXIS2_PLACEMENT_3D('',#4445,#3526,#3527);
#3140=AXIS2_PLACEMENT_3D('',#4454,#3532,#3533);
#3141=AXIS2_PLACEMENT_3D('',#4463,#3538,#3539);
#3142=AXIS2_PLACEMENT_3D('',#4469,#3543,#3544);
#3143=AXIS2_PLACEMENT_3D('',#4475,#3548,#3549);
#3144=AXIS2_PLACEMENT_3D('',#4484,#3554,#3555);
#3145=AXIS2_PLACEMENT_3D('',#4493,#3560,#3561);
#3146=AXIS2_PLACEMENT_3D('',#4499,#3565,#3566);
#3147=AXIS2_PLACEMENT_3D('',#4505,#3570,#3571);
#3148=AXIS2_PLACEMENT_3D('',#4514,#3576,#3577);
#3149=AXIS2_PLACEMENT_3D('',#4523,#3582,#3583);
#3150=AXIS2_PLACEMENT_3D('',#4529,#3587,#3588);
#3151=AXIS2_PLACEMENT_3D('',#4535,#3592,#3593);
#3152=AXIS2_PLACEMENT_3D('',#4544,#3598,#3599);
#3153=AXIS2_PLACEMENT_3D('',#4553,#3604,#3605);
#3154=AXIS2_PLACEMENT_3D('',#4559,#3609,#3610);
#3155=AXIS2_PLACEMENT_3D('',#4565,#3614,#3615);
#3156=AXIS2_PLACEMENT_3D('',#4574,#3620,#3621);
#3157=AXIS2_PLACEMENT_3D('',#4583,#3626,#3627);
#3158=AXIS2_PLACEMENT_3D('',#4592,#3632,#3633);
#3159=AXIS2_PLACEMENT_3D('',#4598,#3637,#3638);
#3160=AXIS2_PLACEMENT_3D('',#4604,#3642,#3643);
#3161=AXIS2_PLACEMENT_3D('',#4613,#3648,#3649);
#3162=AXIS2_PLACEMENT_3D('',#4622,#3654,#3655);
#3163=AXIS2_PLACEMENT_3D('',#4628,#3659,#3660);
#3164=AXIS2_PLACEMENT_3D('',#4634,#3664,#3665);
#3165=AXIS2_PLACEMENT_3D('',#4643,#3670,#3671);
#3166=AXIS2_PLACEMENT_3D('',#4652,#3676,#3677);
#3167=AXIS2_PLACEMENT_3D('',#4658,#3681,#3682);
#3168=AXIS2_PLACEMENT_3D('',#4664,#3686,#3687);
#3169=AXIS2_PLACEMENT_3D('',#4673,#3692,#3693);
#3170=AXIS2_PLACEMENT_3D('',#4682,#3698,#3699);
#3171=AXIS2_PLACEMENT_3D('',#4688,#3703,#3704);
#3172=AXIS2_PLACEMENT_3D('',#4694,#3708,#3709);
#3173=AXIS2_PLACEMENT_3D('',#4703,#3714,#3715);
#3174=AXIS2_PLACEMENT_3D('',#4712,#3720,#3721);
#3175=AXIS2_PLACEMENT_3D('',#4718,#3725,#3726);
#3176=AXIS2_PLACEMENT_3D('',#4724,#3730,#3731);
#3177=AXIS2_PLACEMENT_3D('',#4733,#3736,#3737);
#3178=AXIS2_PLACEMENT_3D('',#4742,#3742,#3743);
#3179=AXIS2_PLACEMENT_3D('',#4748,#3747,#3748);
#3180=AXIS2_PLACEMENT_3D('',#4754,#3752,#3753);
#3181=AXIS2_PLACEMENT_3D('',#4763,#3758,#3759);
#3182=AXIS2_PLACEMENT_3D('',#4772,#3764,#3765);
#3183=AXIS2_PLACEMENT_3D('',#4781,#3770,#3771);
#3184=AXIS2_PLACEMENT_3D('',#4787,#3775,#3776);
#3185=AXIS2_PLACEMENT_3D('',#4793,#3780,#3781);
#3186=AXIS2_PLACEMENT_3D('',#4802,#3786,#3787);
#3187=AXIS2_PLACEMENT_3D('',#4811,#3792,#3793);
#3188=AXIS2_PLACEMENT_3D('',#4817,#3797,#3798);
#3189=AXIS2_PLACEMENT_3D('',#4823,#3802,#3803);
#3190=AXIS2_PLACEMENT_3D('',#4832,#3808,#3809);
#3191=AXIS2_PLACEMENT_3D('',#4841,#3814,#3815);
#3192=AXIS2_PLACEMENT_3D('',#4847,#3819,#3820);
#3193=AXIS2_PLACEMENT_3D('',#4853,#3824,#3825);
#3194=AXIS2_PLACEMENT_3D('',#4862,#3830,#3831);
#3195=AXIS2_PLACEMENT_3D('',#4871,#3836,#3837);
#3196=AXIS2_PLACEMENT_3D('',#4877,#3841,#3842);
#3197=AXIS2_PLACEMENT_3D('',#4883,#3846,#3847);
#3198=AXIS2_PLACEMENT_3D('',#4892,#3852,#3853);
#3199=AXIS2_PLACEMENT_3D('',#4901,#3858,#3859);
#3200=AXIS2_PLACEMENT_3D('',#4907,#3863,#3864);
#3201=AXIS2_PLACEMENT_3D('',#4913,#3868,#3869);
#3202=AXIS2_PLACEMENT_3D('',#4922,#3874,#3875);
#3203=AXIS2_PLACEMENT_3D('',#4931,#3880,#3881);
#3204=AXIS2_PLACEMENT_3D('',#4937,#3885,#3886);
#3205=AXIS2_PLACEMENT_3D('',#4943,#3890,#3891);
#3206=AXIS2_PLACEMENT_3D('',#4952,#3896,#3897);
#3207=AXIS2_PLACEMENT_3D('',#4961,#3902,#3903);
#3208=AXIS2_PLACEMENT_3D('',#4967,#3907,#3908);
#3209=AXIS2_PLACEMENT_3D('',#4976,#3913,#3914);
#3210=AXIS2_PLACEMENT_3D('',#4977,#3915,#3916);
#3211=AXIS2_PLACEMENT_3D('',#4979,#3917,#3918);
#3212=AXIS2_PLACEMENT_3D('',#4981,#3919,#3920);
#3213=AXIS2_PLACEMENT_3D('',#4982,#3921,#3922);
#3214=AXIS2_PLACEMENT_3D('',#4984,#3923,#3924);
#3215=AXIS2_PLACEMENT_3D('',#4986,#3925,#3926);
#3216=AXIS2_PLACEMENT_3D('',#4987,#3927,#3928);
#3217=AXIS2_PLACEMENT_3D('',#4992,#3930,#3931);
#3218=AXIS2_PLACEMENT_3D('',#4995,#3933,#3934);
#3219=AXIS2_PLACEMENT_3D('',#5001,#3938,#3939);
#3220=AXIS2_PLACEMENT_3D('',#5002,#3940,#3941);
#3221=AXIS2_PLACEMENT_3D('',#5004,#3942,#3943);
#3222=AXIS2_PLACEMENT_3D('',#5006,#3944,#3945);
#3223=AXIS2_PLACEMENT_3D('',#5007,#3946,#3947);
#3224=AXIS2_PLACEMENT_3D('',#5008,#3948,#3949);
#3225=AXIS2_PLACEMENT_3D('',#5009,#3950,#3951);
#3226=AXIS2_PLACEMENT_3D('',#5010,#3952,#3953);
#3227=AXIS2_PLACEMENT_3D('',#5011,#3954,#3955);
#3228=AXIS2_PLACEMENT_3D('',#5012,#3956,#3957);
#3229=AXIS2_PLACEMENT_3D('',#5013,#3958,#3959);
#3230=AXIS2_PLACEMENT_3D('',#5014,#3960,#3961);
#3231=AXIS2_PLACEMENT_3D('',#5015,#3962,#3963);
#3232=AXIS2_PLACEMENT_3D('',#5016,#3964,#3965);
#3233=AXIS2_PLACEMENT_3D('',#5017,#3966,#3967);
#3234=AXIS2_PLACEMENT_3D('',#5018,#3968,#3969);
#3235=AXIS2_PLACEMENT_3D('',#5019,#3970,#3971);
#3236=AXIS2_PLACEMENT_3D('',#5020,#3972,#3973);
#3237=AXIS2_PLACEMENT_3D('',#5021,#3974,#3975);
#3238=AXIS2_PLACEMENT_3D('',#5022,#3976,#3977);
#3239=AXIS2_PLACEMENT_3D('',#5023,#3978,#3979);
#3240=AXIS2_PLACEMENT_3D('',#5024,#3980,#3981);
#3241=AXIS2_PLACEMENT_3D('',#5025,#3982,#3983);
#3242=AXIS2_PLACEMENT_3D('',#5026,#3984,#3985);
#3243=AXIS2_PLACEMENT_3D('',#5027,#3986,#3987);
#3244=AXIS2_PLACEMENT_3D('',#5028,#3988,#3989);
#3245=AXIS2_PLACEMENT_3D('',#5029,#3990,#3991);
#3246=AXIS2_PLACEMENT_3D('',#5030,#3992,#3993);
#3247=AXIS2_PLACEMENT_3D('',#5031,#3994,#3995);
#3248=AXIS2_PLACEMENT_3D('',#5032,#3996,#3997);
#3249=AXIS2_PLACEMENT_3D('',#5033,#3998,#3999);
#3250=AXIS2_PLACEMENT_3D('',#5034,#4000,#4001);
#3251=AXIS2_PLACEMENT_3D('',#5035,#4002,#4003);
#3252=AXIS2_PLACEMENT_3D('',#5036,#4004,#4005);
#3253=AXIS2_PLACEMENT_3D('',#5037,#4006,#4007);
#3254=AXIS2_PLACEMENT_3D('',#5038,#4008,#4009);
#3255=AXIS2_PLACEMENT_3D('',#5039,#4010,#4011);
#3256=AXIS2_PLACEMENT_3D('',#5040,#4012,#4013);
#3257=AXIS2_PLACEMENT_3D('',#5041,#4014,#4015);
#3258=AXIS2_PLACEMENT_3D('',#5042,#4016,#4017);
#3259=AXIS2_PLACEMENT_3D('',#5043,#4018,#4019);
#3260=AXIS2_PLACEMENT_3D('',#5044,#4020,#4021);
#3261=AXIS2_PLACEMENT_3D('',#5045,#4022,#4023);
#3262=AXIS2_PLACEMENT_3D('',#5046,#4024,#4025);
#3263=AXIS2_PLACEMENT_3D('',#5047,#4026,#4027);
#3264=AXIS2_PLACEMENT_3D('',#5048,#4028,#4029);
#3265=AXIS2_PLACEMENT_3D('',#5049,#4030,#4031);
#3266=AXIS2_PLACEMENT_3D('',#5050,#4032,#4033);
#3267=AXIS2_PLACEMENT_3D('',#5051,#4034,#4035);
#3268=AXIS2_PLACEMENT_3D('',#5052,#4036,#4037);
#3269=AXIS2_PLACEMENT_3D('',#5053,#4038,#4039);
#3270=AXIS2_PLACEMENT_3D('',#5054,#4040,#4041);
#3271=AXIS2_PLACEMENT_3D('',#5055,#4042,#4043);
#3272=AXIS2_PLACEMENT_3D('',#5056,#4044,#4045);
#3273=AXIS2_PLACEMENT_3D('',#5057,#4046,#4047);
#3274=AXIS2_PLACEMENT_3D('',#5058,#4048,#4049);
#3275=AXIS2_PLACEMENT_3D('',#5059,#4050,#4051);
#3276=AXIS2_PLACEMENT_3D('',#5060,#4052,#4053);
#3277=AXIS2_PLACEMENT_3D('',#5061,#4054,#4055);
#3278=AXIS2_PLACEMENT_3D('',#5062,#4056,#4057);
#3279=AXIS2_PLACEMENT_3D('',#5063,#4058,#4059);
#3280=AXIS2_PLACEMENT_3D('',#5064,#4060,#4061);
#3281=AXIS2_PLACEMENT_3D('',#5065,#4062,#4063);
#3282=AXIS2_PLACEMENT_3D('',#5066,#4064,#4065);
#3283=AXIS2_PLACEMENT_3D('',#5067,#4066,#4067);
#3284=AXIS2_PLACEMENT_3D('',#5068,#4068,#4069);
#3285=AXIS2_PLACEMENT_3D('',#5069,#4070,#4071);
#3286=AXIS2_PLACEMENT_3D('',#5070,#4072,#4073);
#3287=AXIS2_PLACEMENT_3D('',#5071,#4074,#4075);
#3288=AXIS2_PLACEMENT_3D('',#5072,#4076,#4077);
#3289=AXIS2_PLACEMENT_3D('',#5073,#4078,#4079);
#3290=AXIS2_PLACEMENT_3D('',#5074,#4080,#4081);
#3291=AXIS2_PLACEMENT_3D('',#5075,#4082,#4083);
#3292=AXIS2_PLACEMENT_3D('',#5076,#4084,#4085);
#3293=AXIS2_PLACEMENT_3D('',#5077,#4086,#4087);
#3294=AXIS2_PLACEMENT_3D('',#5078,#4088,#4089);
#3295=AXIS2_PLACEMENT_3D('',#5079,#4090,#4091);
#3296=AXIS2_PLACEMENT_3D('',#5080,#4092,#4093);
#3297=AXIS2_PLACEMENT_3D('',#5081,#4094,#4095);
#3298=AXIS2_PLACEMENT_3D('',#5082,#4096,#4097);
#3299=AXIS2_PLACEMENT_3D('',#5083,#4098,#4099);
#3300=AXIS2_PLACEMENT_3D('',#5084,#4100,#4101);
#3301=AXIS2_PLACEMENT_3D('',#5085,#4102,#4103);
#3302=AXIS2_PLACEMENT_3D('',#5086,#4104,#4105);
#3303=AXIS2_PLACEMENT_3D('',#5087,#4106,#4107);
#3304=AXIS2_PLACEMENT_3D('',#5088,#4108,#4109);
#3305=AXIS2_PLACEMENT_3D('',#5089,#4110,#4111);
#3306=AXIS2_PLACEMENT_3D('',#5090,#4112,#4113);
#3307=AXIS2_PLACEMENT_3D('',#5091,#4114,#4115);
#3308=AXIS2_PLACEMENT_3D('',#5092,#4116,#4117);
#3309=AXIS2_PLACEMENT_3D('',#5093,#4118,#4119);
#3310=AXIS2_PLACEMENT_3D('',#5094,#4120,#4121);
#3311=AXIS2_PLACEMENT_3D('',#5095,#4122,#4123);
#3312=AXIS2_PLACEMENT_3D('',#5096,#4124,#4125);
#3313=AXIS2_PLACEMENT_3D('',#5097,#4126,#4127);
#3314=AXIS2_PLACEMENT_3D('',#5098,#4128,#4129);
#3315=AXIS2_PLACEMENT_3D('',#5099,#4130,#4131);
#3316=AXIS2_PLACEMENT_3D('',#5100,#4132,#4133);
#3317=AXIS2_PLACEMENT_3D('',#5101,#4134,#4135);
#3318=AXIS2_PLACEMENT_3D('',#5102,#4136,#4137);
#3319=AXIS2_PLACEMENT_3D('',#5103,#4138,#4139);
#3320=AXIS2_PLACEMENT_3D('',#5104,#4140,#4141);
#3321=AXIS2_PLACEMENT_3D('',#5105,#4142,#4143);
#3322=AXIS2_PLACEMENT_3D('',#5106,#4144,#4145);
#3323=AXIS2_PLACEMENT_3D('',#5107,#4146,#4147);
#3324=AXIS2_PLACEMENT_3D('',#5108,#4148,#4149);
#3325=AXIS2_PLACEMENT_3D('',#5109,#4150,#4151);
#3326=AXIS2_PLACEMENT_3D('',#5110,#4152,#4153);
#3327=AXIS2_PLACEMENT_3D('',#5111,#4154,#4155);
#3328=AXIS2_PLACEMENT_3D('',#5112,#4156,#4157);
#3329=AXIS2_PLACEMENT_3D('',#5113,#4158,#4159);
#3330=AXIS2_PLACEMENT_3D('',#5114,#4160,#4161);
#3331=AXIS2_PLACEMENT_3D('',#5115,#4162,#4163);
#3332=AXIS2_PLACEMENT_3D('',#5116,#4164,#4165);
#3333=AXIS2_PLACEMENT_3D('',#5117,#4166,#4167);
#3334=AXIS2_PLACEMENT_3D('',#5118,#4168,#4169);
#3335=AXIS2_PLACEMENT_3D('',#5119,#4170,#4171);
#3336=AXIS2_PLACEMENT_3D('',#5120,#4172,#4173);
#3337=AXIS2_PLACEMENT_3D('',#5121,#4174,#4175);
#3338=AXIS2_PLACEMENT_3D('',#5122,#4176,#4177);
#3339=AXIS2_PLACEMENT_3D('',#5123,#4178,#4179);
#3340=AXIS2_PLACEMENT_3D('',#5124,#4180,#4181);
#3341=AXIS2_PLACEMENT_3D('',#5125,#4182,#4183);
#3342=AXIS2_PLACEMENT_3D('',#5126,#4184,#4185);
#3343=AXIS2_PLACEMENT_3D('',#5127,#4186,#4187);
#3344=AXIS2_PLACEMENT_3D('',#5128,#4188,#4189);
#3345=AXIS2_PLACEMENT_3D('',#5129,#4190,#4191);
#3346=AXIS2_PLACEMENT_3D('',#5130,#4192,#4193);
#3347=AXIS2_PLACEMENT_3D('',#5131,#4194,#4195);
#3348=AXIS2_PLACEMENT_3D('',#5132,#4196,#4197);
#3349=AXIS2_PLACEMENT_3D('',#5133,#4198,#4199);
#3350=AXIS2_PLACEMENT_3D('',#5134,#4200,#4201);
#3351=AXIS2_PLACEMENT_3D('',#5135,#4202,#4203);
#3352=AXIS2_PLACEMENT_3D('',#5136,#4204,#4205);
#3353=AXIS2_PLACEMENT_3D('',#5137,#4206,#4207);
#3354=AXIS2_PLACEMENT_3D('',#5138,#4208,#4209);
#3355=AXIS2_PLACEMENT_3D('',#5139,#4210,#4211);
#3356=AXIS2_PLACEMENT_3D('',#5140,#4212,#4213);
#3357=AXIS2_PLACEMENT_3D('',#5141,#4214,#4215);
#3358=AXIS2_PLACEMENT_3D('',#5142,#4216,#4217);
#3359=AXIS2_PLACEMENT_3D('',#5143,#4218,#4219);
#3360=AXIS2_PLACEMENT_3D('',#5144,#4220,#4221);
#3361=AXIS2_PLACEMENT_3D('',#5145,#4222,#4223);
#3362=AXIS2_PLACEMENT_3D('',#5146,#4224,#4225);
#3363=AXIS2_PLACEMENT_3D('',#5147,#4226,#4227);
#3364=AXIS2_PLACEMENT_3D('',#5148,#4228,#4229);
#3365=AXIS2_PLACEMENT_3D('',#5149,#4230,#4231);
#3366=AXIS2_PLACEMENT_3D('',#5150,#4232,#4233);
#3367=AXIS2_PLACEMENT_3D('',#5151,#4234,#4235);
#3368=AXIS2_PLACEMENT_3D('',#5152,#4236,#4237);
#3369=AXIS2_PLACEMENT_3D('',#5153,#4238,#4239);
#3370=AXIS2_PLACEMENT_3D('',#5154,#4240,#4241);
#3371=AXIS2_PLACEMENT_3D('',#5155,#4242,#4243);
#3372=AXIS2_PLACEMENT_3D('',#5156,#4244,#4245);
#3373=AXIS2_PLACEMENT_3D('',#5157,#4246,#4247);
#3374=AXIS2_PLACEMENT_3D('',#5158,#4248,#4249);
#3375=AXIS2_PLACEMENT_3D('',#5159,#4250,#4251);
#3376=AXIS2_PLACEMENT_3D('',#5160,#4252,#4253);
#3377=AXIS2_PLACEMENT_3D('',#5161,#4254,#4255);
#3378=DIRECTION('',(0.,0.,1.));
#3379=DIRECTION('',(1.,0.,0.));
#3380=DIRECTION('',(0.,0.,-1.));
#3381=DIRECTION('',(0.,-1.,0.));
#3382=DIRECTION('',(0.,0.,-1.));
#3383=DIRECTION('',(0.,1.,0.));
#3384=DIRECTION('',(1.,0.,0.));
#3385=DIRECTION('',(0.,0.,-1.));
#3386=DIRECTION('',(-1.,0.,2.2353483717285E-15));
#3387=DIRECTION('',(0.,1.,0.));
#3388=DIRECTION('',(-1.,0.,2.2353483717285E-15));
#3389=DIRECTION('',(0.,1.,0.));
#3390=DIRECTION('',(-2.2353483717285E-15,0.,-1.));
#3391=DIRECTION('',(-1.,0.,2.23432383705813E-15));
#3392=DIRECTION('',(0.,1.,0.));
#3393=DIRECTION('',(1.,0.,0.));
#3394=DIRECTION('',(0.,1.,0.));
#3395=DIRECTION('',(0.,1.,0.));
#3396=DIRECTION('',(1.,0.,0.));
#3397=DIRECTION('',(0.,1.,0.));
#3398=DIRECTION('',(0.,0.,1.));
#3399=DIRECTION('',(0.,-1.,0.));
#3400=DIRECTION('',(1.,0.,0.));
#3401=DIRECTION('',(0.,1.,0.));
#3402=DIRECTION('',(0.,-1.,0.));
#3403=DIRECTION('',(1.,0.,0.));
#3404=DIRECTION('',(0.,1.,0.));
#3405=DIRECTION('',(0.,0.,1.));
#3406=DIRECTION('',(0.,1.,0.));
#3407=DIRECTION('',(1.,0.,0.));
#3408=DIRECTION('',(0.,1.,0.));
#3409=DIRECTION('',(0.,1.,0.));
#3410=DIRECTION('',(1.,0.,0.));
#3411=DIRECTION('',(0.,1.,0.));
#3412=DIRECTION('',(0.,0.,1.));
#3413=DIRECTION('',(-1.,0.,0.));
#3414=DIRECTION('',(0.,-1.,0.));
#3415=DIRECTION('',(-1.,0.,0.));
#3416=DIRECTION('',(0.,0.,-1.));
#3417=DIRECTION('',(-1.,0.,0.));
#3418=DIRECTION('',(0.,0.,1.));
#3419=DIRECTION('',(0.,-1.,0.));
#3420=DIRECTION('',(0.,0.,1.));
#3421=DIRECTION('',(0.,1.,0.));
#3422=DIRECTION('',(-1.,0.,0.));
#3423=DIRECTION('',(0.,0.,1.));
#3424=DIRECTION('',(0.80403478404999,0.,0.594582261791997));
#3425=DIRECTION('',(0.,1.,0.));
#3426=DIRECTION('',(0.80403478404999,0.,0.594582261791997));
#3427=DIRECTION('',(0.,1.,0.));
#3428=DIRECTION('',(-0.594582261791997,0.,0.804034784049989));
#3429=DIRECTION('',(0.80403478404999,0.,0.594582261791997));
#3430=DIRECTION('',(0.,-1.,0.));
#3431=DIRECTION('',(1.,0.,0.));
#3432=DIRECTION('',(0.,1.,0.));
#3433=DIRECTION('',(0.,-1.,0.));
#3434=DIRECTION('',(1.,0.,0.));
#3435=DIRECTION('',(0.,1.,0.));
#3436=DIRECTION('',(0.,0.,1.));
#3437=DIRECTION('',(-0.804034784049987,0.,0.594582261792));
#3438=DIRECTION('',(0.,-1.,0.));
#3439=DIRECTION('',(-0.804034784049987,0.,0.594582261792));
#3440=DIRECTION('',(-0.594582261792,0.,-0.804034784049987));
#3441=DIRECTION('',(-0.804034784049987,0.,0.594582261792));
#3442=DIRECTION('',(0.,0.,1.));
#3443=DIRECTION('',(0.,1.,0.));
#3444=DIRECTION('',(0.,0.,1.));
#3445=DIRECTION('',(0.,-1.,0.));
#3446=DIRECTION('',(-1.,0.,0.));
#3447=DIRECTION('',(0.,0.,1.));
#3448=DIRECTION('',(1.,0.,0.));
#3449=DIRECTION('',(0.,-1.,0.));
#3450=DIRECTION('',(1.,0.,0.));
#3451=DIRECTION('',(0.,1.,0.));
#3452=DIRECTION('',(0.,0.,1.));
#3453=DIRECTION('',(1.,0.,0.));
#3454=DIRECTION('',(0.,0.,1.));
#3455=DIRECTION('',(0.,-1.,0.));
#3456=DIRECTION('',(0.,0.,1.));
#3457=DIRECTION('',(0.,1.,0.));
#3458=DIRECTION('',(-1.,0.,0.));
#3459=DIRECTION('',(0.,0.,1.));
#3460=DIRECTION('',(0.804034784049987,0.,-0.594582261792));
#3461=DIRECTION('',(0.,1.,0.));
#3462=DIRECTION('',(0.804034784049987,0.,-0.594582261792));
#3463=DIRECTION('',(0.,1.,0.));
#3464=DIRECTION('',(0.594582261792,0.,0.804034784049987));
#3465=DIRECTION('',(0.804034784049987,0.,-0.594582261792));
#3466=DIRECTION('',(0.,1.,0.));
#3467=DIRECTION('',(1.,0.,0.));
#3468=DIRECTION('',(0.,1.,0.));
#3469=DIRECTION('',(0.,1.,0.));
#3470=DIRECTION('',(1.,0.,0.));
#3471=DIRECTION('',(0.,1.,0.));
#3472=DIRECTION('',(0.,0.,1.));
#3473=DIRECTION('',(1.,0.,1.73472347597681E-15));
#3474=DIRECTION('',(0.,1.,0.));
#3475=DIRECTION('',(1.,0.,1.73472347597681E-15));
#3476=DIRECTION('',(0.,1.,0.));
#3477=DIRECTION('',(-1.73472347597681E-15,0.,1.));
#3478=DIRECTION('',(1.,0.,1.73472347597681E-15));
#3479=DIRECTION('',(0.,0.,-1.));
#3480=DIRECTION('',(0.,-1.,0.));
#3481=DIRECTION('',(0.,0.,-1.));
#3482=DIRECTION('',(1.,0.,0.));
#3483=DIRECTION('',(0.,0.,-1.));
#3484=DIRECTION('',(1.,0.,0.));
#3485=DIRECTION('',(0.,-1.,0.));
#3486=DIRECTION('',(1.,0.,0.));
#3487=DIRECTION('',(0.,1.,0.));
#3488=DIRECTION('',(0.,0.,1.));
#3489=DIRECTION('',(1.,0.,0.));
#3490=DIRECTION('',(0.,0.,1.));
#3491=DIRECTION('',(0.,1.,0.));
#3492=DIRECTION('',(0.,0.,1.));
#3493=DIRECTION('',(0.,1.,0.));
#3494=DIRECTION('',(-1.,0.,0.));
#3495=DIRECTION('',(0.,0.,1.));
#3496=DIRECTION('',(1.,0.,0.));
#3497=DIRECTION('',(0.,1.,0.));
#3498=DIRECTION('',(1.,0.,0.));
#3499=DIRECTION('',(0.,0.,1.));
#3500=DIRECTION('',(1.,0.,0.));
#3501=DIRECTION('',(0.,0.,-1.));
#3502=DIRECTION('',(0.,-1.,0.));
#3503=DIRECTION('',(0.,0.,-1.));
#3504=DIRECTION('',(1.,0.,0.));
#3505=DIRECTION('',(0.,0.,-1.));
#3506=DIRECTION('',(1.,0.,0.));
#3507=DIRECTION('',(0.,-1.,0.));
#3508=DIRECTION('',(1.,0.,0.));
#3509=DIRECTION('',(0.,1.,0.));
#3510=DIRECTION('',(0.,0.,1.));
#3511=DIRECTION('',(1.,0.,0.));
#3512=DIRECTION('',(0.,0.,1.));
#3513=DIRECTION('',(0.,1.,0.));
#3514=DIRECTION('',(0.,0.,1.));
#3515=DIRECTION('',(0.,1.,0.));
#3516=DIRECTION('',(-1.,0.,0.));
#3517=DIRECTION('',(0.,0.,1.));
#3518=DIRECTION('',(1.,0.,0.));
#3519=DIRECTION('',(0.,1.,0.));
#3520=DIRECTION('',(1.,0.,0.));
#3521=DIRECTION('',(0.,0.,1.));
#3522=DIRECTION('',(1.,0.,0.));
#3523=DIRECTION('',(0.,0.,-1.));
#3524=DIRECTION('',(0.,-1.,0.));
#3525=DIRECTION('',(0.,0.,-1.));
#3526=DIRECTION('',(1.,0.,0.));
#3527=DIRECTION('',(0.,0.,-1.));
#3528=DIRECTION('',(1.,0.,0.));
#3529=DIRECTION('',(0.,-1.,0.));
#3530=DIRECTION('',(1.,0.,0.));
#3531=DIRECTION('',(0.,1.,0.));
#3532=DIRECTION('',(0.,0.,1.));
#3533=DIRECTION('',(1.,0.,0.));
#3534=DIRECTION('',(0.,0.,1.));
#3535=DIRECTION('',(0.,1.,0.));
#3536=DIRECTION('',(0.,0.,1.));
#3537=DIRECTION('',(0.,1.,0.));
#3538=DIRECTION('',(-1.,0.,0.));
#3539=DIRECTION('',(0.,0.,1.));
#3540=DIRECTION('',(1.,0.,0.));
#3541=DIRECTION('',(0.,1.,0.));
#3542=DIRECTION('',(1.,0.,0.));
#3543=DIRECTION('',(0.,0.,1.));
#3544=DIRECTION('',(1.,0.,0.));
#3545=DIRECTION('',(0.,0.,-1.));
#3546=DIRECTION('',(0.,-1.,0.));
#3547=DIRECTION('',(0.,0.,-1.));
#3548=DIRECTION('',(1.,0.,0.));
#3549=DIRECTION('',(0.,0.,-1.));
#3550=DIRECTION('',(1.,0.,0.));
#3551=DIRECTION('',(0.,-1.,0.));
#3552=DIRECTION('',(1.,0.,0.));
#3553=DIRECTION('',(0.,1.,0.));
#3554=DIRECTION('',(0.,0.,1.));
#3555=DIRECTION('',(1.,0.,0.));
#3556=DIRECTION('',(0.,0.,1.));
#3557=DIRECTION('',(0.,1.,0.));
#3558=DIRECTION('',(0.,0.,1.));
#3559=DIRECTION('',(0.,1.,0.));
#3560=DIRECTION('',(-1.,0.,0.));
#3561=DIRECTION('',(0.,0.,1.));
#3562=DIRECTION('',(1.,0.,0.));
#3563=DIRECTION('',(0.,1.,0.));
#3564=DIRECTION('',(1.,0.,0.));
#3565=DIRECTION('',(0.,0.,1.));
#3566=DIRECTION('',(1.,0.,0.));
#3567=DIRECTION('',(0.,0.,-1.));
#3568=DIRECTION('',(0.,-1.,0.));
#3569=DIRECTION('',(0.,0.,-1.));
#3570=DIRECTION('',(1.,0.,0.));
#3571=DIRECTION('',(0.,0.,-1.));
#3572=DIRECTION('',(1.,0.,0.));
#3573=DIRECTION('',(0.,-1.,0.));
#3574=DIRECTION('',(1.,0.,0.));
#3575=DIRECTION('',(0.,1.,0.));
#3576=DIRECTION('',(0.,0.,1.));
#3577=DIRECTION('',(1.,0.,0.));
#3578=DIRECTION('',(0.,0.,1.));
#3579=DIRECTION('',(0.,1.,0.));
#3580=DIRECTION('',(0.,0.,1.));
#3581=DIRECTION('',(0.,1.,0.));
#3582=DIRECTION('',(-1.,0.,0.));
#3583=DIRECTION('',(0.,0.,1.));
#3584=DIRECTION('',(1.,0.,0.));
#3585=DIRECTION('',(0.,1.,0.));
#3586=DIRECTION('',(1.,0.,0.));
#3587=DIRECTION('',(0.,0.,1.));
#3588=DIRECTION('',(1.,0.,0.));
#3589=DIRECTION('',(0.,0.,-1.));
#3590=DIRECTION('',(0.,-1.,0.));
#3591=DIRECTION('',(0.,0.,-1.));
#3592=DIRECTION('',(1.,0.,0.));
#3593=DIRECTION('',(0.,0.,-1.));
#3594=DIRECTION('',(1.,0.,0.));
#3595=DIRECTION('',(0.,-1.,0.));
#3596=DIRECTION('',(1.,0.,0.));
#3597=DIRECTION('',(0.,1.,0.));
#3598=DIRECTION('',(0.,0.,1.));
#3599=DIRECTION('',(1.,0.,0.));
#3600=DIRECTION('',(0.,0.,1.));
#3601=DIRECTION('',(0.,1.,0.));
#3602=DIRECTION('',(0.,0.,1.));
#3603=DIRECTION('',(0.,1.,0.));
#3604=DIRECTION('',(-1.,0.,0.));
#3605=DIRECTION('',(0.,0.,1.));
#3606=DIRECTION('',(1.,0.,0.));
#3607=DIRECTION('',(0.,1.,0.));
#3608=DIRECTION('',(1.,0.,0.));
#3609=DIRECTION('',(0.,0.,1.));
#3610=DIRECTION('',(1.,0.,0.));
#3611=DIRECTION('',(0.,0.,-1.));
#3612=DIRECTION('',(0.,-1.,0.));
#3613=DIRECTION('',(0.,0.,-1.));
#3614=DIRECTION('',(1.,0.,0.));
#3615=DIRECTION('',(0.,0.,-1.));
#3616=DIRECTION('',(1.,0.,0.));
#3617=DIRECTION('',(0.,-1.,0.));
#3618=DIRECTION('',(1.,0.,0.));
#3619=DIRECTION('',(0.,1.,0.));
#3620=DIRECTION('',(0.,0.,1.));
#3621=DIRECTION('',(1.,0.,0.));
#3622=DIRECTION('',(0.,0.,1.));
#3623=DIRECTION('',(0.,-1.,0.));
#3624=DIRECTION('',(0.,0.,1.));
#3625=DIRECTION('',(0.,1.,0.));
#3626=DIRECTION('',(-1.,0.,0.));
#3627=DIRECTION('',(0.,0.,1.));
#3628=DIRECTION('',(-1.,0.,0.));
#3629=DIRECTION('',(0.,1.,0.));
#3630=DIRECTION('',(-1.,0.,0.));
#3631=DIRECTION('',(0.,1.,0.));
#3632=DIRECTION('',(0.,0.,-1.));
#3633=DIRECTION('',(-1.,0.,0.));
#3634=DIRECTION('',(0.,0.,1.));
#3635=DIRECTION('',(0.,1.,0.));
#3636=DIRECTION('',(0.,0.,1.));
#3637=DIRECTION('',(-1.,0.,0.));
#3638=DIRECTION('',(0.,0.,1.));
#3639=DIRECTION('',(1.,0.,0.));
#3640=DIRECTION('',(0.,-1.,0.));
#3641=DIRECTION('',(1.,0.,0.));
#3642=DIRECTION('',(0.,0.,1.));
#3643=DIRECTION('',(1.,0.,0.));
#3644=DIRECTION('',(0.,0.,1.));
#3645=DIRECTION('',(0.,-1.,0.));
#3646=DIRECTION('',(0.,0.,1.));
#3647=DIRECTION('',(0.,1.,0.));
#3648=DIRECTION('',(-1.,0.,0.));
#3649=DIRECTION('',(0.,0.,1.));
#3650=DIRECTION('',(-1.,0.,0.));
#3651=DIRECTION('',(0.,1.,0.));
#3652=DIRECTION('',(-1.,0.,0.));
#3653=DIRECTION('',(0.,1.,0.));
#3654=DIRECTION('',(0.,0.,-1.));
#3655=DIRECTION('',(-1.,0.,0.));
#3656=DIRECTION('',(0.,0.,1.));
#3657=DIRECTION('',(0.,1.,0.));
#3658=DIRECTION('',(0.,0.,1.));
#3659=DIRECTION('',(-1.,0.,0.));
#3660=DIRECTION('',(0.,0.,1.));
#3661=DIRECTION('',(1.,0.,0.));
#3662=DIRECTION('',(0.,-1.,0.));
#3663=DIRECTION('',(1.,0.,0.));
#3664=DIRECTION('',(0.,0.,1.));
#3665=DIRECTION('',(1.,0.,0.));
#3666=DIRECTION('',(0.,0.,1.));
#3667=DIRECTION('',(0.,-1.,0.));
#3668=DIRECTION('',(0.,0.,1.));
#3669=DIRECTION('',(0.,1.,0.));
#3670=DIRECTION('',(-1.,0.,0.));
#3671=DIRECTION('',(0.,0.,1.));
#3672=DIRECTION('',(-1.,0.,0.));
#3673=DIRECTION('',(0.,1.,0.));
#3674=DIRECTION('',(-1.,0.,0.));
#3675=DIRECTION('',(0.,1.,0.));
#3676=DIRECTION('',(0.,0.,-1.));
#3677=DIRECTION('',(-1.,0.,0.));
#3678=DIRECTION('',(0.,0.,1.));
#3679=DIRECTION('',(0.,1.,0.));
#3680=DIRECTION('',(0.,0.,1.));
#3681=DIRECTION('',(-1.,0.,0.));
#3682=DIRECTION('',(0.,0.,1.));
#3683=DIRECTION('',(1.,0.,0.));
#3684=DIRECTION('',(0.,-1.,0.));
#3685=DIRECTION('',(1.,0.,0.));
#3686=DIRECTION('',(0.,0.,1.));
#3687=DIRECTION('',(1.,0.,0.));
#3688=DIRECTION('',(0.,0.,1.));
#3689=DIRECTION('',(0.,-1.,0.));
#3690=DIRECTION('',(0.,0.,1.));
#3691=DIRECTION('',(0.,1.,0.));
#3692=DIRECTION('',(-1.,0.,0.));
#3693=DIRECTION('',(0.,0.,1.));
#3694=DIRECTION('',(-1.,0.,0.));
#3695=DIRECTION('',(0.,1.,0.));
#3696=DIRECTION('',(-1.,0.,0.));
#3697=DIRECTION('',(0.,1.,0.));
#3698=DIRECTION('',(0.,0.,-1.));
#3699=DIRECTION('',(-1.,0.,0.));
#3700=DIRECTION('',(0.,0.,1.));
#3701=DIRECTION('',(0.,1.,0.));
#3702=DIRECTION('',(0.,0.,1.));
#3703=DIRECTION('',(-1.,0.,0.));
#3704=DIRECTION('',(0.,0.,1.));
#3705=DIRECTION('',(1.,0.,0.));
#3706=DIRECTION('',(0.,-1.,0.));
#3707=DIRECTION('',(1.,0.,0.));
#3708=DIRECTION('',(0.,0.,1.));
#3709=DIRECTION('',(1.,0.,0.));
#3710=DIRECTION('',(0.,0.,1.));
#3711=DIRECTION('',(0.,-1.,0.));
#3712=DIRECTION('',(0.,0.,1.));
#3713=DIRECTION('',(0.,1.,0.));
#3714=DIRECTION('',(-1.,0.,0.));
#3715=DIRECTION('',(0.,0.,1.));
#3716=DIRECTION('',(-1.,0.,0.));
#3717=DIRECTION('',(0.,1.,0.));
#3718=DIRECTION('',(-1.,0.,0.));
#3719=DIRECTION('',(0.,1.,0.));
#3720=DIRECTION('',(0.,0.,-1.));
#3721=DIRECTION('',(-1.,0.,0.));
#3722=DIRECTION('',(0.,0.,1.));
#3723=DIRECTION('',(0.,1.,0.));
#3724=DIRECTION('',(0.,0.,1.));
#3725=DIRECTION('',(-1.,0.,0.));
#3726=DIRECTION('',(0.,0.,1.));
#3727=DIRECTION('',(1.,0.,0.));
#3728=DIRECTION('',(0.,-1.,0.));
#3729=DIRECTION('',(1.,0.,0.));
#3730=DIRECTION('',(0.,0.,1.));
#3731=DIRECTION('',(1.,0.,0.));
#3732=DIRECTION('',(0.,0.,1.));
#3733=DIRECTION('',(0.,-1.,0.));
#3734=DIRECTION('',(0.,0.,1.));
#3735=DIRECTION('',(0.,1.,0.));
#3736=DIRECTION('',(-1.,0.,0.));
#3737=DIRECTION('',(0.,0.,1.));
#3738=DIRECTION('',(-1.,0.,0.));
#3739=DIRECTION('',(0.,1.,0.));
#3740=DIRECTION('',(-1.,0.,0.));
#3741=DIRECTION('',(0.,1.,0.));
#3742=DIRECTION('',(0.,0.,-1.));
#3743=DIRECTION('',(-1.,0.,0.));
#3744=DIRECTION('',(0.,0.,1.));
#3745=DIRECTION('',(0.,1.,0.));
#3746=DIRECTION('',(0.,0.,1.));
#3747=DIRECTION('',(-1.,0.,0.));
#3748=DIRECTION('',(0.,0.,1.));
#3749=DIRECTION('',(1.,0.,0.));
#3750=DIRECTION('',(0.,-1.,0.));
#3751=DIRECTION('',(1.,0.,0.));
#3752=DIRECTION('',(0.,0.,1.));
#3753=DIRECTION('',(1.,0.,0.));
#3754=DIRECTION('',(0.,0.,1.));
#3755=DIRECTION('',(0.,-1.,0.));
#3756=DIRECTION('',(0.,0.,1.));
#3757=DIRECTION('',(0.,1.,0.));
#3758=DIRECTION('',(-1.,0.,0.));
#3759=DIRECTION('',(0.,0.,1.));
#3760=DIRECTION('',(-1.,0.,0.));
#3761=DIRECTION('',(0.,-1.,0.));
#3762=DIRECTION('',(-1.,0.,0.));
#3763=DIRECTION('',(0.,1.,0.));
#3764=DIRECTION('',(0.,0.,-1.));
#3765=DIRECTION('',(-1.,0.,0.));
#3766=DIRECTION('',(0.,0.,-1.));
#3767=DIRECTION('',(0.,1.,0.));
#3768=DIRECTION('',(0.,0.,-1.));
#3769=DIRECTION('',(0.,1.,0.));
#3770=DIRECTION('',(1.,0.,0.));
#3771=DIRECTION('',(0.,0.,-1.));
#3772=DIRECTION('',(-1.,0.,0.));
#3773=DIRECTION('',(0.,1.,0.));
#3774=DIRECTION('',(-1.,0.,0.));
#3775=DIRECTION('',(0.,0.,-1.));
#3776=DIRECTION('',(-1.,0.,0.));
#3777=DIRECTION('',(0.,0.,1.));
#3778=DIRECTION('',(0.,-1.,0.));
#3779=DIRECTION('',(0.,0.,1.));
#3780=DIRECTION('',(-1.,0.,0.));
#3781=DIRECTION('',(0.,0.,1.));
#3782=DIRECTION('',(-1.,0.,0.));
#3783=DIRECTION('',(0.,-1.,0.));
#3784=DIRECTION('',(-1.,0.,0.));
#3785=DIRECTION('',(0.,1.,0.));
#3786=DIRECTION('',(0.,0.,-1.));
#3787=DIRECTION('',(-1.,0.,0.));
#3788=DIRECTION('',(0.,0.,-1.));
#3789=DIRECTION('',(0.,1.,0.));
#3790=DIRECTION('',(0.,0.,-1.));
#3791=DIRECTION('',(0.,1.,0.));
#3792=DIRECTION('',(1.,0.,0.));
#3793=DIRECTION('',(0.,0.,-1.));
#3794=DIRECTION('',(-1.,0.,0.));
#3795=DIRECTION('',(0.,1.,0.));
#3796=DIRECTION('',(-1.,0.,0.));
#3797=DIRECTION('',(0.,0.,-1.));
#3798=DIRECTION('',(-1.,0.,0.));
#3799=DIRECTION('',(0.,0.,1.));
#3800=DIRECTION('',(0.,-1.,0.));
#3801=DIRECTION('',(0.,0.,1.));
#3802=DIRECTION('',(-1.,0.,0.));
#3803=DIRECTION('',(0.,0.,1.));
#3804=DIRECTION('',(-1.,0.,0.));
#3805=DIRECTION('',(0.,-1.,0.));
#3806=DIRECTION('',(-1.,0.,0.));
#3807=DIRECTION('',(0.,1.,0.));
#3808=DIRECTION('',(0.,0.,-1.));
#3809=DIRECTION('',(-1.,0.,0.));
#3810=DIRECTION('',(0.,0.,-1.));
#3811=DIRECTION('',(0.,1.,0.));
#3812=DIRECTION('',(0.,0.,-1.));
#3813=DIRECTION('',(0.,1.,0.));
#3814=DIRECTION('',(1.,0.,0.));
#3815=DIRECTION('',(0.,0.,-1.));
#3816=DIRECTION('',(-1.,0.,0.));
#3817=DIRECTION('',(0.,1.,0.));
#3818=DIRECTION('',(-1.,0.,0.));
#3819=DIRECTION('',(0.,0.,-1.));
#3820=DIRECTION('',(-1.,0.,0.));
#3821=DIRECTION('',(0.,0.,1.));
#3822=DIRECTION('',(0.,-1.,0.));
#3823=DIRECTION('',(0.,0.,1.));
#3824=DIRECTION('',(-1.,0.,0.));
#3825=DIRECTION('',(0.,0.,1.));
#3826=DIRECTION('',(-1.,0.,0.));
#3827=DIRECTION('',(0.,-1.,0.));
#3828=DIRECTION('',(-1.,0.,0.));
#3829=DIRECTION('',(0.,1.,0.));
#3830=DIRECTION('',(0.,0.,-1.));
#3831=DIRECTION('',(-1.,0.,0.));
#3832=DIRECTION('',(0.,0.,-1.));
#3833=DIRECTION('',(0.,1.,0.));
#3834=DIRECTION('',(0.,0.,-1.));
#3835=DIRECTION('',(0.,1.,0.));
#3836=DIRECTION('',(1.,0.,0.));
#3837=DIRECTION('',(0.,0.,-1.));
#3838=DIRECTION('',(-1.,0.,0.));
#3839=DIRECTION('',(0.,1.,0.));
#3840=DIRECTION('',(-1.,0.,0.));
#3841=DIRECTION('',(0.,0.,-1.));
#3842=DIRECTION('',(-1.,0.,0.));
#3843=DIRECTION('',(0.,0.,1.));
#3844=DIRECTION('',(0.,-1.,0.));
#3845=DIRECTION('',(0.,0.,1.));
#3846=DIRECTION('',(-1.,0.,0.));
#3847=DIRECTION('',(0.,0.,1.));
#3848=DIRECTION('',(-1.,0.,0.));
#3849=DIRECTION('',(0.,-1.,0.));
#3850=DIRECTION('',(-1.,0.,0.));
#3851=DIRECTION('',(0.,1.,0.));
#3852=DIRECTION('',(0.,0.,-1.));
#3853=DIRECTION('',(-1.,0.,0.));
#3854=DIRECTION('',(0.,0.,-1.));
#3855=DIRECTION('',(0.,1.,0.));
#3856=DIRECTION('',(0.,0.,-1.));
#3857=DIRECTION('',(0.,1.,0.));
#3858=DIRECTION('',(1.,0.,0.));
#3859=DIRECTION('',(0.,0.,-1.));
#3860=DIRECTION('',(-1.,0.,0.));
#3861=DIRECTION('',(0.,1.,0.));
#3862=DIRECTION('',(-1.,0.,0.));
#3863=DIRECTION('',(0.,0.,-1.));
#3864=DIRECTION('',(-1.,0.,0.));
#3865=DIRECTION('',(0.,0.,1.));
#3866=DIRECTION('',(0.,-1.,0.));
#3867=DIRECTION('',(0.,0.,1.));
#3868=DIRECTION('',(-1.,0.,0.));
#3869=DIRECTION('',(0.,0.,1.));
#3870=DIRECTION('',(-1.,0.,0.));
#3871=DIRECTION('',(0.,-1.,0.));
#3872=DIRECTION('',(-1.,0.,0.));
#3873=DIRECTION('',(0.,1.,0.));
#3874=DIRECTION('',(0.,0.,-1.));
#3875=DIRECTION('',(-1.,0.,0.));
#3876=DIRECTION('',(0.,0.,-1.));
#3877=DIRECTION('',(0.,1.,0.));
#3878=DIRECTION('',(0.,0.,-1.));
#3879=DIRECTION('',(0.,1.,0.));
#3880=DIRECTION('',(1.,0.,0.));
#3881=DIRECTION('',(0.,0.,-1.));
#3882=DIRECTION('',(-1.,0.,0.));
#3883=DIRECTION('',(0.,1.,0.));
#3884=DIRECTION('',(-1.,0.,0.));
#3885=DIRECTION('',(0.,0.,-1.));
#3886=DIRECTION('',(-1.,0.,0.));
#3887=DIRECTION('',(0.,0.,1.));
#3888=DIRECTION('',(0.,-1.,0.));
#3889=DIRECTION('',(0.,0.,1.));
#3890=DIRECTION('',(-1.,0.,0.));
#3891=DIRECTION('',(0.,0.,1.));
#3892=DIRECTION('',(-1.,0.,0.));
#3893=DIRECTION('',(0.,-1.,0.));
#3894=DIRECTION('',(-1.,0.,0.));
#3895=DIRECTION('',(0.,1.,0.));
#3896=DIRECTION('',(0.,0.,-1.));
#3897=DIRECTION('',(-1.,0.,0.));
#3898=DIRECTION('',(0.,0.,-1.));
#3899=DIRECTION('',(0.,1.,0.));
#3900=DIRECTION('',(0.,0.,-1.));
#3901=DIRECTION('',(0.,1.,0.));
#3902=DIRECTION('',(1.,0.,0.));
#3903=DIRECTION('',(0.,0.,-1.));
#3904=DIRECTION('',(-1.,0.,0.));
#3905=DIRECTION('',(0.,-1.,0.));
#3906=DIRECTION('',(-1.,0.,0.));
#3907=DIRECTION('',(0.,0.,-1.));
#3908=DIRECTION('',(-1.,0.,0.));
#3909=DIRECTION('',(0.,0.,-1.));
#3910=DIRECTION('',(0.,-1.,0.));
#3911=DIRECTION('',(0.,0.,-1.));
#3912=DIRECTION('',(0.,1.,0.));
#3913=DIRECTION('',(1.,0.,0.));
#3914=DIRECTION('',(0.,0.,-1.));
#3915=DIRECTION('',(0.,-1.,0.));
#3916=DIRECTION('',(1.,0.,0.));
#3917=DIRECTION('',(0.,-1.,0.));
#3918=DIRECTION('',(1.,0.,0.));
#3919=DIRECTION('',(0.,1.,0.));
#3920=DIRECTION('',(0.,0.,1.));
#3921=DIRECTION('',(0.,-1.,0.));
#3922=DIRECTION('',(1.,0.,0.));
#3923=DIRECTION('',(0.,-1.,0.));
#3924=DIRECTION('',(1.,0.,0.));
#3925=DIRECTION('',(0.,1.,0.));
#3926=DIRECTION('',(0.,0.,1.));
#3927=DIRECTION('',(0.,-1.,0.));
#3928=DIRECTION('',(0.999999999999999,0.,0.));
#3929=DIRECTION('',(0.,-1.,0.));
#3930=DIRECTION('',(0.,-1.,0.));
#3931=DIRECTION('',(0.999999999999999,0.,0.));
#3932=DIRECTION('',(0.,1.,0.));
#3933=DIRECTION('',(0.,1.,0.));
#3934=DIRECTION('',(0.,0.,1.));
#3935=DIRECTION('',(-0.804034784049989,0.,-0.594582261791997));
#3936=DIRECTION('',(0.,-1.,0.));
#3937=DIRECTION('',(-0.804034784049989,0.,-0.594582261791997));
#3938=DIRECTION('',(0.594582261791997,0.,-0.804034784049989));
#3939=DIRECTION('',(-0.80403478404999,0.,-0.594582261791997));
#3940=DIRECTION('',(0.,-1.,0.));
#3941=DIRECTION('',(1.,0.,0.));
#3942=DIRECTION('',(0.,-1.,0.));
#3943=DIRECTION('',(1.,0.,0.));
#3944=DIRECTION('',(0.,1.,0.));
#3945=DIRECTION('',(0.,0.,1.));
#3946=DIRECTION('',(0.,-1.,0.));
#3947=DIRECTION('',(0.,0.,0.999999999999999));
#3948=DIRECTION('',(0.,-1.,0.));
#3949=DIRECTION('',(0.,0.,0.999999999999999));
#3950=DIRECTION('',(0.,-1.,0.));
#3951=DIRECTION('',(0.,0.,0.999999999999999));
#3952=DIRECTION('',(0.,-1.,0.));
#3953=DIRECTION('',(0.,0.,0.999999999999999));
#3954=DIRECTION('',(0.,-1.,0.));
#3955=DIRECTION('',(0.,0.,0.999999999999999));
#3956=DIRECTION('',(0.,-1.,0.));
#3957=DIRECTION('',(0.,0.,0.999999999999999));
#3958=DIRECTION('',(0.,-1.,0.));
#3959=DIRECTION('',(0.,0.,0.999999999999999));
#3960=DIRECTION('',(0.,-1.,0.));
#3961=DIRECTION('',(0.,0.,0.999999999999999));
#3962=DIRECTION('',(0.,-1.,0.));
#3963=DIRECTION('',(0.,0.,0.999999999999999));
#3964=DIRECTION('',(0.,-1.,0.));
#3965=DIRECTION('',(0.,0.,0.999999999999999));
#3966=DIRECTION('',(0.,-1.,0.));
#3967=DIRECTION('',(0.,0.,0.999999999999999));
#3968=DIRECTION('',(0.,-1.,0.));
#3969=DIRECTION('',(0.,0.,0.999999999999999));
#3970=DIRECTION('',(0.,-1.,0.));
#3971=DIRECTION('',(0.,0.,0.999999999999999));
#3972=DIRECTION('',(0.,-1.,0.));
#3973=DIRECTION('',(0.,0.,0.999999999999999));
#3974=DIRECTION('',(0.,-1.,0.));
#3975=DIRECTION('',(0.,0.,0.999999999999999));
#3976=DIRECTION('',(0.,-1.,0.));
#3977=DIRECTION('',(0.,0.,0.999999999999999));
#3978=DIRECTION('',(0.,-1.,0.));
#3979=DIRECTION('',(0.,0.,0.999999999999999));
#3980=DIRECTION('',(0.,-1.,0.));
#3981=DIRECTION('',(0.,0.,0.999999999999999));
#3982=DIRECTION('',(0.,-1.,0.));
#3983=DIRECTION('',(0.,0.,0.999999999999999));
#3984=DIRECTION('',(0.,-1.,0.));
#3985=DIRECTION('',(0.,0.,0.999999999999999));
#3986=DIRECTION('',(0.,-1.,0.));
#3987=DIRECTION('',(0.,0.,1.));
#3988=DIRECTION('',(0.,-1.,0.));
#3989=DIRECTION('',(0.,0.,1.));
#3990=DIRECTION('',(0.,-1.,0.));
#3991=DIRECTION('',(0.,0.,0.999999999999999));
#3992=DIRECTION('',(0.,-1.,0.));
#3993=DIRECTION('',(0.,0.,0.999999999999999));
#3994=DIRECTION('',(0.,-1.,0.));
#3995=DIRECTION('',(0.,0.,0.999999999999999));
#3996=DIRECTION('',(0.,-1.,0.));
#3997=DIRECTION('',(0.,0.,0.999999999999999));
#3998=DIRECTION('',(0.,-1.,0.));
#3999=DIRECTION('',(0.,0.,0.999999999999999));
#4000=DIRECTION('',(0.,-1.,0.));
#4001=DIRECTION('',(0.,0.,0.999999999999999));
#4002=DIRECTION('',(0.,-1.,0.));
#4003=DIRECTION('',(0.,0.,0.999999999999999));
#4004=DIRECTION('',(0.,-1.,0.));
#4005=DIRECTION('',(0.,0.,0.999999999999999));
#4006=DIRECTION('',(0.,-1.,0.));
#4007=DIRECTION('',(0.,0.,0.999999999999999));
#4008=DIRECTION('',(0.,-1.,0.));
#4009=DIRECTION('',(0.,0.,0.999999999999999));
#4010=DIRECTION('',(0.,-1.,0.));
#4011=DIRECTION('',(0.,0.,0.999999999999999));
#4012=DIRECTION('',(0.,-1.,0.));
#4013=DIRECTION('',(0.,0.,0.999999999999999));
#4014=DIRECTION('',(0.,-1.,0.));
#4015=DIRECTION('',(0.,0.,0.999999999999999));
#4016=DIRECTION('',(0.,-1.,0.));
#4017=DIRECTION('',(0.,0.,0.999999999999999));
#4018=DIRECTION('',(0.,-1.,0.));
#4019=DIRECTION('',(0.,0.,0.999999999999999));
#4020=DIRECTION('',(0.,-1.,0.));
#4021=DIRECTION('',(0.,0.,0.999999999999999));
#4022=DIRECTION('',(0.,-1.,0.));
#4023=DIRECTION('',(0.,0.,0.999999999999999));
#4024=DIRECTION('',(0.,-1.,0.));
#4025=DIRECTION('',(0.,0.,0.999999999999999));
#4026=DIRECTION('',(0.,-1.,0.));
#4027=DIRECTION('',(0.,0.,0.999999999999999));
#4028=DIRECTION('',(0.,-1.,0.));
#4029=DIRECTION('',(0.,0.,0.999999999999999));
#4030=DIRECTION('',(0.,1.,0.));
#4031=DIRECTION('',(0.,0.,1.));
#4032=DIRECTION('',(0.,1.,0.));
#4033=DIRECTION('',(0.,0.,1.));
#4034=DIRECTION('',(0.,1.,0.));
#4035=DIRECTION('',(0.,0.,1.));
#4036=DIRECTION('',(0.,1.,0.));
#4037=DIRECTION('',(0.,0.,1.));
#4038=DIRECTION('',(0.,1.,0.));
#4039=DIRECTION('',(0.,0.,1.));
#4040=DIRECTION('',(0.,1.,0.));
#4041=DIRECTION('',(0.,0.,1.));
#4042=DIRECTION('',(0.,1.,0.));
#4043=DIRECTION('',(0.,0.,1.));
#4044=DIRECTION('',(0.,1.,0.));
#4045=DIRECTION('',(0.,0.,1.));
#4046=DIRECTION('',(0.,1.,0.));
#4047=DIRECTION('',(0.,0.,1.));
#4048=DIRECTION('',(0.,1.,0.));
#4049=DIRECTION('',(0.,0.,1.));
#4050=DIRECTION('',(0.,1.,0.));
#4051=DIRECTION('',(0.,0.,0.999999999999999));
#4052=DIRECTION('',(0.,1.,0.));
#4053=DIRECTION('',(0.,0.,0.999999999999999));
#4054=DIRECTION('',(0.,1.,0.));
#4055=DIRECTION('',(0.,0.,0.999999999999999));
#4056=DIRECTION('',(0.,1.,0.));
#4057=DIRECTION('',(0.,0.,0.999999999999999));
#4058=DIRECTION('',(0.,1.,0.));
#4059=DIRECTION('',(0.,0.,0.999999999999999));
#4060=DIRECTION('',(0.,1.,0.));
#4061=DIRECTION('',(0.,0.,0.999999999999999));
#4062=DIRECTION('',(0.,1.,0.));
#4063=DIRECTION('',(0.,0.,0.999999999999999));
#4064=DIRECTION('',(0.,1.,0.));
#4065=DIRECTION('',(0.,0.,0.999999999999999));
#4066=DIRECTION('',(0.,1.,0.));
#4067=DIRECTION('',(0.,0.,0.999999999999999));
#4068=DIRECTION('',(0.,1.,0.));
#4069=DIRECTION('',(0.,0.,0.999999999999999));
#4070=DIRECTION('',(0.,1.,0.));
#4071=DIRECTION('',(0.,0.,0.999999999999999));
#4072=DIRECTION('',(0.,1.,0.));
#4073=DIRECTION('',(0.,0.,0.999999999999999));
#4074=DIRECTION('',(0.,1.,0.));
#4075=DIRECTION('',(0.,0.,0.999999999999999));
#4076=DIRECTION('',(0.,1.,0.));
#4077=DIRECTION('',(0.,0.,0.999999999999999));
#4078=DIRECTION('',(0.,1.,0.));
#4079=DIRECTION('',(0.,0.,0.999999999999999));
#4080=DIRECTION('',(0.,1.,0.));
#4081=DIRECTION('',(0.,0.,0.999999999999999));
#4082=DIRECTION('',(0.,1.,0.));
#4083=DIRECTION('',(0.,0.,0.999999999999999));
#4084=DIRECTION('',(0.,1.,0.));
#4085=DIRECTION('',(0.,0.,0.999999999999999));
#4086=DIRECTION('',(0.,1.,0.));
#4087=DIRECTION('',(0.,0.,0.999999999999999));
#4088=DIRECTION('',(0.,1.,0.));
#4089=DIRECTION('',(0.,0.,0.999999999999999));
#4090=DIRECTION('',(0.,1.,0.));
#4091=DIRECTION('',(0.,0.,0.999999999999999));
#4092=DIRECTION('',(0.,1.,0.));
#4093=DIRECTION('',(0.,0.,1.));
#4094=DIRECTION('',(0.,1.,0.));
#4095=DIRECTION('',(0.,0.,1.));
#4096=DIRECTION('',(0.,1.,0.));
#4097=DIRECTION('',(0.,0.,0.999999999999999));
#4098=DIRECTION('',(0.,1.,0.));
#4099=DIRECTION('',(0.,0.,0.999999999999999));
#4100=DIRECTION('',(0.,1.,0.));
#4101=DIRECTION('',(0.,0.,0.999999999999999));
#4102=DIRECTION('',(0.,1.,0.));
#4103=DIRECTION('',(0.,0.,0.999999999999999));
#4104=DIRECTION('',(0.,1.,0.));
#4105=DIRECTION('',(0.,0.,0.999999999999999));
#4106=DIRECTION('',(0.,1.,0.));
#4107=DIRECTION('',(0.,0.,0.999999999999999));
#4108=DIRECTION('',(0.,1.,0.));
#4109=DIRECTION('',(0.,0.,0.999999999999999));
#4110=DIRECTION('',(0.,1.,0.));
#4111=DIRECTION('',(0.,0.,0.999999999999999));
#4112=DIRECTION('',(0.,1.,0.));
#4113=DIRECTION('',(0.,0.,0.999999999999999));
#4114=DIRECTION('',(0.,1.,0.));
#4115=DIRECTION('',(0.,0.,0.999999999999999));
#4116=DIRECTION('',(0.,1.,0.));
#4117=DIRECTION('',(0.,0.,0.999999999999999));
#4118=DIRECTION('',(0.,1.,0.));
#4119=DIRECTION('',(0.,0.,0.999999999999999));
#4120=DIRECTION('',(0.,1.,0.));
#4121=DIRECTION('',(0.,0.,0.999999999999999));
#4122=DIRECTION('',(0.,1.,0.));
#4123=DIRECTION('',(0.,0.,0.999999999999999));
#4124=DIRECTION('',(0.,1.,0.));
#4125=DIRECTION('',(0.,0.,0.999999999999999));
#4126=DIRECTION('',(0.,1.,0.));
#4127=DIRECTION('',(0.,0.,0.999999999999999));
#4128=DIRECTION('',(0.,1.,0.));
#4129=DIRECTION('',(0.,0.,0.999999999999999));
#4130=DIRECTION('',(0.,1.,0.));
#4131=DIRECTION('',(0.,0.,0.999999999999999));
#4132=DIRECTION('',(0.,1.,0.));
#4133=DIRECTION('',(0.,0.,0.999999999999999));
#4134=DIRECTION('',(0.,-1.,0.));
#4135=DIRECTION('',(0.,0.,1.));
#4136=DIRECTION('',(0.,-1.,0.));
#4137=DIRECTION('',(0.,0.,1.));
#4138=DIRECTION('',(0.,-1.,0.));
#4139=DIRECTION('',(0.,0.,1.));
#4140=DIRECTION('',(0.,-1.,0.));
#4141=DIRECTION('',(0.,0.,1.));
#4142=DIRECTION('',(0.,-1.,0.));
#4143=DIRECTION('',(0.,0.,1.));
#4144=DIRECTION('',(0.,-1.,0.));
#4145=DIRECTION('',(0.,0.,1.));
#4146=DIRECTION('',(0.,-1.,0.));
#4147=DIRECTION('',(0.,0.,1.));
#4148=DIRECTION('',(0.,-1.,0.));
#4149=DIRECTION('',(0.,0.,1.));
#4150=DIRECTION('',(0.,-1.,0.));
#4151=DIRECTION('',(0.,0.,1.));
#4152=DIRECTION('',(0.,1.,0.));
#4153=DIRECTION('',(0.,0.,1.));
#4154=DIRECTION('',(0.,-1.,0.));
#4155=DIRECTION('',(0.,0.,-0.999999999999999));
#4156=DIRECTION('',(0.,-1.,0.));
#4157=DIRECTION('',(0.,0.,-1.));
#4158=DIRECTION('',(0.,1.,0.));
#4159=DIRECTION('',(0.,0.,1.));
#4160=DIRECTION('',(0.,1.,0.));
#4161=DIRECTION('',(0.,0.,1.));
#4162=DIRECTION('',(0.,-1.,0.));
#4163=DIRECTION('',(0.,0.,-1.));
#4164=DIRECTION('',(0.,-1.,0.));
#4165=DIRECTION('',(0.,0.,-1.));
#4166=DIRECTION('',(0.,-1.,0.));
#4167=DIRECTION('',(0.,0.,-1.));
#4168=DIRECTION('',(0.,-1.,0.));
#4169=DIRECTION('',(0.,0.,-1.));
#4170=DIRECTION('',(0.,-1.,0.));
#4171=DIRECTION('',(0.,0.,-1.));
#4172=DIRECTION('',(0.,-1.,0.));
#4173=DIRECTION('',(0.,0.,-0.999999999999999));
#4174=DIRECTION('',(0.,-1.,0.));
#4175=DIRECTION('',(0.,0.,-0.999999999999999));
#4176=DIRECTION('',(0.,1.,0.));
#4177=DIRECTION('',(0.,0.,0.999999999999999));
#4178=DIRECTION('',(0.,1.,0.));
#4179=DIRECTION('',(0.,0.,0.999999999999999));
#4180=DIRECTION('',(0.,1.,0.));
#4181=DIRECTION('',(0.,0.,0.999999999999999));
#4182=DIRECTION('',(0.,1.,0.));
#4183=DIRECTION('',(0.,0.,0.999999999999999));
#4184=DIRECTION('',(0.,1.,0.));
#4185=DIRECTION('',(0.,0.,0.999999999999999));
#4186=DIRECTION('',(0.,1.,0.));
#4187=DIRECTION('',(0.,0.,0.999999999999999));
#4188=DIRECTION('',(0.,1.,0.));
#4189=DIRECTION('',(0.,0.,0.999999999999999));
#4190=DIRECTION('',(0.,1.,0.));
#4191=DIRECTION('',(0.,0.,0.999999999999999));
#4192=DIRECTION('',(0.,1.,0.));
#4193=DIRECTION('',(0.,0.,0.999999999999999));
#4194=DIRECTION('',(0.,1.,0.));
#4195=DIRECTION('',(0.,0.,0.999999999999999));
#4196=DIRECTION('',(0.,1.,0.));
#4197=DIRECTION('',(0.,0.,0.999999999999999));
#4198=DIRECTION('',(0.,1.,0.));
#4199=DIRECTION('',(0.,0.,0.999999999999999));
#4200=DIRECTION('',(0.,1.,0.));
#4201=DIRECTION('',(0.,0.,0.999999999999999));
#4202=DIRECTION('',(0.,1.,0.));
#4203=DIRECTION('',(0.,0.,0.999999999999999));
#4204=DIRECTION('',(0.,1.,0.));
#4205=DIRECTION('',(0.,0.,0.999999999999999));
#4206=DIRECTION('',(0.,1.,0.));
#4207=DIRECTION('',(0.,0.,0.999999999999999));
#4208=DIRECTION('',(0.,1.,0.));
#4209=DIRECTION('',(0.,0.,0.999999999999999));
#4210=DIRECTION('',(0.,1.,0.));
#4211=DIRECTION('',(0.,0.,0.999999999999999));
#4212=DIRECTION('',(0.,1.,0.));
#4213=DIRECTION('',(0.,0.,0.999999999999999));
#4214=DIRECTION('',(0.,1.,0.));
#4215=DIRECTION('',(0.,0.,1.));
#4216=DIRECTION('',(0.,1.,0.));
#4217=DIRECTION('',(0.,0.,1.));
#4218=DIRECTION('',(0.,1.,0.));
#4219=DIRECTION('',(0.,0.,0.999999999999999));
#4220=DIRECTION('',(0.,1.,0.));
#4221=DIRECTION('',(0.,0.,0.999999999999999));
#4222=DIRECTION('',(0.,1.,0.));
#4223=DIRECTION('',(0.,0.,0.999999999999999));
#4224=DIRECTION('',(0.,1.,0.));
#4225=DIRECTION('',(0.,0.,0.999999999999999));
#4226=DIRECTION('',(0.,1.,0.));
#4227=DIRECTION('',(0.,0.,0.999999999999999));
#4228=DIRECTION('',(0.,1.,0.));
#4229=DIRECTION('',(0.,0.,0.999999999999999));
#4230=DIRECTION('',(0.,1.,0.));
#4231=DIRECTION('',(0.,0.,0.999999999999999));
#4232=DIRECTION('',(0.,1.,0.));
#4233=DIRECTION('',(0.,0.,0.999999999999999));
#4234=DIRECTION('',(0.,1.,0.));
#4235=DIRECTION('',(0.,0.,0.999999999999999));
#4236=DIRECTION('',(0.,1.,0.));
#4237=DIRECTION('',(0.,0.,0.999999999999999));
#4238=DIRECTION('',(0.,1.,0.));
#4239=DIRECTION('',(0.,0.,0.999999999999999));
#4240=DIRECTION('',(0.,1.,0.));
#4241=DIRECTION('',(0.,0.,0.999999999999999));
#4242=DIRECTION('',(0.,1.,0.));
#4243=DIRECTION('',(0.,0.,0.999999999999999));
#4244=DIRECTION('',(0.,1.,0.));
#4245=DIRECTION('',(0.,0.,0.999999999999999));
#4246=DIRECTION('',(0.,1.,0.));
#4247=DIRECTION('',(0.,0.,0.999999999999999));
#4248=DIRECTION('',(0.,1.,0.));
#4249=DIRECTION('',(0.,0.,0.999999999999999));
#4250=DIRECTION('',(0.,1.,0.));
#4251=DIRECTION('',(0.,0.,0.999999999999999));
#4252=DIRECTION('',(0.,1.,0.));
#4253=DIRECTION('',(0.,0.,0.999999999999999));
#4254=DIRECTION('',(0.,1.,0.));
#4255=DIRECTION('',(0.,0.,0.999999999999999));
#4256=CARTESIAN_POINT('',(0.,0.,0.));
#4257=CARTESIAN_POINT('',(47.5,0.,32.0532486889354));
#4258=CARTESIAN_POINT('',(47.5,0.,26.7617460668062));
#4259=CARTESIAN_POINT('',(47.5,0.,-33.5));
#4260=CARTESIAN_POINT('',(47.5,-3.,-33.5));
#4261=CARTESIAN_POINT('',(47.5,-3.,-33.5));
#4262=CARTESIAN_POINT('',(47.5,-3.,32.0532486889354));
#4263=CARTESIAN_POINT('',(47.5,-3.,26.7617460668062));
#4264=CARTESIAN_POINT('',(47.5,0.,26.7617460668062));
#4265=CARTESIAN_POINT('',(47.5,-3.,32.0532486889354));
#4266=CARTESIAN_POINT('',(47.5,-3.,-37.5));
#4267=CARTESIAN_POINT('',(43.5,-3.,-37.5));
#4268=CARTESIAN_POINT('',(-27.,-3.,-37.4999999999998));
#4269=CARTESIAN_POINT('',(43.5,0.,-37.5));
#4270=CARTESIAN_POINT('',(43.5,0.,-37.5));
#4271=CARTESIAN_POINT('',(47.5,0.,-37.5));
#4272=CARTESIAN_POINT('',(-27.,0.,-37.4999999999998));
#4273=CARTESIAN_POINT('',(-27.,-3.,-37.4999999999998));
#4274=CARTESIAN_POINT('',(47.5,-3.,-37.5));
#4275=CARTESIAN_POINT('',(-27.,0.,-33.4999999999998));
#4276=CARTESIAN_POINT('',(-31.,0.,-33.4999999999998));
#4277=CARTESIAN_POINT('',(-31.,-3.,-33.4999999999998));
#4278=CARTESIAN_POINT('',(-31.,-3.,-33.4999999999998));
#4279=CARTESIAN_POINT('',(-27.,-3.,-33.4999999999998));
#4280=CARTESIAN_POINT('',(-27.,-3.,-33.4999999999998));
#4281=CARTESIAN_POINT('',(-35.,0.,-33.5));
#4282=CARTESIAN_POINT('',(-39.,0.,-33.5));
#4283=CARTESIAN_POINT('',(-39.,-3.,-33.5));
#4284=CARTESIAN_POINT('',(-39.,-3.,-33.5));
#4285=CARTESIAN_POINT('',(-35.,-3.,-33.5));
#4286=CARTESIAN_POINT('',(-35.,-3.,-33.5));
#4287=CARTESIAN_POINT('',(-43.,0.,-33.5));
#4288=CARTESIAN_POINT('',(-43.,0.,-37.5));
#4289=CARTESIAN_POINT('',(-43.,-3.,-37.5));
#4290=CARTESIAN_POINT('',(-43.,-3.,-37.5));
#4291=CARTESIAN_POINT('',(-43.,-3.,-33.5));
#4292=CARTESIAN_POINT('',(-43.,-3.,-33.5));
#4293=CARTESIAN_POINT('',(-43.,0.,-37.5));
#4294=CARTESIAN_POINT('',(-43.5,0.,-37.5));
#4295=CARTESIAN_POINT('',(-43.5,-3.,-37.5));
#4296=CARTESIAN_POINT('',(-43.5,-3.,-37.5));
#4297=CARTESIAN_POINT('',(-43.,-3.,-37.5));
#4298=CARTESIAN_POINT('',(-43.,-3.,-37.5));
#4299=CARTESIAN_POINT('',(-47.5,0.,-37.5));
#4300=CARTESIAN_POINT('',(-47.5,0.,-33.5));
#4301=CARTESIAN_POINT('',(-47.5,0.,1.27290536219543));
#4302=CARTESIAN_POINT('',(-47.5,-3.,1.27290536219543));
#4303=CARTESIAN_POINT('',(-47.5,-3.,1.27290536219543));
#4304=CARTESIAN_POINT('',(-47.5,-3.,-37.5));
#4305=CARTESIAN_POINT('',(-47.5,-3.,-33.5));
#4306=CARTESIAN_POINT('',(-47.5,0.,-33.5));
#4307=CARTESIAN_POINT('',(-47.5,-3.,-37.5));
#4308=CARTESIAN_POINT('',(-47.5,-3.,2.28136356885629));
#4309=CARTESIAN_POINT('',(-46.689164523584,-3.,2.88097493029541));
#4310=CARTESIAN_POINT('',(-32.621670952832,-3.,13.2838608638001));
#4311=CARTESIAN_POINT('',(-46.689164523584,0.,2.88097493029541));
#4312=CARTESIAN_POINT('',(-46.689164523584,0.,2.88097493029541));
#4313=CARTESIAN_POINT('',(-47.5,0.,2.28136356885629));
#4314=CARTESIAN_POINT('',(-32.621670952832,0.,13.2838608638001));
#4315=CARTESIAN_POINT('',(-32.621670952832,-3.,13.2838608638001));
#4316=CARTESIAN_POINT('',(-47.5,-3.,2.28136356885629));
#4317=CARTESIAN_POINT('',(-35.,0.,16.5));
#4318=CARTESIAN_POINT('',(-32.6216709528275,0.,19.7161391361966));
#4319=CARTESIAN_POINT('',(-32.6216709528275,-3.,19.7161391361966));
#4320=CARTESIAN_POINT('',(-32.6216709528275,-3.,19.7161391361966));
#4321=CARTESIAN_POINT('',(-35.,-3.,16.5));
#4322=CARTESIAN_POINT('',(-35.,-3.,16.5));
#4323=CARTESIAN_POINT('',(-32.6216709528321,0.,19.7161391361998));
#4324=CARTESIAN_POINT('',(-46.689164523584,0.,30.1190250697046));
#4325=CARTESIAN_POINT('',(-46.689164523584,-3.,30.1190250697046));
#4326=CARTESIAN_POINT('',(-46.689164523584,-3.,30.1190250697046));
#4327=CARTESIAN_POINT('',(-32.6216709528321,-3.,19.7161391361998));
#4328=CARTESIAN_POINT('',(-32.6216709528321,-3.,19.7161391361998));
#4329=CARTESIAN_POINT('',(-47.5,-3.,30.7186364311437));
#4330=CARTESIAN_POINT('',(-47.5,-3.,31.7270946378045));
#4331=CARTESIAN_POINT('',(-47.5,-3.,33.5));
#4332=CARTESIAN_POINT('',(-47.5,-8.67361737988404E-16,31.7270946378045));
#4333=CARTESIAN_POINT('',(-47.5,0.,31.7270946378045));
#4334=CARTESIAN_POINT('',(-47.5,0.,30.7186364311437));
#4335=CARTESIAN_POINT('',(-47.5,0.,33.5));
#4336=CARTESIAN_POINT('',(-47.5,-3.,33.5));
#4337=CARTESIAN_POINT('',(-47.5,-3.,30.7186364311437));
#4338=CARTESIAN_POINT('',(-47.5,0.,37.5));
#4339=CARTESIAN_POINT('',(-43.5,0.,37.5));
#4340=CARTESIAN_POINT('',(36.5903603748337,0.,37.5));
#4341=CARTESIAN_POINT('',(36.5903603748338,-3.,37.5));
#4342=CARTESIAN_POINT('',(36.5903603748337,-3.,37.5));
#4343=CARTESIAN_POINT('',(-47.5,-3.,37.5));
#4344=CARTESIAN_POINT('',(-43.5,-3.,37.5));
#4345=CARTESIAN_POINT('',(-43.5,0.,37.5));
#4346=CARTESIAN_POINT('',(-47.5,-3.,37.5));
#4347=CARTESIAN_POINT('',(-47.5,0.,8.49999999999998));
#4348=CARTESIAN_POINT('',(-47.5,0.,12.4664509382541));
#4349=CARTESIAN_POINT('',(-47.5,0.,20.5335490617459));
#4350=CARTESIAN_POINT('',(-47.5,-3.,20.5335490617459));
#4351=CARTESIAN_POINT('',(-47.5,-3.,20.5335490617459));
#4352=CARTESIAN_POINT('',(-47.5,-3.,8.49999999999998));
#4353=CARTESIAN_POINT('',(-47.5,-3.,12.4664509382541));
#4354=CARTESIAN_POINT('',(-47.5,0.,12.4664509382541));
#4355=CARTESIAN_POINT('',(-47.5,-3.,8.49999999999998));
#4356=CARTESIAN_POINT('',(-47.5,-3.,24.5));
#4357=CARTESIAN_POINT('',(-44.310835476416,-3.,22.1416186298459));
#4358=CARTESIAN_POINT('',(-41.0309362829659,-3.,19.7161391361999));
#4359=CARTESIAN_POINT('',(-44.310835476416,0.,22.1416186298459));
#4360=CARTESIAN_POINT('',(-44.310835476416,0.,22.1416186298459));
#4361=CARTESIAN_POINT('',(-47.5,0.,24.5));
#4362=CARTESIAN_POINT('',(-41.0309362829659,0.,19.7161391361999));
#4363=CARTESIAN_POINT('',(-41.0309362829659,-3.,19.7161391361999));
#4364=CARTESIAN_POINT('',(-47.5,-3.,24.5));
#4365=CARTESIAN_POINT('',(-43.4092653301339,0.,16.5));
#4366=CARTESIAN_POINT('',(-41.0309362829659,0.,13.2838608638));
#4367=CARTESIAN_POINT('',(-41.0309362829659,-3.,13.2838608638));
#4368=CARTESIAN_POINT('',(-41.0309362829659,-3.,13.2838608638));
#4369=CARTESIAN_POINT('',(-43.4092653301339,-3.,16.5));
#4370=CARTESIAN_POINT('',(-43.4092653301339,-3.,16.5));
#4371=CARTESIAN_POINT('',(-49.,-3.,-43.5));
#4372=CARTESIAN_POINT('',(-51.7999999999999,-3.,-43.5));
#4373=CARTESIAN_POINT('',(-41.,-3.,-43.5));
#4374=CARTESIAN_POINT('',(-51.7999999999999,-3.,-43.5));
#4375=CARTESIAN_POINT('',(-51.7999999999999,0.,-43.5));
#4376=CARTESIAN_POINT('',(-49.,0.,-43.5));
#4377=CARTESIAN_POINT('',(-41.,0.,-43.5));
#4378=CARTESIAN_POINT('',(-41.,-3.,-43.5));
#4379=CARTESIAN_POINT('',(-49.,-3.,-43.5));
#4380=CARTESIAN_POINT('',(-41.,0.,-43.5));
#4381=CARTESIAN_POINT('',(-41.,0.,-45.8));
#4382=CARTESIAN_POINT('',(-41.,-3.,-45.8));
#4383=CARTESIAN_POINT('',(-41.,-3.,-45.8));
#4384=CARTESIAN_POINT('',(-41.,-3.,-43.5));
#4385=CARTESIAN_POINT('',(-41.,-3.,-43.5));
#4386=CARTESIAN_POINT('',(-41.,0.,-46.5));
#4387=CARTESIAN_POINT('',(-40.3,0.,-46.5));
#4388=CARTESIAN_POINT('',(-34.7,0.,-46.5));
#4389=CARTESIAN_POINT('',(-34.7,-3.,-46.5));
#4390=CARTESIAN_POINT('',(-34.7,-3.,-46.5));
#4391=CARTESIAN_POINT('',(-41.,-3.,-46.5));
#4392=CARTESIAN_POINT('',(-40.3,-3.,-46.5));
#4393=CARTESIAN_POINT('',(-40.3,-3.,-46.5));
#4394=CARTESIAN_POINT('',(-41.,-3.,-46.5));
#4395=CARTESIAN_POINT('',(-34.,-3.,-46.5));
#4396=CARTESIAN_POINT('',(-34.,-3.,-45.8));
#4397=CARTESIAN_POINT('',(-34.,-3.,-43.5));
#4398=CARTESIAN_POINT('',(-34.,-3.,-45.8));
#4399=CARTESIAN_POINT('',(-34.,0.,-45.8));
#4400=CARTESIAN_POINT('',(-34.,0.,-46.5));
#4401=CARTESIAN_POINT('',(-34.,0.,-43.5));
#4402=CARTESIAN_POINT('',(-34.,-3.,-43.5));
#4403=CARTESIAN_POINT('',(-34.,-3.,-46.5));
#4404=CARTESIAN_POINT('',(-34.,0.,-43.5));
#4405=CARTESIAN_POINT('',(-26.,0.,-43.5));
#4406=CARTESIAN_POINT('',(-26.,-3.,-43.5));
#4407=CARTESIAN_POINT('',(-26.,-3.,-43.5));
#4408=CARTESIAN_POINT('',(-34.,-3.,-43.5));
#4409=CARTESIAN_POINT('',(-34.,-3.,-43.5));
#4410=CARTESIAN_POINT('',(-26.,0.,-43.5));
#4411=CARTESIAN_POINT('',(-26.,0.,-45.8));
#4412=CARTESIAN_POINT('',(-26.,-3.,-45.8));
#4413=CARTESIAN_POINT('',(-26.,-3.,-45.8));
#4414=CARTESIAN_POINT('',(-26.,-3.,-43.5));
#4415=CARTESIAN_POINT('',(-26.,-3.,-43.5));
#4416=CARTESIAN_POINT('',(-26.,0.,-46.5));
#4417=CARTESIAN_POINT('',(-25.3,0.,-46.5));
#4418=CARTESIAN_POINT('',(-19.7,0.,-46.5));
#4419=CARTESIAN_POINT('',(-19.7,-3.,-46.5));
#4420=CARTESIAN_POINT('',(-19.7,-3.,-46.5));
#4421=CARTESIAN_POINT('',(-26.,-3.,-46.5));
#4422=CARTESIAN_POINT('',(-25.3,-3.,-46.5));
#4423=CARTESIAN_POINT('',(-25.3,-3.,-46.5));
#4424=CARTESIAN_POINT('',(-26.,-3.,-46.5));
#4425=CARTESIAN_POINT('',(-19.,-3.,-46.5));
#4426=CARTESIAN_POINT('',(-19.,-3.,-45.8));
#4427=CARTESIAN_POINT('',(-19.,-3.,-43.5));
#4428=CARTESIAN_POINT('',(-19.,-3.,-45.8));
#4429=CARTESIAN_POINT('',(-19.,0.,-45.8));
#4430=CARTESIAN_POINT('',(-19.,0.,-46.5));
#4431=CARTESIAN_POINT('',(-19.,0.,-43.5));
#4432=CARTESIAN_POINT('',(-19.,-3.,-43.5));
#4433=CARTESIAN_POINT('',(-19.,-3.,-46.5));
#4434=CARTESIAN_POINT('',(-19.,0.,-43.5));
#4435=CARTESIAN_POINT('',(-11.,0.,-43.5));
#4436=CARTESIAN_POINT('',(-11.,-3.,-43.5));
#4437=CARTESIAN_POINT('',(-11.,-3.,-43.5));
#4438=CARTESIAN_POINT('',(-19.,-3.,-43.5));
#4439=CARTESIAN_POINT('',(-19.,-3.,-43.5));
#4440=CARTESIAN_POINT('',(-11.,0.,-43.5));
#4441=CARTESIAN_POINT('',(-11.,0.,-45.8));
#4442=CARTESIAN_POINT('',(-11.,-3.,-45.8));
#4443=CARTESIAN_POINT('',(-11.,-3.,-45.8));
#4444=CARTESIAN_POINT('',(-11.,-3.,-43.5));
#4445=CARTESIAN_POINT('',(-11.,-3.,-43.5));
#4446=CARTESIAN_POINT('',(-11.,0.,-46.5));
#4447=CARTESIAN_POINT('',(-10.3,0.,-46.5));
#4448=CARTESIAN_POINT('',(-4.7,0.,-46.5));
#4449=CARTESIAN_POINT('',(-4.7,-3.,-46.5));
#4450=CARTESIAN_POINT('',(-4.7,-3.,-46.5));
#4451=CARTESIAN_POINT('',(-11.,-3.,-46.5));
#4452=CARTESIAN_POINT('',(-10.3,-3.,-46.5));
#4453=CARTESIAN_POINT('',(-10.3,-3.,-46.5));
#4454=CARTESIAN_POINT('',(-11.,-3.,-46.5));
#4455=CARTESIAN_POINT('',(-4.,-3.,-46.5));
#4456=CARTESIAN_POINT('',(-4.,-3.,-45.8));
#4457=CARTESIAN_POINT('',(-4.,-3.,-43.5));
#4458=CARTESIAN_POINT('',(-4.,-3.,-45.8));
#4459=CARTESIAN_POINT('',(-4.,0.,-45.8));
#4460=CARTESIAN_POINT('',(-4.,0.,-46.5));
#4461=CARTESIAN_POINT('',(-4.,0.,-43.5));
#4462=CARTESIAN_POINT('',(-4.,-3.,-43.5));
#4463=CARTESIAN_POINT('',(-4.,-3.,-46.5));
#4464=CARTESIAN_POINT('',(-4.,0.,-43.5));
#4465=CARTESIAN_POINT('',(4.,0.,-43.5));
#4466=CARTESIAN_POINT('',(4.,-3.,-43.5));
#4467=CARTESIAN_POINT('',(4.,-3.,-43.5));
#4468=CARTESIAN_POINT('',(-4.,-3.,-43.5));
#4469=CARTESIAN_POINT('',(-4.,-3.,-43.5));
#4470=CARTESIAN_POINT('',(4.,0.,-43.5));
#4471=CARTESIAN_POINT('',(4.,0.,-45.8));
#4472=CARTESIAN_POINT('',(4.,-3.,-45.8));
#4473=CARTESIAN_POINT('',(4.,-3.,-45.8));
#4474=CARTESIAN_POINT('',(4.,-3.,-43.5));
#4475=CARTESIAN_POINT('',(4.,-3.,-43.5));
#4476=CARTESIAN_POINT('',(4.,0.,-46.5));
#4477=CARTESIAN_POINT('',(4.7,0.,-46.5));
#4478=CARTESIAN_POINT('',(10.3,0.,-46.5));
#4479=CARTESIAN_POINT('',(10.3,-3.,-46.5));
#4480=CARTESIAN_POINT('',(10.3,-3.,-46.5));
#4481=CARTESIAN_POINT('',(4.,-3.,-46.5));
#4482=CARTESIAN_POINT('',(4.7,-3.,-46.5));
#4483=CARTESIAN_POINT('',(4.7,-3.,-46.5));
#4484=CARTESIAN_POINT('',(4.,-3.,-46.5));
#4485=CARTESIAN_POINT('',(11.,-3.,-46.5));
#4486=CARTESIAN_POINT('',(11.,-3.,-45.8));
#4487=CARTESIAN_POINT('',(11.,-3.,-43.5));
#4488=CARTESIAN_POINT('',(11.,-3.,-45.8));
#4489=CARTESIAN_POINT('',(11.,0.,-45.8));
#4490=CARTESIAN_POINT('',(11.,0.,-46.5));
#4491=CARTESIAN_POINT('',(11.,0.,-43.5));
#4492=CARTESIAN_POINT('',(11.,-3.,-43.5));
#4493=CARTESIAN_POINT('',(11.,-3.,-46.5));
#4494=CARTESIAN_POINT('',(11.,0.,-43.5));
#4495=CARTESIAN_POINT('',(19.,0.,-43.5));
#4496=CARTESIAN_POINT('',(19.,-3.,-43.5));
#4497=CARTESIAN_POINT('',(19.,-3.,-43.5));
#4498=CARTESIAN_POINT('',(11.,-3.,-43.5));
#4499=CARTESIAN_POINT('',(11.,-3.,-43.5));
#4500=CARTESIAN_POINT('',(19.,0.,-43.5));
#4501=CARTESIAN_POINT('',(19.,0.,-45.8));
#4502=CARTESIAN_POINT('',(19.,-3.,-45.8));
#4503=CARTESIAN_POINT('',(19.,-3.,-45.8));
#4504=CARTESIAN_POINT('',(19.,-3.,-43.5));
#4505=CARTESIAN_POINT('',(19.,-3.,-43.5));
#4506=CARTESIAN_POINT('',(19.,0.,-46.5));
#4507=CARTESIAN_POINT('',(19.7,0.,-46.5));
#4508=CARTESIAN_POINT('',(25.3,0.,-46.5));
#4509=CARTESIAN_POINT('',(25.3,-3.,-46.5));
#4510=CARTESIAN_POINT('',(25.3,-3.,-46.5));
#4511=CARTESIAN_POINT('',(19.,-3.,-46.5));
#4512=CARTESIAN_POINT('',(19.7,-3.,-46.5));
#4513=CARTESIAN_POINT('',(19.7,-3.,-46.5));
#4514=CARTESIAN_POINT('',(19.,-3.,-46.5));
#4515=CARTESIAN_POINT('',(26.,-3.,-46.5));
#4516=CARTESIAN_POINT('',(26.,-3.,-45.8));
#4517=CARTESIAN_POINT('',(26.,-3.,-43.5));
#4518=CARTESIAN_POINT('',(26.,-3.,-45.8));
#4519=CARTESIAN_POINT('',(26.,0.,-45.8));
#4520=CARTESIAN_POINT('',(26.,0.,-46.5));
#4521=CARTESIAN_POINT('',(26.,0.,-43.5));
#4522=CARTESIAN_POINT('',(26.,-3.,-43.5));
#4523=CARTESIAN_POINT('',(26.,-3.,-46.5));
#4524=CARTESIAN_POINT('',(26.,0.,-43.5));
#4525=CARTESIAN_POINT('',(34.,0.,-43.5));
#4526=CARTESIAN_POINT('',(34.,-3.,-43.5));
#4527=CARTESIAN_POINT('',(34.,-3.,-43.5));
#4528=CARTESIAN_POINT('',(26.,-3.,-43.5));
#4529=CARTESIAN_POINT('',(26.,-3.,-43.5));
#4530=CARTESIAN_POINT('',(34.,0.,-43.5));
#4531=CARTESIAN_POINT('',(34.,0.,-45.8));
#4532=CARTESIAN_POINT('',(34.,-3.,-45.8));
#4533=CARTESIAN_POINT('',(34.,-3.,-45.8));
#4534=CARTESIAN_POINT('',(34.,-3.,-43.5));
#4535=CARTESIAN_POINT('',(34.,-3.,-43.5));
#4536=CARTESIAN_POINT('',(34.,0.,-46.5));
#4537=CARTESIAN_POINT('',(34.7,0.,-46.5));
#4538=CARTESIAN_POINT('',(40.3,0.,-46.5));
#4539=CARTESIAN_POINT('',(40.3,-3.,-46.5));
#4540=CARTESIAN_POINT('',(40.3,-3.,-46.5));
#4541=CARTESIAN_POINT('',(34.,-3.,-46.5));
#4542=CARTESIAN_POINT('',(34.7,-3.,-46.5));
#4543=CARTESIAN_POINT('',(34.7,-3.,-46.5));
#4544=CARTESIAN_POINT('',(34.,-3.,-46.5));
#4545=CARTESIAN_POINT('',(41.,-3.,-46.5));
#4546=CARTESIAN_POINT('',(41.,-3.,-45.8));
#4547=CARTESIAN_POINT('',(41.,-3.,-43.5));
#4548=CARTESIAN_POINT('',(41.,-3.,-45.8));
#4549=CARTESIAN_POINT('',(41.,0.,-45.8));
#4550=CARTESIAN_POINT('',(41.,0.,-46.5));
#4551=CARTESIAN_POINT('',(41.,0.,-43.5));
#4552=CARTESIAN_POINT('',(41.,-3.,-43.5));
#4553=CARTESIAN_POINT('',(41.,-3.,-46.5));
#4554=CARTESIAN_POINT('',(41.,0.,-43.5));
#4555=CARTESIAN_POINT('',(49.,0.,-43.5));
#4556=CARTESIAN_POINT('',(49.,-3.,-43.5));
#4557=CARTESIAN_POINT('',(49.,-3.,-43.5));
#4558=CARTESIAN_POINT('',(41.,-3.,-43.5));
#4559=CARTESIAN_POINT('',(41.,-3.,-43.5));
#4560=CARTESIAN_POINT('',(49.,0.,-43.5));
#4561=CARTESIAN_POINT('',(49.,0.,-45.8));
#4562=CARTESIAN_POINT('',(49.,-3.,-45.8));
#4563=CARTESIAN_POINT('',(49.,-3.,-45.8));
#4564=CARTESIAN_POINT('',(49.,-3.,-43.5));
#4565=CARTESIAN_POINT('',(49.,-3.,-43.5));
#4566=CARTESIAN_POINT('',(49.,0.,-46.5));
#4567=CARTESIAN_POINT('',(49.7,0.,-46.5));
#4568=CARTESIAN_POINT('',(53.3,0.,-46.5));
#4569=CARTESIAN_POINT('',(53.3,-3.,-46.5));
#4570=CARTESIAN_POINT('',(53.3,-3.,-46.5));
#4571=CARTESIAN_POINT('',(49.,-3.,-46.5));
#4572=CARTESIAN_POINT('',(49.7,-3.,-46.5));
#4573=CARTESIAN_POINT('',(49.7,-3.,-46.5));
#4574=CARTESIAN_POINT('',(49.,-3.,-46.5));
#4575=CARTESIAN_POINT('',(54.,0.,-46.5));
#4576=CARTESIAN_POINT('',(54.,0.,-45.8));
#4577=CARTESIAN_POINT('',(54.,0.,-42.2));
#4578=CARTESIAN_POINT('',(54.,-3.,-42.2));
#4579=CARTESIAN_POINT('',(54.,-3.,-42.2));
#4580=CARTESIAN_POINT('',(54.,-3.,-46.5));
#4581=CARTESIAN_POINT('',(54.,-3.,-45.8));
#4582=CARTESIAN_POINT('',(54.,-3.,-45.8));
#4583=CARTESIAN_POINT('',(54.,-3.,-46.5));
#4584=CARTESIAN_POINT('',(54.,-3.,-41.5));
#4585=CARTESIAN_POINT('',(53.3,-3.,-41.5));
#4586=CARTESIAN_POINT('',(51.,-3.,-41.5));
#4587=CARTESIAN_POINT('',(53.3,-3.,-41.5));
#4588=CARTESIAN_POINT('',(53.3,0.,-41.5));
#4589=CARTESIAN_POINT('',(54.,0.,-41.5));
#4590=CARTESIAN_POINT('',(51.,0.,-41.5));
#4591=CARTESIAN_POINT('',(51.,-3.,-41.5));
#4592=CARTESIAN_POINT('',(54.,-3.,-41.5));
#4593=CARTESIAN_POINT('',(51.,0.,-41.5));
#4594=CARTESIAN_POINT('',(51.,0.,-33.5));
#4595=CARTESIAN_POINT('',(51.,-3.,-33.5));
#4596=CARTESIAN_POINT('',(51.,-3.,-33.5));
#4597=CARTESIAN_POINT('',(51.,-3.,-41.5));
#4598=CARTESIAN_POINT('',(51.,-3.,-41.5));
#4599=CARTESIAN_POINT('',(51.,0.,-33.5));
#4600=CARTESIAN_POINT('',(53.3,0.,-33.5));
#4601=CARTESIAN_POINT('',(53.3,-3.,-33.5));
#4602=CARTESIAN_POINT('',(53.3,-3.,-33.5));
#4603=CARTESIAN_POINT('',(51.,-3.,-33.5));
#4604=CARTESIAN_POINT('',(51.,-3.,-33.5));
#4605=CARTESIAN_POINT('',(54.,0.,-33.5));
#4606=CARTESIAN_POINT('',(54.,0.,-32.8));
#4607=CARTESIAN_POINT('',(54.,0.,-27.2));
#4608=CARTESIAN_POINT('',(54.,-3.,-27.2));
#4609=CARTESIAN_POINT('',(54.,-3.,-27.2));
#4610=CARTESIAN_POINT('',(54.,-3.,-33.5));
#4611=CARTESIAN_POINT('',(54.,-3.,-32.8));
#4612=CARTESIAN_POINT('',(54.,-3.,-32.8));
#4613=CARTESIAN_POINT('',(54.,-3.,-33.5));
#4614=CARTESIAN_POINT('',(54.,-3.,-26.5));
#4615=CARTESIAN_POINT('',(53.3,-3.,-26.5));
#4616=CARTESIAN_POINT('',(51.,-3.,-26.5));
#4617=CARTESIAN_POINT('',(53.3,-3.,-26.5));
#4618=CARTESIAN_POINT('',(53.3,0.,-26.5));
#4619=CARTESIAN_POINT('',(54.,0.,-26.5));
#4620=CARTESIAN_POINT('',(51.,0.,-26.5));
#4621=CARTESIAN_POINT('',(51.,-3.,-26.5));
#4622=CARTESIAN_POINT('',(54.,-3.,-26.5));
#4623=CARTESIAN_POINT('',(51.,0.,-26.5));
#4624=CARTESIAN_POINT('',(51.,0.,-18.5));
#4625=CARTESIAN_POINT('',(51.,-3.,-18.5));
#4626=CARTESIAN_POINT('',(51.,-3.,-18.5));
#4627=CARTESIAN_POINT('',(51.,-3.,-26.5));
#4628=CARTESIAN_POINT('',(51.,-3.,-26.5));
#4629=CARTESIAN_POINT('',(51.,0.,-18.5));
#4630=CARTESIAN_POINT('',(53.3,0.,-18.5));
#4631=CARTESIAN_POINT('',(53.3,-3.,-18.5));
#4632=CARTESIAN_POINT('',(53.3,-3.,-18.5));
#4633=CARTESIAN_POINT('',(51.,-3.,-18.5));
#4634=CARTESIAN_POINT('',(51.,-3.,-18.5));
#4635=CARTESIAN_POINT('',(54.,0.,-18.5));
#4636=CARTESIAN_POINT('',(54.,0.,-17.8));
#4637=CARTESIAN_POINT('',(54.,0.,-12.2));
#4638=CARTESIAN_POINT('',(54.,-3.,-12.2));
#4639=CARTESIAN_POINT('',(54.,-3.,-12.2));
#4640=CARTESIAN_POINT('',(54.,-3.,-18.5));
#4641=CARTESIAN_POINT('',(54.,-3.,-17.8));
#4642=CARTESIAN_POINT('',(54.,-3.,-17.8));
#4643=CARTESIAN_POINT('',(54.,-3.,-18.5));
#4644=CARTESIAN_POINT('',(54.,-3.,-11.5));
#4645=CARTESIAN_POINT('',(53.3,-3.,-11.5));
#4646=CARTESIAN_POINT('',(51.,-3.,-11.5));
#4647=CARTESIAN_POINT('',(53.3,-3.,-11.5));
#4648=CARTESIAN_POINT('',(53.3,0.,-11.5));
#4649=CARTESIAN_POINT('',(54.,0.,-11.5));
#4650=CARTESIAN_POINT('',(51.,0.,-11.5));
#4651=CARTESIAN_POINT('',(51.,-3.,-11.5));
#4652=CARTESIAN_POINT('',(54.,-3.,-11.5));
#4653=CARTESIAN_POINT('',(51.,0.,-11.5));
#4654=CARTESIAN_POINT('',(51.,0.,-3.5));
#4655=CARTESIAN_POINT('',(51.,-3.,-3.5));
#4656=CARTESIAN_POINT('',(51.,-3.,-3.5));
#4657=CARTESIAN_POINT('',(51.,-3.,-11.5));
#4658=CARTESIAN_POINT('',(51.,-3.,-11.5));
#4659=CARTESIAN_POINT('',(51.,0.,-3.5));
#4660=CARTESIAN_POINT('',(53.3,0.,-3.5));
#4661=CARTESIAN_POINT('',(53.3,-3.,-3.5));
#4662=CARTESIAN_POINT('',(53.3,-3.,-3.5));
#4663=CARTESIAN_POINT('',(51.,-3.,-3.5));
#4664=CARTESIAN_POINT('',(51.,-3.,-3.5));
#4665=CARTESIAN_POINT('',(54.,0.,-3.5));
#4666=CARTESIAN_POINT('',(54.,0.,-2.8));
#4667=CARTESIAN_POINT('',(54.,0.,2.8));
#4668=CARTESIAN_POINT('',(54.,-3.,2.8));
#4669=CARTESIAN_POINT('',(54.,-3.,2.8));
#4670=CARTESIAN_POINT('',(54.,-3.,-3.5));
#4671=CARTESIAN_POINT('',(54.,-3.,-2.8));
#4672=CARTESIAN_POINT('',(54.,-3.,-2.8));
#4673=CARTESIAN_POINT('',(54.,-3.,-3.5));
#4674=CARTESIAN_POINT('',(54.,-3.,3.5));
#4675=CARTESIAN_POINT('',(53.3,-3.,3.5));
#4676=CARTESIAN_POINT('',(51.,-3.,3.5));
#4677=CARTESIAN_POINT('',(53.3,-3.,3.5));
#4678=CARTESIAN_POINT('',(53.3,0.,3.5));
#4679=CARTESIAN_POINT('',(54.,0.,3.5));
#4680=CARTESIAN_POINT('',(51.,0.,3.5));
#4681=CARTESIAN_POINT('',(51.,-3.,3.5));
#4682=CARTESIAN_POINT('',(54.,-3.,3.5));
#4683=CARTESIAN_POINT('',(51.,0.,3.5));
#4684=CARTESIAN_POINT('',(51.,0.,11.5));
#4685=CARTESIAN_POINT('',(51.,-3.,11.5));
#4686=CARTESIAN_POINT('',(51.,-3.,11.5));
#4687=CARTESIAN_POINT('',(51.,-3.,3.5));
#4688=CARTESIAN_POINT('',(51.,-3.,3.5));
#4689=CARTESIAN_POINT('',(51.,0.,11.5));
#4690=CARTESIAN_POINT('',(53.3,0.,11.5));
#4691=CARTESIAN_POINT('',(53.3,-3.,11.5));
#4692=CARTESIAN_POINT('',(53.3,-3.,11.5));
#4693=CARTESIAN_POINT('',(51.,-3.,11.5));
#4694=CARTESIAN_POINT('',(51.,-3.,11.5));
#4695=CARTESIAN_POINT('',(54.,0.,11.5));
#4696=CARTESIAN_POINT('',(54.,0.,12.2));
#4697=CARTESIAN_POINT('',(54.,0.,17.8));
#4698=CARTESIAN_POINT('',(54.,-3.,17.8));
#4699=CARTESIAN_POINT('',(54.,-3.,17.8));
#4700=CARTESIAN_POINT('',(54.,-3.,11.5));
#4701=CARTESIAN_POINT('',(54.,-3.,12.2));
#4702=CARTESIAN_POINT('',(54.,-3.,12.2));
#4703=CARTESIAN_POINT('',(54.,-3.,11.5));
#4704=CARTESIAN_POINT('',(54.,-3.,18.5));
#4705=CARTESIAN_POINT('',(53.3,-3.,18.5));
#4706=CARTESIAN_POINT('',(51.,-3.,18.5));
#4707=CARTESIAN_POINT('',(53.3,-3.,18.5));
#4708=CARTESIAN_POINT('',(53.3,0.,18.5));
#4709=CARTESIAN_POINT('',(54.,0.,18.5));
#4710=CARTESIAN_POINT('',(51.,0.,18.5));
#4711=CARTESIAN_POINT('',(51.,-3.,18.5));
#4712=CARTESIAN_POINT('',(54.,-3.,18.5));
#4713=CARTESIAN_POINT('',(51.,0.,18.5));
#4714=CARTESIAN_POINT('',(51.,0.,26.5));
#4715=CARTESIAN_POINT('',(51.,-3.,26.5));
#4716=CARTESIAN_POINT('',(51.,-3.,26.5));
#4717=CARTESIAN_POINT('',(51.,-3.,18.5));
#4718=CARTESIAN_POINT('',(51.,-3.,18.5));
#4719=CARTESIAN_POINT('',(51.,0.,26.5));
#4720=CARTESIAN_POINT('',(53.3,0.,26.5));
#4721=CARTESIAN_POINT('',(53.3,-3.,26.5));
#4722=CARTESIAN_POINT('',(53.3,-3.,26.5));
#4723=CARTESIAN_POINT('',(51.,-3.,26.5));
#4724=CARTESIAN_POINT('',(51.,-3.,26.5));
#4725=CARTESIAN_POINT('',(54.,0.,26.5));
#4726=CARTESIAN_POINT('',(54.,0.,27.2));
#4727=CARTESIAN_POINT('',(54.,0.,32.8));
#4728=CARTESIAN_POINT('',(54.,-3.,32.8));
#4729=CARTESIAN_POINT('',(54.,-3.,32.8));
#4730=CARTESIAN_POINT('',(54.,-3.,26.5));
#4731=CARTESIAN_POINT('',(54.,-3.,27.2));
#4732=CARTESIAN_POINT('',(54.,-3.,27.2));
#4733=CARTESIAN_POINT('',(54.,-3.,26.5));
#4734=CARTESIAN_POINT('',(54.,-3.,33.5));
#4735=CARTESIAN_POINT('',(53.3,-3.,33.5));
#4736=CARTESIAN_POINT('',(51.,-3.,33.5));
#4737=CARTESIAN_POINT('',(53.3,-3.,33.5));
#4738=CARTESIAN_POINT('',(53.3,0.,33.5));
#4739=CARTESIAN_POINT('',(54.,0.,33.5));
#4740=CARTESIAN_POINT('',(51.,0.,33.5));
#4741=CARTESIAN_POINT('',(51.,-3.,33.5));
#4742=CARTESIAN_POINT('',(54.,-3.,33.5));
#4743=CARTESIAN_POINT('',(51.,0.,33.5));
#4744=CARTESIAN_POINT('',(51.,0.,41.5));
#4745=CARTESIAN_POINT('',(51.,-3.,41.5));
#4746=CARTESIAN_POINT('',(51.,-3.,41.5));
#4747=CARTESIAN_POINT('',(51.,-3.,33.5));
#4748=CARTESIAN_POINT('',(51.,-3.,33.5));
#4749=CARTESIAN_POINT('',(51.,0.,41.5));
#4750=CARTESIAN_POINT('',(53.3,0.,41.5));
#4751=CARTESIAN_POINT('',(53.3,-3.,41.5));
#4752=CARTESIAN_POINT('',(53.3,-3.,41.5));
#4753=CARTESIAN_POINT('',(51.,-3.,41.5));
#4754=CARTESIAN_POINT('',(51.,-3.,41.5));
#4755=CARTESIAN_POINT('',(54.,0.,41.5));
#4756=CARTESIAN_POINT('',(54.,0.,42.2));
#4757=CARTESIAN_POINT('',(54.,0.,45.8));
#4758=CARTESIAN_POINT('',(54.,-3.,45.8));
#4759=CARTESIAN_POINT('',(54.,-3.,45.8));
#4760=CARTESIAN_POINT('',(54.,-3.,41.5));
#4761=CARTESIAN_POINT('',(54.,-3.,42.2));
#4762=CARTESIAN_POINT('',(54.,-3.,42.2));
#4763=CARTESIAN_POINT('',(54.,-3.,41.5));
#4764=CARTESIAN_POINT('',(54.,0.,46.5));
#4765=CARTESIAN_POINT('',(53.3,0.,46.5));
#4766=CARTESIAN_POINT('',(49.7,0.,46.5));
#4767=CARTESIAN_POINT('',(49.7,-3.,46.5));
#4768=CARTESIAN_POINT('',(49.7,-3.,46.5));
#4769=CARTESIAN_POINT('',(54.,-3.,46.5));
#4770=CARTESIAN_POINT('',(53.3,-3.,46.5));
#4771=CARTESIAN_POINT('',(53.3,-3.,46.5));
#4772=CARTESIAN_POINT('',(54.,-3.,46.5));
#4773=CARTESIAN_POINT('',(49.,-3.,46.5));
#4774=CARTESIAN_POINT('',(49.,-3.,45.8));
#4775=CARTESIAN_POINT('',(49.,-3.,43.5));
#4776=CARTESIAN_POINT('',(49.,-3.,45.8));
#4777=CARTESIAN_POINT('',(49.,0.,45.8));
#4778=CARTESIAN_POINT('',(49.,0.,46.5));
#4779=CARTESIAN_POINT('',(49.,0.,43.5));
#4780=CARTESIAN_POINT('',(49.,-3.,43.5));
#4781=CARTESIAN_POINT('',(49.,-3.,46.5));
#4782=CARTESIAN_POINT('',(49.,0.,43.5));
#4783=CARTESIAN_POINT('',(41.,0.,43.5));
#4784=CARTESIAN_POINT('',(41.,-3.,43.5));
#4785=CARTESIAN_POINT('',(41.,-3.,43.5));
#4786=CARTESIAN_POINT('',(49.,-3.,43.5));
#4787=CARTESIAN_POINT('',(49.,-3.,43.5));
#4788=CARTESIAN_POINT('',(41.,0.,43.5));
#4789=CARTESIAN_POINT('',(41.,0.,45.8));
#4790=CARTESIAN_POINT('',(41.,-3.,45.8));
#4791=CARTESIAN_POINT('',(41.,-3.,45.8));
#4792=CARTESIAN_POINT('',(41.,-3.,43.5));
#4793=CARTESIAN_POINT('',(41.,-3.,43.5));
#4794=CARTESIAN_POINT('',(41.,0.,46.5));
#4795=CARTESIAN_POINT('',(40.3,0.,46.5));
#4796=CARTESIAN_POINT('',(34.7,0.,46.5));
#4797=CARTESIAN_POINT('',(34.7,-3.,46.5));
#4798=CARTESIAN_POINT('',(34.7,-3.,46.5));
#4799=CARTESIAN_POINT('',(41.,-3.,46.5));
#4800=CARTESIAN_POINT('',(40.3,-3.,46.5));
#4801=CARTESIAN_POINT('',(40.3,-3.,46.5));
#4802=CARTESIAN_POINT('',(41.,-3.,46.5));
#4803=CARTESIAN_POINT('',(34.,-3.,46.5));
#4804=CARTESIAN_POINT('',(34.,-3.,45.8));
#4805=CARTESIAN_POINT('',(34.,-3.,43.5));
#4806=CARTESIAN_POINT('',(34.,-3.,45.8));
#4807=CARTESIAN_POINT('',(34.,0.,45.8));
#4808=CARTESIAN_POINT('',(34.,0.,46.5));
#4809=CARTESIAN_POINT('',(34.,0.,43.5));
#4810=CARTESIAN_POINT('',(34.,-3.,43.5));
#4811=CARTESIAN_POINT('',(34.,-3.,46.5));
#4812=CARTESIAN_POINT('',(34.,0.,43.5));
#4813=CARTESIAN_POINT('',(26.,0.,43.5));
#4814=CARTESIAN_POINT('',(26.,-3.,43.5));
#4815=CARTESIAN_POINT('',(26.,-3.,43.5));
#4816=CARTESIAN_POINT('',(34.,-3.,43.5));
#4817=CARTESIAN_POINT('',(34.,-3.,43.5));
#4818=CARTESIAN_POINT('',(26.,0.,43.5));
#4819=CARTESIAN_POINT('',(26.,0.,45.8));
#4820=CARTESIAN_POINT('',(26.,-3.,45.8));
#4821=CARTESIAN_POINT('',(26.,-3.,45.8));
#4822=CARTESIAN_POINT('',(26.,-3.,43.5));
#4823=CARTESIAN_POINT('',(26.,-3.,43.5));
#4824=CARTESIAN_POINT('',(26.,0.,46.5));
#4825=CARTESIAN_POINT('',(25.3,0.,46.5));
#4826=CARTESIAN_POINT('',(19.7,0.,46.5));
#4827=CARTESIAN_POINT('',(19.7,-3.,46.5));
#4828=CARTESIAN_POINT('',(19.7,-3.,46.5));
#4829=CARTESIAN_POINT('',(26.,-3.,46.5));
#4830=CARTESIAN_POINT('',(25.3,-3.,46.5));
#4831=CARTESIAN_POINT('',(25.3,-3.,46.5));
#4832=CARTESIAN_POINT('',(26.,-3.,46.5));
#4833=CARTESIAN_POINT('',(19.,-3.,46.5));
#4834=CARTESIAN_POINT('',(19.,-3.,45.8));
#4835=CARTESIAN_POINT('',(19.,-3.,43.5));
#4836=CARTESIAN_POINT('',(19.,-3.,45.8));
#4837=CARTESIAN_POINT('',(19.,0.,45.8));
#4838=CARTESIAN_POINT('',(19.,0.,46.5));
#4839=CARTESIAN_POINT('',(19.,0.,43.5));
#4840=CARTESIAN_POINT('',(19.,-3.,43.5));
#4841=CARTESIAN_POINT('',(19.,-3.,46.5));
#4842=CARTESIAN_POINT('',(19.,0.,43.5));
#4843=CARTESIAN_POINT('',(11.,0.,43.5));
#4844=CARTESIAN_POINT('',(11.,-3.,43.5));
#4845=CARTESIAN_POINT('',(11.,-3.,43.5));
#4846=CARTESIAN_POINT('',(19.,-3.,43.5));
#4847=CARTESIAN_POINT('',(19.,-3.,43.5));
#4848=CARTESIAN_POINT('',(11.,0.,43.5));
#4849=CARTESIAN_POINT('',(11.,0.,45.8));
#4850=CARTESIAN_POINT('',(11.,-3.,45.8));
#4851=CARTESIAN_POINT('',(11.,-3.,45.8));
#4852=CARTESIAN_POINT('',(11.,-3.,43.5));
#4853=CARTESIAN_POINT('',(11.,-3.,43.5));
#4854=CARTESIAN_POINT('',(11.,0.,46.5));
#4855=CARTESIAN_POINT('',(10.3,0.,46.5));
#4856=CARTESIAN_POINT('',(4.7,0.,46.5));
#4857=CARTESIAN_POINT('',(4.7,-3.,46.5));
#4858=CARTESIAN_POINT('',(4.7,-3.,46.5));
#4859=CARTESIAN_POINT('',(11.,-3.,46.5));
#4860=CARTESIAN_POINT('',(10.3,-3.,46.5));
#4861=CARTESIAN_POINT('',(10.3,-3.,46.5));
#4862=CARTESIAN_POINT('',(11.,-3.,46.5));
#4863=CARTESIAN_POINT('',(4.,-3.,46.5));
#4864=CARTESIAN_POINT('',(4.,-3.,45.8));
#4865=CARTESIAN_POINT('',(4.,-3.,43.5));
#4866=CARTESIAN_POINT('',(4.,-3.,45.8));
#4867=CARTESIAN_POINT('',(4.,0.,45.8));
#4868=CARTESIAN_POINT('',(4.,0.,46.5));
#4869=CARTESIAN_POINT('',(4.,0.,43.5));
#4870=CARTESIAN_POINT('',(4.,-3.,43.5));
#4871=CARTESIAN_POINT('',(4.,-3.,46.5));
#4872=CARTESIAN_POINT('',(4.,0.,43.5));
#4873=CARTESIAN_POINT('',(-4.,0.,43.5));
#4874=CARTESIAN_POINT('',(-4.,-3.,43.5));
#4875=CARTESIAN_POINT('',(-4.,-3.,43.5));
#4876=CARTESIAN_POINT('',(4.,-3.,43.5));
#4877=CARTESIAN_POINT('',(4.,-3.,43.5));
#4878=CARTESIAN_POINT('',(-4.,0.,43.5));
#4879=CARTESIAN_POINT('',(-4.,0.,45.8));
#4880=CARTESIAN_POINT('',(-4.,-3.,45.8));
#4881=CARTESIAN_POINT('',(-4.,-3.,45.8));
#4882=CARTESIAN_POINT('',(-4.,-3.,43.5));
#4883=CARTESIAN_POINT('',(-4.,-3.,43.5));
#4884=CARTESIAN_POINT('',(-4.,0.,46.5));
#4885=CARTESIAN_POINT('',(-4.7,0.,46.5));
#4886=CARTESIAN_POINT('',(-10.3,0.,46.5));
#4887=CARTESIAN_POINT('',(-10.3,-3.,46.5));
#4888=CARTESIAN_POINT('',(-10.3,-3.,46.5));
#4889=CARTESIAN_POINT('',(-4.,-3.,46.5));
#4890=CARTESIAN_POINT('',(-4.7,-3.,46.5));
#4891=CARTESIAN_POINT('',(-4.7,-3.,46.5));
#4892=CARTESIAN_POINT('',(-4.,-3.,46.5));
#4893=CARTESIAN_POINT('',(-11.,-3.,46.5));
#4894=CARTESIAN_POINT('',(-11.,-3.,45.8));
#4895=CARTESIAN_POINT('',(-11.,-3.,43.5));
#4896=CARTESIAN_POINT('',(-11.,-3.,45.8));
#4897=CARTESIAN_POINT('',(-11.,0.,45.8));
#4898=CARTESIAN_POINT('',(-11.,0.,46.5));
#4899=CARTESIAN_POINT('',(-11.,0.,43.5));
#4900=CARTESIAN_POINT('',(-11.,-3.,43.5));
#4901=CARTESIAN_POINT('',(-11.,-3.,46.5));
#4902=CARTESIAN_POINT('',(-11.,0.,43.5));
#4903=CARTESIAN_POINT('',(-19.,0.,43.5));
#4904=CARTESIAN_POINT('',(-19.,-3.,43.5));
#4905=CARTESIAN_POINT('',(-19.,-3.,43.5));
#4906=CARTESIAN_POINT('',(-11.,-3.,43.5));
#4907=CARTESIAN_POINT('',(-11.,-3.,43.5));
#4908=CARTESIAN_POINT('',(-19.,0.,43.5));
#4909=CARTESIAN_POINT('',(-19.,0.,45.8));
#4910=CARTESIAN_POINT('',(-19.,-3.,45.8));
#4911=CARTESIAN_POINT('',(-19.,-3.,45.8));
#4912=CARTESIAN_POINT('',(-19.,-3.,43.5));
#4913=CARTESIAN_POINT('',(-19.,-3.,43.5));
#4914=CARTESIAN_POINT('',(-19.,0.,46.5));
#4915=CARTESIAN_POINT('',(-19.7,0.,46.5));
#4916=CARTESIAN_POINT('',(-25.3,0.,46.5));
#4917=CARTESIAN_POINT('',(-25.3,-3.,46.5));
#4918=CARTESIAN_POINT('',(-25.3,-3.,46.5));
#4919=CARTESIAN_POINT('',(-19.,-3.,46.5));
#4920=CARTESIAN_POINT('',(-19.7,-3.,46.5));
#4921=CARTESIAN_POINT('',(-19.7,-3.,46.5));
#4922=CARTESIAN_POINT('',(-19.,-3.,46.5));
#4923=CARTESIAN_POINT('',(-26.,-3.,46.5));
#4924=CARTESIAN_POINT('',(-26.,-3.,45.8));
#4925=CARTESIAN_POINT('',(-26.,-3.,43.5));
#4926=CARTESIAN_POINT('',(-26.,-3.,45.8));
#4927=CARTESIAN_POINT('',(-26.,0.,45.8));
#4928=CARTESIAN_POINT('',(-26.,0.,46.5));
#4929=CARTESIAN_POINT('',(-26.,0.,43.5));
#4930=CARTESIAN_POINT('',(-26.,-3.,43.5));
#4931=CARTESIAN_POINT('',(-26.,-3.,46.5));
#4932=CARTESIAN_POINT('',(-26.,0.,43.5));
#4933=CARTESIAN_POINT('',(-34.,0.,43.5));
#4934=CARTESIAN_POINT('',(-34.,-3.,43.5));
#4935=CARTESIAN_POINT('',(-34.,-3.,43.5));
#4936=CARTESIAN_POINT('',(-26.,-3.,43.5));
#4937=CARTESIAN_POINT('',(-26.,-3.,43.5));
#4938=CARTESIAN_POINT('',(-34.,0.,43.5));
#4939=CARTESIAN_POINT('',(-34.,0.,45.8));
#4940=CARTESIAN_POINT('',(-34.,-3.,45.8));
#4941=CARTESIAN_POINT('',(-34.,-3.,45.8));
#4942=CARTESIAN_POINT('',(-34.,-3.,43.5));
#4943=CARTESIAN_POINT('',(-34.,-3.,43.5));
#4944=CARTESIAN_POINT('',(-34.,0.,46.5));
#4945=CARTESIAN_POINT('',(-34.7,0.,46.5));
#4946=CARTESIAN_POINT('',(-40.3,0.,46.5));
#4947=CARTESIAN_POINT('',(-40.3,-3.,46.5));
#4948=CARTESIAN_POINT('',(-40.3,-3.,46.5));
#4949=CARTESIAN_POINT('',(-34.,-3.,46.5));
#4950=CARTESIAN_POINT('',(-34.7,-3.,46.5));
#4951=CARTESIAN_POINT('',(-34.7,-3.,46.5));
#4952=CARTESIAN_POINT('',(-34.,-3.,46.5));
#4953=CARTESIAN_POINT('',(-41.,-3.,46.5));
#4954=CARTESIAN_POINT('',(-41.,-3.,45.8));
#4955=CARTESIAN_POINT('',(-41.,-3.,43.5));
#4956=CARTESIAN_POINT('',(-41.,-3.,45.8));
#4957=CARTESIAN_POINT('',(-41.,0.,45.8));
#4958=CARTESIAN_POINT('',(-41.,0.,46.5));
#4959=CARTESIAN_POINT('',(-41.,0.,43.5));
#4960=CARTESIAN_POINT('',(-41.,-3.,43.5));
#4961=CARTESIAN_POINT('',(-41.,-3.,46.5));
#4962=CARTESIAN_POINT('',(-41.,0.,43.5));
#4963=CARTESIAN_POINT('',(-51.7999999999999,0.,43.5));
#4964=CARTESIAN_POINT('',(-51.7999999999999,-3.,43.5));
#4965=CARTESIAN_POINT('',(-51.7999999999999,-3.,43.5));
#4966=CARTESIAN_POINT('',(-41.,-3.,43.5));
#4967=CARTESIAN_POINT('',(-41.,-3.,43.5));
#4968=CARTESIAN_POINT('',(-52.5,0.,-33.5));
#4969=CARTESIAN_POINT('',(-52.5,0.,42.8));
#4970=CARTESIAN_POINT('',(-52.5,0.,-42.8));
#4971=CARTESIAN_POINT('',(-52.5,-3.,-42.8));
#4972=CARTESIAN_POINT('',(-52.5,-3.,-42.8));
#4973=CARTESIAN_POINT('',(-52.5,-3.,41.5));
#4974=CARTESIAN_POINT('',(-52.5,-3.,42.8));
#4975=CARTESIAN_POINT('',(-52.5,-3.,42.8));
#4976=CARTESIAN_POINT('',(-52.5,-3.,-33.5));
#4977=CARTESIAN_POINT('',(-35.,-3.,-33.5));
#4978=CARTESIAN_POINT('',(-33.5,-3.,-33.5));
#4979=CARTESIAN_POINT('',(-35.,0.,-33.5));
#4980=CARTESIAN_POINT('',(-33.5,0.,-33.5));
#4981=CARTESIAN_POINT('',(-35.,-3.,-33.5));
#4982=CARTESIAN_POINT('',(-35.,-3.,16.5));
#4983=CARTESIAN_POINT('',(-33.5,-3.,16.5));
#4984=CARTESIAN_POINT('',(-35.,0.,16.5));
#4985=CARTESIAN_POINT('',(-33.5,0.,16.5));
#4986=CARTESIAN_POINT('',(-35.,-3.,16.5));
#4987=CARTESIAN_POINT('',(44.5,0.,34.699));
#4988=CARTESIAN_POINT('',(40.5451801874169,0.,34.0995));
#4989=CARTESIAN_POINT('',(44.,0.,30.7303730334031));
#4990=CARTESIAN_POINT('',(44.,-3.,30.7303730334031));
#4991=CARTESIAN_POINT('',(44.,-3.,30.7303730334031));
#4992=CARTESIAN_POINT('',(44.5,-3.,34.699));
#4993=CARTESIAN_POINT('',(40.5451801874169,-3.,34.0995));
#4994=CARTESIAN_POINT('',(40.5451801874169,-3.,34.0995));
#4995=CARTESIAN_POINT('',(44.5,-3.,34.699));
#4996=CARTESIAN_POINT('',(-41.0309362829659,0.,13.2838608638));
#4997=CARTESIAN_POINT('',(-44.310835476416,0.,10.8583813701541));
#4998=CARTESIAN_POINT('',(-44.310835476416,-3.,10.8583813701541));
#4999=CARTESIAN_POINT('',(-44.310835476416,-3.,10.8583813701541));
#5000=CARTESIAN_POINT('',(-41.0309362829659,-3.,13.2838608638));
#5001=CARTESIAN_POINT('',(-41.0309362829659,-3.,13.2838608638));
#5002=CARTESIAN_POINT('',(44.5,-3.,34.699));
#5003=CARTESIAN_POINT('',(46.,-3.,34.699));
#5004=CARTESIAN_POINT('',(44.5,0.,34.699));
#5005=CARTESIAN_POINT('',(46.,0.,34.699));
#5006=CARTESIAN_POINT('',(44.5,-3.,34.699));
#5007=CARTESIAN_POINT('',(-51.7999999999999,-3.,-42.8));
#5008=CARTESIAN_POINT('',(-40.3,-3.,-45.8));
#5009=CARTESIAN_POINT('',(-34.7,-3.,-45.8));
#5010=CARTESIAN_POINT('',(-25.3,-3.,-45.8));
#5011=CARTESIAN_POINT('',(-19.7,-3.,-45.8));
#5012=CARTESIAN_POINT('',(-10.3,-3.,-45.8));
#5013=CARTESIAN_POINT('',(-4.7,-3.,-45.8));
#5014=CARTESIAN_POINT('',(4.7,-3.,-45.8));
#5015=CARTESIAN_POINT('',(10.3,-3.,-45.8));
#5016=CARTESIAN_POINT('',(19.7,-3.,-45.8));
#5017=CARTESIAN_POINT('',(25.3,-3.,-45.8));
#5018=CARTESIAN_POINT('',(34.7,-3.,-45.8));
#5019=CARTESIAN_POINT('',(40.3,-3.,-45.8));
#5020=CARTESIAN_POINT('',(49.7,-3.,-45.8));
#5021=CARTESIAN_POINT('',(53.3,-3.,-45.8));
#5022=CARTESIAN_POINT('',(53.3,-3.,-42.2));
#5023=CARTESIAN_POINT('',(53.3,-3.,-32.8));
#5024=CARTESIAN_POINT('',(53.3,-3.,-27.2));
#5025=CARTESIAN_POINT('',(53.3,-3.,-17.8));
#5026=CARTESIAN_POINT('',(53.3,-3.,-12.2));
#5027=CARTESIAN_POINT('',(53.3,-3.,-2.8));
#5028=CARTESIAN_POINT('',(53.3,-3.,2.8));
#5029=CARTESIAN_POINT('',(53.3,-3.,12.2));
#5030=CARTESIAN_POINT('',(53.3,-3.,17.8));
#5031=CARTESIAN_POINT('',(53.3,-3.,27.2));
#5032=CARTESIAN_POINT('',(53.3,-3.,32.8));
#5033=CARTESIAN_POINT('',(53.3,-3.,42.2));
#5034=CARTESIAN_POINT('',(53.3,-3.,45.8));
#5035=CARTESIAN_POINT('',(49.7,-3.,45.8));
#5036=CARTESIAN_POINT('',(40.3,-3.,45.8));
#5037=CARTESIAN_POINT('',(34.7,-3.,45.8));
#5038=CARTESIAN_POINT('',(25.3,-3.,45.8));
#5039=CARTESIAN_POINT('',(19.7,-3.,45.8));
#5040=CARTESIAN_POINT('',(10.3,-3.,45.8));
#5041=CARTESIAN_POINT('',(4.7,-3.,45.8));
#5042=CARTESIAN_POINT('',(-4.7,-3.,45.8));
#5043=CARTESIAN_POINT('',(-10.3,-3.,45.8));
#5044=CARTESIAN_POINT('',(-19.7,-3.,45.8));
#5045=CARTESIAN_POINT('',(-25.3,-3.,45.8));
#5046=CARTESIAN_POINT('',(-34.7,-3.,45.8));
#5047=CARTESIAN_POINT('',(-40.3,-3.,45.8));
#5048=CARTESIAN_POINT('',(-51.7999999999999,-3.,42.8));
#5049=CARTESIAN_POINT('',(-45.5,-3.,12.4664509382541));
#5050=CARTESIAN_POINT('',(-45.5,-3.,20.5335490617459));
#5051=CARTESIAN_POINT('',(43.5,-3.,26.7617460668062));
#5052=CARTESIAN_POINT('',(43.5,-3.,-33.5));
#5053=CARTESIAN_POINT('',(-43.5,-3.,-33.5));
#5054=CARTESIAN_POINT('',(-45.5,-3.,1.27290536219543));
#5055=CARTESIAN_POINT('',(-45.5,-3.,31.7270946378045));
#5056=CARTESIAN_POINT('',(-43.5,-3.,33.5));
#5057=CARTESIAN_POINT('',(36.5903603748338,-3.,33.5));
#5058=CARTESIAN_POINT('',(-43.4092653301339,-3.,16.5));
#5059=CARTESIAN_POINT('',(-51.7999999999999,0.,-42.8));
#5060=CARTESIAN_POINT('',(-51.7999999999999,0.,42.8));
#5061=CARTESIAN_POINT('',(-40.3,0.,45.8));
#5062=CARTESIAN_POINT('',(-34.7,0.,45.8));
#5063=CARTESIAN_POINT('',(-25.3,0.,45.8));
#5064=CARTESIAN_POINT('',(-19.7,0.,45.8));
#5065=CARTESIAN_POINT('',(-10.3,0.,45.8));
#5066=CARTESIAN_POINT('',(-4.7,0.,45.8));
#5067=CARTESIAN_POINT('',(4.7,0.,45.8));
#5068=CARTESIAN_POINT('',(10.3,0.,45.8));
#5069=CARTESIAN_POINT('',(19.7,0.,45.8));
#5070=CARTESIAN_POINT('',(25.3,0.,45.8));
#5071=CARTESIAN_POINT('',(34.7,0.,45.8));
#5072=CARTESIAN_POINT('',(40.3,0.,45.8));
#5073=CARTESIAN_POINT('',(49.7,0.,45.8));
#5074=CARTESIAN_POINT('',(53.3,0.,45.8));
#5075=CARTESIAN_POINT('',(53.3,0.,42.2));
#5076=CARTESIAN_POINT('',(53.3,0.,32.8));
#5077=CARTESIAN_POINT('',(53.3,0.,27.2));
#5078=CARTESIAN_POINT('',(53.3,0.,17.8));
#5079=CARTESIAN_POINT('',(53.3,0.,12.2));
#5080=CARTESIAN_POINT('',(53.3,0.,2.8));
#5081=CARTESIAN_POINT('',(53.3,0.,-2.8));
#5082=CARTESIAN_POINT('',(53.3,0.,-12.2));
#5083=CARTESIAN_POINT('',(53.3,0.,-17.8));
#5084=CARTESIAN_POINT('',(53.3,0.,-27.2));
#5085=CARTESIAN_POINT('',(53.3,0.,-32.8));
#5086=CARTESIAN_POINT('',(53.3,0.,-42.2));
#5087=CARTESIAN_POINT('',(53.3,0.,-45.8));
#5088=CARTESIAN_POINT('',(49.7,0.,-45.8));
#5089=CARTESIAN_POINT('',(40.3,0.,-45.8));
#5090=CARTESIAN_POINT('',(34.7,0.,-45.8));
#5091=CARTESIAN_POINT('',(25.3,0.,-45.8));
#5092=CARTESIAN_POINT('',(19.7,0.,-45.8));
#5093=CARTESIAN_POINT('',(10.3,0.,-45.8));
#5094=CARTESIAN_POINT('',(4.7,0.,-45.8));
#5095=CARTESIAN_POINT('',(-4.7,0.,-45.8));
#5096=CARTESIAN_POINT('',(-10.3,0.,-45.8));
#5097=CARTESIAN_POINT('',(-19.7,0.,-45.8));
#5098=CARTESIAN_POINT('',(-25.3,0.,-45.8));
#5099=CARTESIAN_POINT('',(-34.7,0.,-45.8));
#5100=CARTESIAN_POINT('',(-40.3,0.,-45.8));
#5101=CARTESIAN_POINT('',(-45.5,0.,12.4664509382541));
#5102=CARTESIAN_POINT('',(-45.5,0.,20.5335490617459));
#5103=CARTESIAN_POINT('',(43.5,0.,26.7617460668062));
#5104=CARTESIAN_POINT('',(36.5903603748338,0.,33.5));
#5105=CARTESIAN_POINT('',(-43.5,0.,33.5));
#5106=CARTESIAN_POINT('',(-45.5,0.,31.7270946378045));
#5107=CARTESIAN_POINT('',(-45.5,0.,1.27290536219543));
#5108=CARTESIAN_POINT('',(-43.5,0.,-33.5));
#5109=CARTESIAN_POINT('',(43.5,0.,-33.5));
#5110=CARTESIAN_POINT('',(-43.4092653301339,0.,16.5));
#5111=CARTESIAN_POINT('',(43.5,-3.,-33.5));
#5112=CARTESIAN_POINT('',(-43.5,-3.,-33.5));
#5113=CARTESIAN_POINT('',(43.5,-3.,26.7617460668062));
#5114=CARTESIAN_POINT('',(36.5903603748338,-3.,33.5));
#5115=CARTESIAN_POINT('',(-43.5,-3.,33.5));
#5116=CARTESIAN_POINT('',(-45.5,-3.,20.5335490617459));
#5117=CARTESIAN_POINT('',(-45.5,-3.,12.4664509382541));
#5118=CARTESIAN_POINT('',(-45.5,-3.,1.27290536219543));
#5119=CARTESIAN_POINT('',(-45.5,-3.,31.7270946378045));
#5120=CARTESIAN_POINT('',(-51.7999999999999,-3.,-42.8));
#5121=CARTESIAN_POINT('',(-51.7999999999999,-3.,42.8));
#5122=CARTESIAN_POINT('',(-40.3,-3.,45.8));
#5123=CARTESIAN_POINT('',(-34.7,-3.,45.8));
#5124=CARTESIAN_POINT('',(-25.3,-3.,45.8));
#5125=CARTESIAN_POINT('',(-19.7,-3.,45.8));
#5126=CARTESIAN_POINT('',(-10.3,-3.,45.8));
#5127=CARTESIAN_POINT('',(-4.7,-3.,45.8));
#5128=CARTESIAN_POINT('',(4.7,-3.,45.8));
#5129=CARTESIAN_POINT('',(10.3,-3.,45.8));
#5130=CARTESIAN_POINT('',(19.7,-3.,45.8));
#5131=CARTESIAN_POINT('',(25.3,-3.,45.8));
#5132=CARTESIAN_POINT('',(34.7,-3.,45.8));
#5133=CARTESIAN_POINT('',(40.3,-3.,45.8));
#5134=CARTESIAN_POINT('',(49.7,-3.,45.8));
#5135=CARTESIAN_POINT('',(53.3,-3.,45.8));
#5136=CARTESIAN_POINT('',(53.3,-3.,42.2));
#5137=CARTESIAN_POINT('',(53.3,-3.,32.8));
#5138=CARTESIAN_POINT('',(53.3,-3.,27.2));
#5139=CARTESIAN_POINT('',(53.3,-3.,17.8));
#5140=CARTESIAN_POINT('',(53.3,-3.,12.2));
#5141=CARTESIAN_POINT('',(53.3,-3.,2.8));
#5142=CARTESIAN_POINT('',(53.3,-3.,-2.8));
#5143=CARTESIAN_POINT('',(53.3,-3.,-12.2));
#5144=CARTESIAN_POINT('',(53.3,-3.,-17.8));
#5145=CARTESIAN_POINT('',(53.3,-3.,-27.2));
#5146=CARTESIAN_POINT('',(53.3,-3.,-32.8));
#5147=CARTESIAN_POINT('',(53.3,-3.,-42.2));
#5148=CARTESIAN_POINT('',(53.3,-3.,-45.8));
#5149=CARTESIAN_POINT('',(49.7,-3.,-45.8));
#5150=CARTESIAN_POINT('',(40.3,-3.,-45.8));
#5151=CARTESIAN_POINT('',(34.7,-3.,-45.8));
#5152=CARTESIAN_POINT('',(25.3,-3.,-45.8));
#5153=CARTESIAN_POINT('',(19.7,-3.,-45.8));
#5154=CARTESIAN_POINT('',(10.3,-3.,-45.8));
#5155=CARTESIAN_POINT('',(4.7,-3.,-45.8));
#5156=CARTESIAN_POINT('',(-4.7,-3.,-45.8));
#5157=CARTESIAN_POINT('',(-10.3,-3.,-45.8));
#5158=CARTESIAN_POINT('',(-19.7,-3.,-45.8));
#5159=CARTESIAN_POINT('',(-25.3,-3.,-45.8));
#5160=CARTESIAN_POINT('',(-34.7,-3.,-45.8));
#5161=CARTESIAN_POINT('',(-40.3,-3.,-45.8));
#5162=MECHANICAL_DESIGN_GEOMETRIC_PRESENTATION_REPRESENTATION('',(#24),
#5163);
#5163=(
GEOMETRIC_REPRESENTATION_CONTEXT(3)
GLOBAL_UNCERTAINTY_ASSIGNED_CONTEXT((#5164))
GLOBAL_UNIT_ASSIGNED_CONTEXT((#5170,#5166,#5165))
REPRESENTATION_CONTEXT('A12_Motorshield-Rahmen',
'TOP_LEVEL_ASSEMBLY_PART')
);
#5164=UNCERTAINTY_MEASURE_WITH_UNIT(LENGTH_MEASURE(2.E-5),#5170,
'DISTANCE_ACCURACY_VALUE','Maximum Tolerance applied to model');
#5165=(
NAMED_UNIT(*)
SI_UNIT($,.STERADIAN.)
SOLID_ANGLE_UNIT()
);
#5166=(
CONVERSION_BASED_UNIT('DEGREE',#5168)
NAMED_UNIT(#5167)
PLANE_ANGLE_UNIT()
);
#5167=DIMENSIONAL_EXPONENTS(0.,0.,0.,0.,0.,0.,0.);
#5168=PLANE_ANGLE_MEASURE_WITH_UNIT(PLANE_ANGLE_MEASURE(0.0174532925),#5169);
#5169=(
NAMED_UNIT(*)
PLANE_ANGLE_UNIT()
SI_UNIT($,.RADIAN.)
);
#5170=(
LENGTH_UNIT()
NAMED_UNIT(*)
SI_UNIT(.MILLI.,.METRE.)
);
ENDSEC;
END-ISO-10303-21;
